#
# A fatal error has been detected by the Java Runtime Environment:
#
#  SIGSEGV (0xb) at pc=0x00007ff81d7f3b2c, pid=82069, tid=121359
#
# JRE version: OpenJDK Runtime Environment Temurin-21.0.9+10 (21.0.9+10) (build 21.0.9+10-LTS)
# Java VM: OpenJDK 64-Bit Server VM Temurin-21.0.9+10 (21.0.9+10-LTS, mixed mode, sharing, tiered, compressed oops, compressed class ptrs, g1 gc, bsd-amd64)
# Problematic frame:
# C  [CoreVideo+0x2b2c]  CVXTime::translateTime(CVTimeStamp const*, CVTimeStamp*) const+0x1a
#
# No core dump will be written. Core dumps have been disabled. To enable core dumping, try "ulimit -c unlimited" before starting Java again
#
# If you would like to submit a bug report, please visit:
#   https://github.com/adoptium/adoptium-support/issues
#

---------------  S U M M A R Y ------------

Command Line: -Dfile.encoding=UTF-8 -Dstdout.encoding=UTF-8 -Dstderr.encoding=UTF-8 --module-path=/Users/courtneysweeney/git/prison-break-game/bin -XX:+ShowCodeDetailsInExceptionMessages -Djdk.module.main=prison_break_simulator prison_break_simulator/main.Main

Host: "Mac14,7" x86_64 (EMULATED) 2400 MHz, 8 cores, 8G, Darwin 24.5.0, macOS 15.5 (24F74)
Time: Sun Apr 12 21:35:52 2026 EDT elapsed time: 483.363209 seconds (0d 0h 8m 3s)

---------------  T H R E A D  ---------------

Current thread is native thread

Stack: [0x000000030e20d000,0x000000030e28d000],  sp=0x000000030e28cca0,  free space=511k
Native frames: (J=compiled Java code, j=interpreted, Vv=VM code, C=native code)
C  [CoreVideo+0x2b2c]  CVXTime::translateTime(CVTimeStamp const*, CVTimeStamp*) const+0x1a
C  [CoreVideo+0x282d]  CVDisplayLink::calculateNextWakeUpTime(CVTimeStamp*, CVTimeStamp*, bool)+0x11f
C  [CoreVideo+0x1e1a]  CVDisplayLink::runIOThread()+0x186
C  [libsystem_pthread.dylib+0x5df1]  _pthread_start+0x63
C  [libsystem_pthread.dylib+0x1857]  thread_start+0xf

siginfo: si_signo: 11 (SIGSEGV), si_code: 1 (SEGV_MAPERR), si_addr: 0x000021ffa1822a68

Registers:
RAX=0x000021ffa18228b0, RBX=0x000000030e28ce30, RCX=0x0000000000000000, RDX=0x000000030e28ce30
RSP=0x000000030e28cca0, RBP=0x000000030e28ccd0, RSI=0x000000030e28cce0, RDI=0x0000600002c028b0
R8 =0x0000000000001f36, R9 =0x000000000000003c, R10=0x0000000000000018, R11=0x0000000000000020
R12=0x000000030e28ce30, R13=0x000000030e28cce0, R14=0x00007fa8ea04ca20, R15=0x0000600002c028b0
RIP=0x00007ff81d7f3b2c, EFLAGS=0x0000000000000246, ERR=0x0000000000000004
  TRAPNO=0x000000000000000e


Top of Stack: (sp=0x000000030e28cca0)
0x000000030e28cca0:   0000000000fe502a 000000030e28ce30
0x000000030e28ccb0:   0000000000000000 000000030e28ce98
0x000000030e28ccc0:   00007fa8ea04ca20 00007fa8ea04cad8
0x000000030e28ccd0:   000000030e28ce20 00007ff81d7f382d
0x000000030e28cce0:   3b9aca0000000000 0002d27d92277092
0x000000030e28ccf0:   0002d27d90f24d21 3ff0000000000000
0x000000030e28cd00:   0000000000fe502a 0000000000000000
0x000000030e28cd10:   0000000000000000 0000000000000000
0x000000030e28cd20:   0000000000000001 0000000000000000
0x000000030e28cd30:   0000000000000001 000000000000003c
0x000000030e28cd40:   00007fa8ea04ca78 00000000ffffffff
0x000000030e28cd50:   000000030e28cde0 00007ff8138d730c
0x000000030e28cd60:   0000000000000000 0000000000000000
0x000000030e28cd70:   0000000000000000 0000010000000000
0x000000030e28cd80:   0000000000000000 0000000000000000
0x000000030e28cd90:   0000000000000000 0000000000000000
0x000000030e28cda0:   0000000000000000 0000000000000000
0x000000030e28cdb0:   0000000000000000 0000000000000002
0x000000030e28cdc0:   0000000000000000 00007fa8ea04ca20
0x000000030e28cdd0:   00007fa8ea04cc18 00007ff8138d2680
0x000000030e28cde0:   00000000ea04ca38 00007fa8ea04cc00
0x000000030e28cdf0:   0002d27d927f270b 00007fa8ea04ca20
0x000000030e28ce00:   00007fa8ea04cb18 000000030e28ce98
0x000000030e28ce10:   0000000000000000 00007fa8ea04cad8
0x000000030e28ce20:   000000030e28cfb0 00007ff81d7f2e1a
0x000000030e28ce30:   0000000000000000 0000000000000000
0x000000030e28ce40:   0000000000000000 0000000000000000
0x000000030e28ce50:   0000000000000000 0000000000000000
0x000000030e28ce60:   0000000000000000 0000000000000000
0x000000030e28ce70:   0000000000000013 0000000000000000
0x000000030e28ce80:   0000000000000000 00007fa8ea04ca38
0x000000030e28ce90:   0000000000000000 0000000000000000 

Instructions: (pc=0x00007ff81d7f3b2c)
0x00007ff81d7f3a2c:   0f 85 46 fd ff ff e9 89 00 00 00 f2 0f 11 4d b8
0x00007ff81d7f3a3c:   e8 2e 88 03 00 f2 0f 10 4d b8 e9 30 ff ff ff f2
0x00007ff81d7f3a4c:   4c 0f 2c d0 4d 8b 8e b8 01 00 00 48 8d 35 ca c4
0x00007ff81d7f3a5c:   03 00 bf 02 00 00 00 4c 89 f2 48 8b 4d d0 31 c0
0x00007ff81d7f3a6c:   41 52 41 ff b6 30 02 00 00 e8 c1 5c 01 00 48 83
0x00007ff81d7f3a7c:   c4 10 49 8b be 38 02 00 00 e8 6a f5 ff ff 49 8b
0x00007ff81d7f3a8c:   be 38 02 00 00 e8 9e f5 ff ff 49 8b 06 4c 89 f7
0x00007ff81d7f3a9c:   48 8b 75 c8 ff 90 88 00 00 00 49 c7 86 30 02 00
0x00007ff81d7f3aac:   00 00 00 00 00 49 8b 06 4c 89 f7 48 89 de ff 90
0x00007ff81d7f3abc:   88 00 00 00 48 81 c4 18 01 00 00 5b 41 5c 41 5d
0x00007ff81d7f3acc:   41 5e 41 5f 5d c3 55 48 89 e5 41 57 41 56 53 50
0x00007ff81d7f3adc:   48 89 fb 4c 8d 77 18 4c 89 f7 e8 49 ae 03 00 4c
0x00007ff81d7f3aec:   8b bb b8 01 00 00 48 8b 9b c0 01 00 00 4c 89 f7
0x00007ff81d7f3afc:   e8 39 ae 03 00 4c 89 f8 48 89 da 48 83 c4 08 5b
0x00007ff81d7f3b0c:   41 5e 41 5f 5d c3 55 48 89 e5 41 57 41 56 41 55
0x00007ff81d7f3b1c:   41 54 53 50 49 89 d4 49 89 f5 49 89 ff 48 8b 07
0x00007ff81d7f3b2c:   4c 8b b0 b8 01 00 00 8b 98 c0 01 00 00 48 8b 4e
0x00007ff81d7f3b3c:   08 4c 8b 46 10 4c 8b 4e 40 48 8d 35 3d d1 04 00
0x00007ff81d7f3b4c:   bf 05 00 00 00 4c 89 fa 31 c0 e8 e0 5b 01 00 49
0x00007ff81d7f3b5c:   8b 4c 24 08 4d 8b 44 24 10 4d 8b 4c 24 40 45 8b
0x00007ff81d7f3b6c:   54 24 04 f2 41 0f 10 44 24 18 48 8d 35 57 d1 04
0x00007ff81d7f3b7c:   00 bf 05 00 00 00 4c 89 fa b0 01 41 ff 74 24 20
0x00007ff81d7f3b8c:   41 52 e8 a8 5b 01 00 48 83 c4 10 48 8d 35 c0 d1
0x00007ff81d7f3b9c:   04 00 bf 05 00 00 00 4c 89 fa 4c 89 f1 41 89 d8
0x00007ff81d7f3bac:   31 c0 e8 88 5b 01 00 49 8b 4f 58 45 8b 47 50 48
0x00007ff81d7f3bbc:   8d 35 eb d1 04 00 bf 05 00 00 00 4c 89 fa 31 c0
0x00007ff81d7f3bcc:   e8 6a 5b 01 00 f2 41 0f 10 4f 10 0f 14 0d 02 e7
0x00007ff81d7f3bdc:   04 00 66 0f 5c 0d 0a e7 04 00 f2 41 0f 10 47 48
0x00007ff81d7f3bec:   66 0f 7c c9 48 8d 35 f9 d1 04 00 bf 05 00 00 00
0x00007ff81d7f3bfc:   4c 89 fa b0 02 e8 35 5b 01 00 4d 8b 4c 24 40 41
0x00007ff81d7f3c0c:   f6 c1 01 0f 84 94 00 00 00 49 8b 45 40 a8 01 75
0x00007ff81d7f3c1c:   08 a8 02 75 0a 31 c0 eb 7f 49 8b 45 08 eb 79 49 



---------------  P R O C E S S  ---------------

VM state: not at safepoint (normal execution)

VM Mutex/Monitor currently owned by a thread: None

Heap address: 0x0000000780000000, size: 2048 MB, Compressed Oops mode: Zero based, Oop shift amount: 3

CDS archive(s) mapped at: [0x0000000128000000-0x0000000128c97000-0x0000000128c97000), size 13201408, SharedBaseAddress: 0x0000000128000000, ArchiveRelocationMode: 1.
Compressed class space mapped at: 0x0000000129000000-0x0000000169000000, reserved size: 1073741824
Narrow klass base: 0x0000000128000000, Narrow klass shift: 0, Narrow klass range: 0x100000000

GC Precious Log:
<Skipped>

Heap:
 garbage-first heap   total 248832K, used 170134K [0x0000000780000000, 0x0000000800000000)
  region size 1024K, 56 young (57344K), 4 survivors (4096K)
 Metaspace       used 11554K, committed 11712K, reserved 1114112K
  class space    used 1281K, committed 1344K, reserved 1048576K

Heap Regions: E=young(eden), S=young(survivor), O=old, HS=humongous(starts), HC=humongous(continues), CS=collection set, F=free, TAMS=top-at-mark-start, PB=parsable bottom
|   0|0x0000000780000000, 0x0000000780100000, 0x0000000780100000|100%|HS|  |TAMS 0x0000000780000000| PB 0x0000000780000000| Complete 
|   1|0x0000000780100000, 0x0000000780200000, 0x0000000780200000|100%|HC|  |TAMS 0x0000000780100000| PB 0x0000000780100000| Complete 
|   2|0x0000000780200000, 0x0000000780300000, 0x0000000780300000|100%|HS|  |TAMS 0x0000000780200000| PB 0x0000000780200000| Complete 
|   3|0x0000000780300000, 0x0000000780400000, 0x0000000780400000|100%|HC|  |TAMS 0x0000000780300000| PB 0x0000000780300000| Complete 
|   4|0x0000000780400000, 0x0000000780500000, 0x0000000780500000|100%|HS|  |TAMS 0x0000000780400000| PB 0x0000000780400000| Complete 
|   5|0x0000000780500000, 0x0000000780600000, 0x0000000780600000|100%|HC|  |TAMS 0x0000000780500000| PB 0x0000000780500000| Complete 
|   6|0x0000000780600000, 0x0000000780700000, 0x0000000780700000|100%|HS|  |TAMS 0x0000000780600000| PB 0x0000000780600000| Complete 
|   7|0x0000000780700000, 0x0000000780800000, 0x0000000780800000|100%|HC|  |TAMS 0x0000000780700000| PB 0x0000000780700000| Complete 
|   8|0x0000000780800000, 0x0000000780900000, 0x0000000780900000|100%|HS|  |TAMS 0x0000000780800000| PB 0x0000000780800000| Complete 
|   9|0x0000000780900000, 0x0000000780a00000, 0x0000000780a00000|100%|HC|  |TAMS 0x0000000780900000| PB 0x0000000780900000| Complete 
|  10|0x0000000780a00000, 0x0000000780b00000, 0x0000000780b00000|100%|HS|  |TAMS 0x0000000780a00000| PB 0x0000000780a00000| Complete 
|  11|0x0000000780b00000, 0x0000000780c00000, 0x0000000780c00000|100%|HC|  |TAMS 0x0000000780b00000| PB 0x0000000780b00000| Complete 
|  12|0x0000000780c00000, 0x0000000780d00000, 0x0000000780d00000|100%|HS|  |TAMS 0x0000000780c00000| PB 0x0000000780c00000| Complete 
|  13|0x0000000780d00000, 0x0000000780e00000, 0x0000000780e00000|100%|HC|  |TAMS 0x0000000780d00000| PB 0x0000000780d00000| Complete 
|  14|0x0000000780e00000, 0x0000000780f00000, 0x0000000780f00000|100%|HS|  |TAMS 0x0000000780e00000| PB 0x0000000780e00000| Complete 
|  15|0x0000000780f00000, 0x0000000781000000, 0x0000000781000000|100%|HC|  |TAMS 0x0000000780f00000| PB 0x0000000780f00000| Complete 
|  16|0x0000000781000000, 0x0000000781100000, 0x0000000781100000|100%|HS|  |TAMS 0x0000000781000000| PB 0x0000000781000000| Complete 
|  17|0x0000000781100000, 0x0000000781200000, 0x0000000781200000|100%|HC|  |TAMS 0x0000000781100000| PB 0x0000000781100000| Complete 
|  18|0x0000000781200000, 0x0000000781300000, 0x0000000781300000|100%|HS|  |TAMS 0x0000000781200000| PB 0x0000000781200000| Complete 
|  19|0x0000000781300000, 0x0000000781400000, 0x0000000781400000|100%|HC|  |TAMS 0x0000000781300000| PB 0x0000000781300000| Complete 
|  20|0x0000000781400000, 0x0000000781500000, 0x0000000781500000|100%|HS|  |TAMS 0x0000000781400000| PB 0x0000000781400000| Complete 
|  21|0x0000000781500000, 0x0000000781600000, 0x0000000781600000|100%|HC|  |TAMS 0x0000000781500000| PB 0x0000000781500000| Complete 
|  22|0x0000000781600000, 0x0000000781700000, 0x0000000781700000|100%|HS|  |TAMS 0x0000000781600000| PB 0x0000000781600000| Complete 
|  23|0x0000000781700000, 0x0000000781800000, 0x0000000781800000|100%|HC|  |TAMS 0x0000000781700000| PB 0x0000000781700000| Complete 
|  24|0x0000000781800000, 0x0000000781900000, 0x0000000781900000|100%|HS|  |TAMS 0x0000000781800000| PB 0x0000000781800000| Complete 
|  25|0x0000000781900000, 0x0000000781a00000, 0x0000000781a00000|100%|HC|  |TAMS 0x0000000781900000| PB 0x0000000781900000| Complete 
|  26|0x0000000781a00000, 0x0000000781b00000, 0x0000000781b00000|100%|HS|  |TAMS 0x0000000781a00000| PB 0x0000000781a00000| Complete 
|  27|0x0000000781b00000, 0x0000000781c00000, 0x0000000781c00000|100%|HC|  |TAMS 0x0000000781b00000| PB 0x0000000781b00000| Complete 
|  28|0x0000000781c00000, 0x0000000781d00000, 0x0000000781d00000|100%|HS|  |TAMS 0x0000000781c00000| PB 0x0000000781c00000| Complete 
|  29|0x0000000781d00000, 0x0000000781e00000, 0x0000000781e00000|100%|HC|  |TAMS 0x0000000781d00000| PB 0x0000000781d00000| Complete 
|  30|0x0000000781e00000, 0x0000000781f00000, 0x0000000781f00000|100%|HS|  |TAMS 0x0000000781e00000| PB 0x0000000781e00000| Complete 
|  31|0x0000000781f00000, 0x0000000782000000, 0x0000000782000000|100%|HC|  |TAMS 0x0000000781f00000| PB 0x0000000781f00000| Complete 
|  32|0x0000000782000000, 0x0000000782100000, 0x0000000782100000|100%|HS|  |TAMS 0x0000000782000000| PB 0x0000000782000000| Complete 
|  33|0x0000000782100000, 0x0000000782200000, 0x0000000782200000|100%|HC|  |TAMS 0x0000000782100000| PB 0x0000000782100000| Complete 
|  34|0x0000000782200000, 0x0000000782200000, 0x0000000782300000|  0%| F|  |TAMS 0x0000000782200000| PB 0x0000000782200000| Untracked 
|  35|0x0000000782300000, 0x0000000782300000, 0x0000000782400000|  0%| F|  |TAMS 0x0000000782300000| PB 0x0000000782300000| Untracked 
|  36|0x0000000782400000, 0x0000000782500000, 0x0000000782500000|100%|HS|  |TAMS 0x0000000782400000| PB 0x0000000782400000| Complete 
|  37|0x0000000782500000, 0x0000000782600000, 0x0000000782600000|100%|HC|  |TAMS 0x0000000782500000| PB 0x0000000782500000| Complete 
|  38|0x0000000782600000, 0x0000000782700000, 0x0000000782700000|100%|HS|  |TAMS 0x0000000782600000| PB 0x0000000782600000| Complete 
|  39|0x0000000782700000, 0x0000000782800000, 0x0000000782800000|100%|HC|  |TAMS 0x0000000782700000| PB 0x0000000782700000| Complete 
|  40|0x0000000782800000, 0x0000000782900000, 0x0000000782900000|100%|HS|  |TAMS 0x0000000782800000| PB 0x0000000782800000| Complete 
|  41|0x0000000782900000, 0x0000000782a00000, 0x0000000782a00000|100%|HC|  |TAMS 0x0000000782900000| PB 0x0000000782900000| Complete 
|  42|0x0000000782a00000, 0x0000000782b00000, 0x0000000782b00000|100%|HS|  |TAMS 0x0000000782a00000| PB 0x0000000782a00000| Complete 
|  43|0x0000000782b00000, 0x0000000782c00000, 0x0000000782c00000|100%|HC|  |TAMS 0x0000000782b00000| PB 0x0000000782b00000| Complete 
|  44|0x0000000782c00000, 0x0000000782d00000, 0x0000000782d00000|100%|HS|  |TAMS 0x0000000782c00000| PB 0x0000000782c00000| Complete 
|  45|0x0000000782d00000, 0x0000000782e00000, 0x0000000782e00000|100%|HC|  |TAMS 0x0000000782d00000| PB 0x0000000782d00000| Complete 
|  46|0x0000000782e00000, 0x0000000782f00000, 0x0000000782f00000|100%|HS|  |TAMS 0x0000000782e00000| PB 0x0000000782e00000| Complete 
|  47|0x0000000782f00000, 0x0000000783000000, 0x0000000783000000|100%|HC|  |TAMS 0x0000000782f00000| PB 0x0000000782f00000| Complete 
|  48|0x0000000783000000, 0x0000000783100000, 0x0000000783100000|100%|HS|  |TAMS 0x0000000783000000| PB 0x0000000783000000| Complete 
|  49|0x0000000783100000, 0x0000000783200000, 0x0000000783200000|100%|HC|  |TAMS 0x0000000783100000| PB 0x0000000783100000| Complete 
|  50|0x0000000783200000, 0x0000000783200000, 0x0000000783300000|  0%| F|  |TAMS 0x0000000783200000| PB 0x0000000783200000| Untracked 
|  51|0x0000000783300000, 0x0000000783300000, 0x0000000783400000|  0%| F|  |TAMS 0x0000000783300000| PB 0x0000000783300000| Untracked 
|  52|0x0000000783400000, 0x0000000783500000, 0x0000000783500000|100%|HS|  |TAMS 0x0000000783400000| PB 0x0000000783400000| Complete 
|  53|0x0000000783500000, 0x0000000783600000, 0x0000000783600000|100%|HC|  |TAMS 0x0000000783500000| PB 0x0000000783500000| Complete 
|  54|0x0000000783600000, 0x0000000783700000, 0x0000000783700000|100%|HS|  |TAMS 0x0000000783600000| PB 0x0000000783600000| Complete 
|  55|0x0000000783700000, 0x0000000783800000, 0x0000000783800000|100%|HC|  |TAMS 0x0000000783700000| PB 0x0000000783700000| Complete 
|  56|0x0000000783800000, 0x0000000783900000, 0x0000000783900000|100%|HS|  |TAMS 0x0000000783800000| PB 0x0000000783800000| Complete 
|  57|0x0000000783900000, 0x0000000783a00000, 0x0000000783a00000|100%|HC|  |TAMS 0x0000000783900000| PB 0x0000000783900000| Complete 
|  58|0x0000000783a00000, 0x0000000783a00000, 0x0000000783b00000|  0%| F|  |TAMS 0x0000000783a00000| PB 0x0000000783a00000| Untracked 
|  59|0x0000000783b00000, 0x0000000783b00000, 0x0000000783c00000|  0%| F|  |TAMS 0x0000000783b00000| PB 0x0000000783b00000| Untracked 
|  60|0x0000000783c00000, 0x0000000783d00000, 0x0000000783d00000|100%|HS|  |TAMS 0x0000000783c00000| PB 0x0000000783c00000| Complete 
|  61|0x0000000783d00000, 0x0000000783e00000, 0x0000000783e00000|100%|HC|  |TAMS 0x0000000783d00000| PB 0x0000000783d00000| Complete 
|  62|0x0000000783e00000, 0x0000000783f00000, 0x0000000783f00000|100%|HS|  |TAMS 0x0000000783e00000| PB 0x0000000783e00000| Complete 
|  63|0x0000000783f00000, 0x0000000784000000, 0x0000000784000000|100%|HC|  |TAMS 0x0000000783f00000| PB 0x0000000783f00000| Complete 
|  64|0x0000000784000000, 0x0000000784100000, 0x0000000784100000|100%|HS|  |TAMS 0x0000000784000000| PB 0x0000000784000000| Complete 
|  65|0x0000000784100000, 0x0000000784200000, 0x0000000784200000|100%|HC|  |TAMS 0x0000000784100000| PB 0x0000000784100000| Complete 
|  66|0x0000000784200000, 0x0000000784200000, 0x0000000784300000|  0%| F|  |TAMS 0x0000000784200000| PB 0x0000000784200000| Untracked 
|  67|0x0000000784300000, 0x0000000784300000, 0x0000000784400000|  0%| F|  |TAMS 0x0000000784300000| PB 0x0000000784300000| Untracked 
|  68|0x0000000784400000, 0x0000000784400000, 0x0000000784500000|  0%| F|  |TAMS 0x0000000784400000| PB 0x0000000784400000| Untracked 
|  69|0x0000000784500000, 0x0000000784600000, 0x0000000784600000|100%|HS|  |TAMS 0x0000000784500000| PB 0x0000000784500000| Complete 
|  70|0x0000000784600000, 0x0000000784700000, 0x0000000784700000|100%|HC|  |TAMS 0x0000000784600000| PB 0x0000000784600000| Complete 
|  71|0x0000000784700000, 0x0000000784800000, 0x0000000784800000|100%|HS|  |TAMS 0x0000000784700000| PB 0x0000000784700000| Complete 
|  72|0x0000000784800000, 0x0000000784900000, 0x0000000784900000|100%|HC|  |TAMS 0x0000000784800000| PB 0x0000000784800000| Complete 
|  73|0x0000000784900000, 0x0000000784a00000, 0x0000000784a00000|100%|HC|  |TAMS 0x0000000784900000| PB 0x0000000784900000| Complete 
|  74|0x0000000784a00000, 0x0000000784b00000, 0x0000000784b00000|100%|HC|  |TAMS 0x0000000784a00000| PB 0x0000000784a00000| Complete 
|  75|0x0000000784b00000, 0x0000000784c00000, 0x0000000784c00000|100%|HC|  |TAMS 0x0000000784b00000| PB 0x0000000784b00000| Complete 
|  76|0x0000000784c00000, 0x0000000784d00000, 0x0000000784d00000|100%|HC|  |TAMS 0x0000000784c00000| PB 0x0000000784c00000| Complete 
|  77|0x0000000784d00000, 0x0000000784e00000, 0x0000000784e00000|100%|HC|  |TAMS 0x0000000784d00000| PB 0x0000000784d00000| Complete 
|  78|0x0000000784e00000, 0x0000000784f00000, 0x0000000784f00000|100%|HC|  |TAMS 0x0000000784e00000| PB 0x0000000784e00000| Complete 
|  79|0x0000000784f00000, 0x0000000785000000, 0x0000000785000000|100%|HC|  |TAMS 0x0000000784f00000| PB 0x0000000784f00000| Complete 
|  80|0x0000000785000000, 0x0000000785100000, 0x0000000785100000|100%|HC|  |TAMS 0x0000000785000000| PB 0x0000000785000000| Complete 
|  81|0x0000000785100000, 0x0000000785200000, 0x0000000785200000|100%|HC|  |TAMS 0x0000000785100000| PB 0x0000000785100000| Complete 
|  82|0x0000000785200000, 0x0000000785300000, 0x0000000785300000|100%|HC|  |TAMS 0x0000000785200000| PB 0x0000000785200000| Complete 
|  83|0x0000000785300000, 0x0000000785400000, 0x0000000785400000|100%|HC|  |TAMS 0x0000000785300000| PB 0x0000000785300000| Complete 
|  84|0x0000000785400000, 0x0000000785500000, 0x0000000785500000|100%|HC|  |TAMS 0x0000000785400000| PB 0x0000000785400000| Complete 
|  85|0x0000000785500000, 0x0000000785600000, 0x0000000785600000|100%|HC|  |TAMS 0x0000000785500000| PB 0x0000000785500000| Complete 
|  86|0x0000000785600000, 0x0000000785700000, 0x0000000785700000|100%|HC|  |TAMS 0x0000000785600000| PB 0x0000000785600000| Complete 
|  87|0x0000000785700000, 0x0000000785800000, 0x0000000785800000|100%|HS|  |TAMS 0x0000000785700000| PB 0x0000000785700000| Complete 
|  88|0x0000000785800000, 0x0000000785900000, 0x0000000785900000|100%|HC|  |TAMS 0x0000000785800000| PB 0x0000000785800000| Complete 
|  89|0x0000000785900000, 0x0000000785a00000, 0x0000000785a00000|100%|HC|  |TAMS 0x0000000785900000| PB 0x0000000785900000| Complete 
|  90|0x0000000785a00000, 0x0000000785b00000, 0x0000000785b00000|100%|HC|  |TAMS 0x0000000785a00000| PB 0x0000000785a00000| Complete 
|  91|0x0000000785b00000, 0x0000000785c00000, 0x0000000785c00000|100%|HC|  |TAMS 0x0000000785b00000| PB 0x0000000785b00000| Complete 
|  92|0x0000000785c00000, 0x0000000785d00000, 0x0000000785d00000|100%|HC|  |TAMS 0x0000000785c00000| PB 0x0000000785c00000| Complete 
|  93|0x0000000785d00000, 0x0000000785e00000, 0x0000000785e00000|100%|HC|  |TAMS 0x0000000785d00000| PB 0x0000000785d00000| Complete 
|  94|0x0000000785e00000, 0x0000000785f00000, 0x0000000785f00000|100%|HC|  |TAMS 0x0000000785e00000| PB 0x0000000785e00000| Complete 
|  95|0x0000000785f00000, 0x0000000786000000, 0x0000000786000000|100%|HC|  |TAMS 0x0000000785f00000| PB 0x0000000785f00000| Complete 
|  96|0x0000000786000000, 0x0000000786100000, 0x0000000786100000|100%|HC|  |TAMS 0x0000000786000000| PB 0x0000000786000000| Complete 
|  97|0x0000000786100000, 0x0000000786200000, 0x0000000786200000|100%|HC|  |TAMS 0x0000000786100000| PB 0x0000000786100000| Complete 
|  98|0x0000000786200000, 0x0000000786300000, 0x0000000786300000|100%|HC|  |TAMS 0x0000000786200000| PB 0x0000000786200000| Complete 
|  99|0x0000000786300000, 0x0000000786400000, 0x0000000786400000|100%|HC|  |TAMS 0x0000000786300000| PB 0x0000000786300000| Complete 
| 100|0x0000000786400000, 0x0000000786500000, 0x0000000786500000|100%|HC|  |TAMS 0x0000000786400000| PB 0x0000000786400000| Complete 
| 101|0x0000000786500000, 0x0000000786600000, 0x0000000786600000|100%|HC|  |TAMS 0x0000000786500000| PB 0x0000000786500000| Complete 
| 102|0x0000000786600000, 0x0000000786700000, 0x0000000786700000|100%|HC|  |TAMS 0x0000000786600000| PB 0x0000000786600000| Complete 
| 103|0x0000000786700000, 0x0000000786800000, 0x0000000786800000|100%|HS|  |TAMS 0x0000000786700000| PB 0x0000000786700000| Complete 
| 104|0x0000000786800000, 0x0000000786900000, 0x0000000786900000|100%|HC|  |TAMS 0x0000000786800000| PB 0x0000000786800000| Complete 
| 105|0x0000000786900000, 0x0000000786a00000, 0x0000000786a00000|100%|HC|  |TAMS 0x0000000786900000| PB 0x0000000786900000| Complete 
| 106|0x0000000786a00000, 0x0000000786b00000, 0x0000000786b00000|100%|HC|  |TAMS 0x0000000786a00000| PB 0x0000000786a00000| Complete 
| 107|0x0000000786b00000, 0x0000000786c00000, 0x0000000786c00000|100%|HC|  |TAMS 0x0000000786b00000| PB 0x0000000786b00000| Complete 
| 108|0x0000000786c00000, 0x0000000786d00000, 0x0000000786d00000|100%|HC|  |TAMS 0x0000000786c00000| PB 0x0000000786c00000| Complete 
| 109|0x0000000786d00000, 0x0000000786e00000, 0x0000000786e00000|100%|HC|  |TAMS 0x0000000786d00000| PB 0x0000000786d00000| Complete 
| 110|0x0000000786e00000, 0x0000000786f00000, 0x0000000786f00000|100%|HC|  |TAMS 0x0000000786e00000| PB 0x0000000786e00000| Complete 
| 111|0x0000000786f00000, 0x0000000787000000, 0x0000000787000000|100%|HC|  |TAMS 0x0000000786f00000| PB 0x0000000786f00000| Complete 
| 112|0x0000000787000000, 0x0000000787100000, 0x0000000787100000|100%|HC|  |TAMS 0x0000000787000000| PB 0x0000000787000000| Complete 
| 113|0x0000000787100000, 0x0000000787200000, 0x0000000787200000|100%|HC|  |TAMS 0x0000000787100000| PB 0x0000000787100000| Complete 
| 114|0x0000000787200000, 0x0000000787300000, 0x0000000787300000|100%|HC|  |TAMS 0x0000000787200000| PB 0x0000000787200000| Complete 
| 115|0x0000000787300000, 0x0000000787400000, 0x0000000787400000|100%|HC|  |TAMS 0x0000000787300000| PB 0x0000000787300000| Complete 
| 116|0x0000000787400000, 0x0000000787500000, 0x0000000787500000|100%|HC|  |TAMS 0x0000000787400000| PB 0x0000000787400000| Complete 
| 117|0x0000000787500000, 0x0000000787600000, 0x0000000787600000|100%|HC|  |TAMS 0x0000000787500000| PB 0x0000000787500000| Complete 
| 118|0x0000000787600000, 0x0000000787700000, 0x0000000787700000|100%|HC|  |TAMS 0x0000000787600000| PB 0x0000000787600000| Complete 
| 119|0x0000000787700000, 0x0000000787700000, 0x0000000787800000|  0%| F|  |TAMS 0x0000000787700000| PB 0x0000000787700000| Untracked 
| 120|0x0000000787800000, 0x0000000787800000, 0x0000000787900000|  0%| F|  |TAMS 0x0000000787800000| PB 0x0000000787800000| Untracked 
| 121|0x0000000787900000, 0x0000000787900000, 0x0000000787a00000|  0%| F|  |TAMS 0x0000000787900000| PB 0x0000000787900000| Untracked 
| 122|0x0000000787a00000, 0x0000000787a00000, 0x0000000787b00000|  0%| F|  |TAMS 0x0000000787a00000| PB 0x0000000787a00000| Untracked 
| 123|0x0000000787b00000, 0x0000000787b00000, 0x0000000787c00000|  0%| F|  |TAMS 0x0000000787b00000| PB 0x0000000787b00000| Untracked 
| 124|0x0000000787c00000, 0x0000000787c00000, 0x0000000787d00000|  0%| F|  |TAMS 0x0000000787c00000| PB 0x0000000787c00000| Untracked 
| 125|0x0000000787d00000, 0x0000000787d00000, 0x0000000787e00000|  0%| F|  |TAMS 0x0000000787d00000| PB 0x0000000787d00000| Untracked 
| 126|0x0000000787e00000, 0x0000000787e00000, 0x0000000787f00000|  0%| F|  |TAMS 0x0000000787e00000| PB 0x0000000787e00000| Untracked 
| 127|0x0000000787f00000, 0x0000000787f00000, 0x0000000788000000|  0%| F|  |TAMS 0x0000000787f00000| PB 0x0000000787f00000| Untracked 
| 128|0x0000000788000000, 0x0000000788000000, 0x0000000788100000|  0%| F|  |TAMS 0x0000000788000000| PB 0x0000000788000000| Untracked 
| 129|0x0000000788100000, 0x0000000788100000, 0x0000000788200000|  0%| F|  |TAMS 0x0000000788100000| PB 0x0000000788100000| Untracked 
| 130|0x0000000788200000, 0x0000000788200000, 0x0000000788300000|  0%| F|  |TAMS 0x0000000788200000| PB 0x0000000788200000| Untracked 
| 131|0x0000000788300000, 0x0000000788300000, 0x0000000788400000|  0%| F|  |TAMS 0x0000000788300000| PB 0x0000000788300000| Untracked 
| 132|0x0000000788400000, 0x0000000788400000, 0x0000000788500000|  0%| F|  |TAMS 0x0000000788400000| PB 0x0000000788400000| Untracked 
| 133|0x0000000788500000, 0x0000000788500000, 0x0000000788600000|  0%| F|  |TAMS 0x0000000788500000| PB 0x0000000788500000| Untracked 
| 134|0x0000000788600000, 0x0000000788600000, 0x0000000788700000|  0%| F|  |TAMS 0x0000000788600000| PB 0x0000000788600000| Untracked 
| 135|0x0000000788700000, 0x0000000788700000, 0x0000000788800000|  0%| F|  |TAMS 0x0000000788700000| PB 0x0000000788700000| Untracked 
| 136|0x0000000788800000, 0x0000000788800000, 0x0000000788900000|  0%| F|  |TAMS 0x0000000788800000| PB 0x0000000788800000| Untracked 
| 137|0x0000000788900000, 0x0000000788900000, 0x0000000788a00000|  0%| F|  |TAMS 0x0000000788900000| PB 0x0000000788900000| Untracked 
| 138|0x0000000788a00000, 0x0000000788a00000, 0x0000000788b00000|  0%| F|  |TAMS 0x0000000788a00000| PB 0x0000000788a00000| Untracked 
| 139|0x0000000788b00000, 0x0000000788b00000, 0x0000000788c00000|  0%| F|  |TAMS 0x0000000788b00000| PB 0x0000000788b00000| Untracked 
| 140|0x0000000788c00000, 0x0000000788c00000, 0x0000000788d00000|  0%| F|  |TAMS 0x0000000788c00000| PB 0x0000000788c00000| Untracked 
| 141|0x0000000788d00000, 0x0000000788d00000, 0x0000000788e00000|  0%| F|  |TAMS 0x0000000788d00000| PB 0x0000000788d00000| Untracked 
| 142|0x0000000788e00000, 0x0000000788e00000, 0x0000000788f00000|  0%| F|  |TAMS 0x0000000788e00000| PB 0x0000000788e00000| Untracked 
| 143|0x0000000788f00000, 0x0000000788f00000, 0x0000000789000000|  0%| F|  |TAMS 0x0000000788f00000| PB 0x0000000788f00000| Untracked 
| 144|0x0000000789000000, 0x0000000789000000, 0x0000000789100000|  0%| F|  |TAMS 0x0000000789000000| PB 0x0000000789000000| Untracked 
| 145|0x0000000789100000, 0x0000000789100000, 0x0000000789200000|  0%| F|  |TAMS 0x0000000789100000| PB 0x0000000789100000| Untracked 
| 146|0x0000000789200000, 0x0000000789200000, 0x0000000789300000|  0%| F|  |TAMS 0x0000000789200000| PB 0x0000000789200000| Untracked 
| 147|0x0000000789300000, 0x0000000789300000, 0x0000000789400000|  0%| F|  |TAMS 0x0000000789300000| PB 0x0000000789300000| Untracked 
| 148|0x0000000789400000, 0x0000000789400000, 0x0000000789500000|  0%| F|  |TAMS 0x0000000789400000| PB 0x0000000789400000| Untracked 
| 149|0x0000000789500000, 0x0000000789500000, 0x0000000789600000|  0%| F|  |TAMS 0x0000000789500000| PB 0x0000000789500000| Untracked 
| 150|0x0000000789600000, 0x0000000789600000, 0x0000000789700000|  0%| F|  |TAMS 0x0000000789600000| PB 0x0000000789600000| Untracked 
| 151|0x0000000789700000, 0x0000000789700000, 0x0000000789800000|  0%| F|  |TAMS 0x0000000789700000| PB 0x0000000789700000| Untracked 
| 152|0x0000000789800000, 0x0000000789800000, 0x0000000789900000|  0%| F|  |TAMS 0x0000000789800000| PB 0x0000000789800000| Untracked 
| 153|0x0000000789900000, 0x0000000789900000, 0x0000000789a00000|  0%| F|  |TAMS 0x0000000789900000| PB 0x0000000789900000| Untracked 
| 154|0x0000000789a00000, 0x0000000789a00000, 0x0000000789b00000|  0%| F|  |TAMS 0x0000000789a00000| PB 0x0000000789a00000| Untracked 
| 155|0x0000000789b00000, 0x0000000789b00000, 0x0000000789c00000|  0%| F|  |TAMS 0x0000000789b00000| PB 0x0000000789b00000| Untracked 
| 156|0x0000000789c00000, 0x0000000789c00000, 0x0000000789d00000|  0%| F|  |TAMS 0x0000000789c00000| PB 0x0000000789c00000| Untracked 
| 157|0x0000000789d00000, 0x0000000789d00000, 0x0000000789e00000|  0%| F|  |TAMS 0x0000000789d00000| PB 0x0000000789d00000| Untracked 
| 158|0x0000000789e00000, 0x0000000789e00000, 0x0000000789f00000|  0%| F|  |TAMS 0x0000000789e00000| PB 0x0000000789e00000| Untracked 
| 159|0x0000000789f00000, 0x0000000789f00000, 0x000000078a000000|  0%| F|  |TAMS 0x0000000789f00000| PB 0x0000000789f00000| Untracked 
| 160|0x000000078a000000, 0x000000078a000000, 0x000000078a100000|  0%| F|  |TAMS 0x000000078a000000| PB 0x000000078a000000| Untracked 
| 161|0x000000078a100000, 0x000000078a100000, 0x000000078a200000|  0%| F|  |TAMS 0x000000078a100000| PB 0x000000078a100000| Untracked 
| 162|0x000000078a200000, 0x000000078a200000, 0x000000078a300000|  0%| F|  |TAMS 0x000000078a200000| PB 0x000000078a200000| Untracked 
| 163|0x000000078a300000, 0x000000078a300000, 0x000000078a400000|  0%| F|  |TAMS 0x000000078a300000| PB 0x000000078a300000| Untracked 
| 164|0x000000078a400000, 0x000000078a400000, 0x000000078a500000|  0%| F|  |TAMS 0x000000078a400000| PB 0x000000078a400000| Untracked 
| 165|0x000000078a500000, 0x000000078a500000, 0x000000078a600000|  0%| F|  |TAMS 0x000000078a500000| PB 0x000000078a500000| Untracked 
| 166|0x000000078a600000, 0x000000078a600000, 0x000000078a700000|  0%| F|  |TAMS 0x000000078a600000| PB 0x000000078a600000| Untracked 
| 167|0x000000078a700000, 0x000000078a700000, 0x000000078a800000|  0%| F|  |TAMS 0x000000078a700000| PB 0x000000078a700000| Untracked 
| 168|0x000000078a800000, 0x000000078a800000, 0x000000078a900000|  0%| F|  |TAMS 0x000000078a800000| PB 0x000000078a800000| Untracked 
| 169|0x000000078a900000, 0x000000078a900000, 0x000000078aa00000|  0%| F|  |TAMS 0x000000078a900000| PB 0x000000078a900000| Untracked 
| 170|0x000000078aa00000, 0x000000078aa00000, 0x000000078ab00000|  0%| F|  |TAMS 0x000000078aa00000| PB 0x000000078aa00000| Untracked 
| 171|0x000000078ab00000, 0x000000078ab00000, 0x000000078ac00000|  0%| F|  |TAMS 0x000000078ab00000| PB 0x000000078ab00000| Untracked 
| 172|0x000000078ac00000, 0x000000078ac00000, 0x000000078ad00000|  0%| F|  |TAMS 0x000000078ac00000| PB 0x000000078ac00000| Untracked 
| 173|0x000000078ad00000, 0x000000078ad00000, 0x000000078ae00000|  0%| F|  |TAMS 0x000000078ad00000| PB 0x000000078ad00000| Untracked 
| 174|0x000000078ae00000, 0x000000078ae00000, 0x000000078af00000|  0%| F|  |TAMS 0x000000078ae00000| PB 0x000000078ae00000| Untracked 
| 175|0x000000078af00000, 0x000000078af00000, 0x000000078b000000|  0%| F|  |TAMS 0x000000078af00000| PB 0x000000078af00000| Untracked 
| 176|0x000000078b000000, 0x000000078b000000, 0x000000078b100000|  0%| F|  |TAMS 0x000000078b000000| PB 0x000000078b000000| Untracked 
| 177|0x000000078b100000, 0x000000078b100000, 0x000000078b200000|  0%| F|  |TAMS 0x000000078b100000| PB 0x000000078b100000| Untracked 
| 178|0x000000078b200000, 0x000000078b200000, 0x000000078b300000|  0%| F|  |TAMS 0x000000078b200000| PB 0x000000078b200000| Untracked 
| 179|0x000000078b300000, 0x000000078b300000, 0x000000078b400000|  0%| F|  |TAMS 0x000000078b300000| PB 0x000000078b300000| Untracked 
| 180|0x000000078b400000, 0x000000078b400000, 0x000000078b500000|  0%| F|  |TAMS 0x000000078b400000| PB 0x000000078b400000| Untracked 
| 181|0x000000078b500000, 0x000000078b500000, 0x000000078b600000|  0%| F|  |TAMS 0x000000078b500000| PB 0x000000078b500000| Untracked 
| 182|0x000000078b600000, 0x000000078b600000, 0x000000078b700000|  0%| F|  |TAMS 0x000000078b600000| PB 0x000000078b600000| Untracked 
| 183|0x000000078b700000, 0x000000078b700000, 0x000000078b800000|  0%| F|  |TAMS 0x000000078b700000| PB 0x000000078b700000| Untracked 
| 184|0x000000078b800000, 0x000000078b800000, 0x000000078b900000|  0%| F|  |TAMS 0x000000078b800000| PB 0x000000078b800000| Untracked 
| 185|0x000000078b900000, 0x000000078b980000, 0x000000078ba00000| 50%| E|  |TAMS 0x000000078b900000| PB 0x000000078b900000| Complete 
| 186|0x000000078ba00000, 0x000000078bb00000, 0x000000078bb00000|100%| E|CS|TAMS 0x000000078ba00000| PB 0x000000078ba00000| Complete 
| 187|0x000000078bb00000, 0x000000078bc00000, 0x000000078bc00000|100%| E|CS|TAMS 0x000000078bb00000| PB 0x000000078bb00000| Complete 
| 188|0x000000078bc00000, 0x000000078bd00000, 0x000000078bd00000|100%| E|CS|TAMS 0x000000078bc00000| PB 0x000000078bc00000| Complete 
| 189|0x000000078bd00000, 0x000000078be00000, 0x000000078be00000|100%| E|CS|TAMS 0x000000078bd00000| PB 0x000000078bd00000| Complete 
| 190|0x000000078be00000, 0x000000078bf00000, 0x000000078bf00000|100%| E|CS|TAMS 0x000000078be00000| PB 0x000000078be00000| Complete 
| 191|0x000000078bf00000, 0x000000078c000000, 0x000000078c000000|100%| E|CS|TAMS 0x000000078bf00000| PB 0x000000078bf00000| Complete 
| 192|0x000000078c000000, 0x000000078c100000, 0x000000078c100000|100%| E|CS|TAMS 0x000000078c000000| PB 0x000000078c000000| Complete 
| 193|0x000000078c100000, 0x000000078c200000, 0x000000078c200000|100%| E|CS|TAMS 0x000000078c100000| PB 0x000000078c100000| Complete 
| 194|0x000000078c200000, 0x000000078c300000, 0x000000078c300000|100%| E|CS|TAMS 0x000000078c200000| PB 0x000000078c200000| Complete 
| 195|0x000000078c300000, 0x000000078c400000, 0x000000078c400000|100%| E|CS|TAMS 0x000000078c300000| PB 0x000000078c300000| Complete 
| 196|0x000000078c400000, 0x000000078c500000, 0x000000078c500000|100%| E|CS|TAMS 0x000000078c400000| PB 0x000000078c400000| Complete 
| 197|0x000000078c500000, 0x000000078c600000, 0x000000078c600000|100%| E|CS|TAMS 0x000000078c500000| PB 0x000000078c500000| Complete 
| 198|0x000000078c600000, 0x000000078c700000, 0x000000078c700000|100%| E|CS|TAMS 0x000000078c600000| PB 0x000000078c600000| Complete 
| 199|0x000000078c700000, 0x000000078c800000, 0x000000078c800000|100%| E|CS|TAMS 0x000000078c700000| PB 0x000000078c700000| Complete 
| 200|0x000000078c800000, 0x000000078c900000, 0x000000078c900000|100%| E|CS|TAMS 0x000000078c800000| PB 0x000000078c800000| Complete 
| 201|0x000000078c900000, 0x000000078ca00000, 0x000000078ca00000|100%| E|CS|TAMS 0x000000078c900000| PB 0x000000078c900000| Complete 
| 202|0x000000078ca00000, 0x000000078cb00000, 0x000000078cb00000|100%| E|CS|TAMS 0x000000078ca00000| PB 0x000000078ca00000| Complete 
| 203|0x000000078cb00000, 0x000000078cc00000, 0x000000078cc00000|100%| E|CS|TAMS 0x000000078cb00000| PB 0x000000078cb00000| Complete 
| 204|0x000000078cc00000, 0x000000078cd00000, 0x000000078cd00000|100%| E|CS|TAMS 0x000000078cc00000| PB 0x000000078cc00000| Complete 
| 205|0x000000078cd00000, 0x000000078ce00000, 0x000000078ce00000|100%| E|CS|TAMS 0x000000078cd00000| PB 0x000000078cd00000| Complete 
| 206|0x000000078ce00000, 0x000000078cf00000, 0x000000078cf00000|100%| E|CS|TAMS 0x000000078ce00000| PB 0x000000078ce00000| Complete 
| 207|0x000000078cf00000, 0x000000078d000000, 0x000000078d000000|100%| E|CS|TAMS 0x000000078cf00000| PB 0x000000078cf00000| Complete 
| 208|0x000000078d000000, 0x000000078d100000, 0x000000078d100000|100%| E|CS|TAMS 0x000000078d000000| PB 0x000000078d000000| Complete 
| 209|0x000000078d100000, 0x000000078d200000, 0x000000078d200000|100%| E|CS|TAMS 0x000000078d100000| PB 0x000000078d100000| Complete 
| 210|0x000000078d200000, 0x000000078d300000, 0x000000078d300000|100%| E|CS|TAMS 0x000000078d200000| PB 0x000000078d200000| Complete 
| 211|0x000000078d300000, 0x000000078d400000, 0x000000078d400000|100%| E|CS|TAMS 0x000000078d300000| PB 0x000000078d300000| Complete 
| 212|0x000000078d400000, 0x000000078d500000, 0x000000078d500000|100%| E|CS|TAMS 0x000000078d400000| PB 0x000000078d400000| Complete 
| 213|0x000000078d500000, 0x000000078d600000, 0x000000078d600000|100%| E|CS|TAMS 0x000000078d500000| PB 0x000000078d500000| Complete 
| 214|0x000000078d600000, 0x000000078d700000, 0x000000078d700000|100%| E|CS|TAMS 0x000000078d600000| PB 0x000000078d600000| Complete 
| 215|0x000000078d700000, 0x000000078d800000, 0x000000078d800000|100%| E|CS|TAMS 0x000000078d700000| PB 0x000000078d700000| Complete 
| 216|0x000000078d800000, 0x000000078d900000, 0x000000078d900000|100%| E|CS|TAMS 0x000000078d800000| PB 0x000000078d800000| Complete 
| 217|0x000000078d900000, 0x000000078da00000, 0x000000078da00000|100%| E|CS|TAMS 0x000000078d900000| PB 0x000000078d900000| Complete 
| 218|0x000000078da00000, 0x000000078db00000, 0x000000078db00000|100%| E|CS|TAMS 0x000000078da00000| PB 0x000000078da00000| Complete 
| 219|0x000000078db00000, 0x000000078dc00000, 0x000000078dc00000|100%| E|CS|TAMS 0x000000078db00000| PB 0x000000078db00000| Complete 
| 220|0x000000078dc00000, 0x000000078dd00000, 0x000000078dd00000|100%| E|CS|TAMS 0x000000078dc00000| PB 0x000000078dc00000| Complete 
| 221|0x000000078dd00000, 0x000000078de00000, 0x000000078de00000|100%| E|CS|TAMS 0x000000078dd00000| PB 0x000000078dd00000| Complete 
| 222|0x000000078de00000, 0x000000078df00000, 0x000000078df00000|100%| E|CS|TAMS 0x000000078de00000| PB 0x000000078de00000| Complete 
| 223|0x000000078df00000, 0x000000078e000000, 0x000000078e000000|100%| E|CS|TAMS 0x000000078df00000| PB 0x000000078df00000| Complete 
| 224|0x000000078e000000, 0x000000078e100000, 0x000000078e100000|100%| E|CS|TAMS 0x000000078e000000| PB 0x000000078e000000| Complete 
| 225|0x000000078e100000, 0x000000078e200000, 0x000000078e200000|100%| E|CS|TAMS 0x000000078e100000| PB 0x000000078e100000| Complete 
| 226|0x000000078e200000, 0x000000078e300000, 0x000000078e300000|100%| E|CS|TAMS 0x000000078e200000| PB 0x000000078e200000| Complete 
| 227|0x000000078e300000, 0x000000078e400000, 0x000000078e400000|100%| E|CS|TAMS 0x000000078e300000| PB 0x000000078e300000| Complete 
| 228|0x000000078e400000, 0x000000078e500000, 0x000000078e500000|100%| E|CS|TAMS 0x000000078e400000| PB 0x000000078e400000| Complete 
| 229|0x000000078e500000, 0x000000078e600000, 0x000000078e600000|100%| E|CS|TAMS 0x000000078e500000| PB 0x000000078e500000| Complete 
| 230|0x000000078e600000, 0x000000078e700000, 0x000000078e700000|100%| E|CS|TAMS 0x000000078e600000| PB 0x000000078e600000| Complete 
| 231|0x000000078e700000, 0x000000078e800000, 0x000000078e800000|100%| E|CS|TAMS 0x000000078e700000| PB 0x000000078e700000| Complete 
| 232|0x000000078e800000, 0x000000078e900000, 0x000000078e900000|100%| E|CS|TAMS 0x000000078e800000| PB 0x000000078e800000| Complete 
| 233|0x000000078e900000, 0x000000078e99fa10, 0x000000078ea00000| 62%| S|CS|TAMS 0x000000078e900000| PB 0x000000078e900000| Complete 
| 234|0x000000078ea00000, 0x000000078eb00000, 0x000000078eb00000|100%| S|CS|TAMS 0x000000078ea00000| PB 0x000000078ea00000| Complete 
| 235|0x000000078eb00000, 0x000000078ec00000, 0x000000078ec00000|100%| S|CS|TAMS 0x000000078eb00000| PB 0x000000078eb00000| Complete 
| 236|0x000000078ec00000, 0x000000078ed00000, 0x000000078ed00000|100%| S|CS|TAMS 0x000000078ec00000| PB 0x000000078ec00000| Complete 
| 237|0x000000078ed00000, 0x000000078ee00000, 0x000000078ee00000|100%| E|CS|TAMS 0x000000078ed00000| PB 0x000000078ed00000| Complete 
| 238|0x000000078ee00000, 0x000000078ef00000, 0x000000078ef00000|100%| E|CS|TAMS 0x000000078ee00000| PB 0x000000078ee00000| Complete 
| 239|0x000000078ef00000, 0x000000078f000000, 0x000000078f000000|100%| E|CS|TAMS 0x000000078ef00000| PB 0x000000078ef00000| Complete 
| 240|0x000000078f000000, 0x000000078f100000, 0x000000078f100000|100%| E|CS|TAMS 0x000000078f000000| PB 0x000000078f000000| Complete 
|2046|0x00000007ffe00000, 0x00000007fff00000, 0x00000007fff00000|100%| O|  |TAMS 0x00000007ffe00000| PB 0x00000007ffe00000| Untracked 
|2047|0x00000007fff00000, 0x00000007fff05fc8, 0x0000000800000000|  2%| O|  |TAMS 0x00000007fff00000| PB 0x00000007fff00000| Untracked 

Card table byte_map: [0x000000010d88a000,0x000000010dc8a000] _byte_map_base: 0x0000000109c8a000

Marking Bits: (CMBitMap*) 0x00007fa8eb80a610
 Bits: [0x0000000123afe000, 0x0000000125afe000)

Polling page: 0x000000010d154000

Metaspace:

Usage:
  Non-class:     10.03 MB used.
      Class:      1.25 MB used.
       Both:     11.28 MB used.

Virtual space:
  Non-class space:       64.00 MB reserved,      10.12 MB ( 16%) committed,  1 nodes.
      Class space:        1.00 GB reserved,       1.31 MB ( <1%) committed,  1 nodes.
             Both:        1.06 GB reserved,      11.44 MB (  1%) committed. 

Chunk freelists:
   Non-Class:  5.00 MB
       Class:  14.70 MB
        Both:  19.70 MB

MaxMetaspaceSize: unlimited
CompressedClassSpaceSize: 1.00 GB
Initial GC threshold: 21.00 MB
Current GC threshold: 21.00 MB
CDS: on
 - commit_granule_bytes: 65536.
 - commit_granule_words: 8192.
 - virtual_space_node_default_size: 8388608.
 - enlarge_chunks_in_place: 1.
 - use_allocation_guard: 0.


Internal statistics:

num_allocs_failed_limit: 0.
num_arena_births: 202.
num_arena_deaths: 0.
num_vsnodes_births: 2.
num_vsnodes_deaths: 0.
num_space_committed: 183.
num_space_uncommitted: 0.
num_chunks_returned_to_freelist: 0.
num_chunks_taken_from_freelist: 254.
num_chunk_merges: 0.
num_chunk_splits: 158.
num_chunks_enlarged: 82.
num_inconsistent_stats: 0.

CodeHeap 'non-profiled nmethods': size=120028Kb used=1636Kb max_used=1636Kb free=118391Kb
 bounds [0x000000011c5c7000, 0x000000011c837000, 0x0000000123afe000]
CodeHeap 'profiled nmethods': size=120028Kb used=4062Kb max_used=4062Kb free=115966Kb
 bounds [0x0000000114afe000, 0x0000000114efe000, 0x000000011c035000]
CodeHeap 'non-nmethods': size=5704Kb used=1629Kb max_used=1669Kb free=4075Kb
 bounds [0x000000011c035000, 0x000000011c2a5000, 0x000000011c5c7000]
CodeCache: size=245760Kb, used=7327Kb, max_used=7367Kb, free=238432Kb
 total_blobs=3114, nmethods=2412, adapters=608, full_count=0
Compilation: enabled, stopped_count=0, restarted_count=0

Compilation events (20 events):
Event: 310.685 Thread 0x00007fa8ca810600 2405   !   4       java.awt.EventQueue::getNextEvent (84 bytes)
Event: 310.698 Thread 0x00007fa8ca810600 nmethod 2405 0x000000011c75b110 code [0x000000011c75b460, 0x000000011c75c650]
Event: 334.557 Thread 0x00007fa8ca810600 2406       4       sun.java2d.pipe.Region::getTranslatedRegion (302 bytes)
Event: 334.561 Thread 0x00007fa8ca810600 nmethod 2406 0x000000011c75d090 code [0x000000011c75d200, 0x000000011c75d2b8]
Event: 342.326 Thread 0x00007fa8ca810600 2407       4       javax.swing.JFrame::getGraphics (9 bytes)
Event: 342.332 Thread 0x00007fa8ca810600 nmethod 2407 0x000000011c75d390 code [0x000000011c75d520, 0x000000011c75d798]
Event: 342.332 Thread 0x00007fa8ca810600 2408       4       sun.lwawt.LWComponentPeer::applyConstrain (39 bytes)
Event: 342.343 Thread 0x00007fa8ca810600 nmethod 2408 0x000000011c75d910 code [0x000000011c75dae0, 0x000000011c75e070]
Event: 430.783 Thread 0x00007fa8ca810600 2409       4       java.util.concurrent.locks.AbstractQueuedSynchronizer$ConditionObject::enableWait (84 bytes)
Event: 430.835 Thread 0x00007fa8ca810600 nmethod 2409 0x000000011c75e510 code [0x000000011c75e720, 0x000000011c75eee0]
Event: 436.445 Thread 0x00007fa8ca810600 2410       4       sun.java2d.pipe.RenderBuffer::position (11 bytes)
Event: 436.447 Thread 0x00007fa8ca810600 nmethod 2410 0x000000011c75f210 code [0x000000011c75f380, 0x000000011c75f410]
Event: 451.805 Thread 0x00007fa8ca818e00 2411       3       java.util.PriorityQueue::peek (7 bytes)
Event: 451.819 Thread 0x00007fa8ca818e00 nmethod 2411 0x0000000114ef5490 code [0x0000000114ef5620, 0x0000000114ef5758]
Event: 451.819 Thread 0x00007fa8ca818e00 2412       1       javax.swing.TimerQueue$DelayedTimer::getTimer (5 bytes)
Event: 451.819 Thread 0x00007fa8ca818e00 nmethod 2412 0x000000011c75f510 code [0x000000011c75f6a0, 0x000000011c75f768]
Event: 465.217 Thread 0x00007fa8ca810600 2413       4       sun.java2d.pipe.RenderQueue::unlock (4 bytes)
Event: 465.236 Thread 0x00007fa8ca810600 nmethod 2413 0x000000011c75f810 code [0x000000011c75f9e0, 0x000000011c75fc78]
Event: 465.821 Thread 0x00007fa8ca818e00 2414       1       javax.swing.event.EventListenerList::getListenerList (5 bytes)
Event: 465.822 Thread 0x00007fa8ca818e00 nmethod 2414 0x000000011c75fe10 code [0x000000011c75ffa0, 0x000000011c760068]

GC Heap History (20 events):
Event: 2.223 GC heap before
{Heap before GC invocations=0 (full 0):
 garbage-first heap   total 133120K, used 36887K [0x0000000780000000, 0x0000000800000000)
  region size 1024K, 23 young (23552K), 0 survivors (0K)
 Metaspace       used 8290K, committed 8512K, reserved 1114112K
  class space    used 967K, committed 1088K, reserved 1048576K
}
Event: 2.248 GC heap after
{Heap after GC invocations=1 (full 0):
 garbage-first heap   total 133120K, used 12839K [0x0000000780000000, 0x0000000800000000)
  region size 1024K, 2 young (2048K), 2 survivors (2048K)
 Metaspace       used 8290K, committed 8512K, reserved 1114112K
  class space    used 967K, committed 1088K, reserved 1048576K
}
Event: 2.525 GC heap before
{Heap before GC invocations=1 (full 0):
 garbage-first heap   total 133120K, used 98855K [0x0000000780000000, 0x0000000800000000)
  region size 1024K, 41 young (41984K), 2 survivors (2048K)
 Metaspace       used 8350K, committed 8576K, reserved 1114112K
  class space    used 967K, committed 1088K, reserved 1048576K
}
Event: 2.530 GC heap after
{Heap after GC invocations=2 (full 0):
 garbage-first heap   total 133120K, used 53907K [0x0000000780000000, 0x0000000800000000)
  region size 1024K, 2 young (2048K), 2 survivors (2048K)
 Metaspace       used 8350K, committed 8576K, reserved 1114112K
  class space    used 967K, committed 1088K, reserved 1048576K
}
Event: 2.595 GC heap before
{Heap before GC invocations=2 (full 0):
 garbage-first heap   total 133120K, used 62099K [0x0000000780000000, 0x0000000800000000)
  region size 1024K, 5 young (5120K), 2 survivors (2048K)
 Metaspace       used 8352K, committed 8640K, reserved 1114112K
  class space    used 967K, committed 1088K, reserved 1048576K
}
Event: 2.599 GC heap after
{Heap after GC invocations=3 (full 0):
 garbage-first heap   total 133120K, used 35419K [0x0000000780000000, 0x0000000800000000)
  region size 1024K, 2 young (2048K), 2 survivors (2048K)
 Metaspace       used 8352K, committed 8640K, reserved 1114112K
  class space    used 967K, committed 1088K, reserved 1048576K
}
Event: 2.712 GC heap before
{Heap before GC invocations=3 (full 0):
 garbage-first heap   total 133120K, used 71259K [0x0000000780000000, 0x0000000800000000)
  region size 1024K, 14 young (14336K), 2 survivors (2048K)
 Metaspace       used 8368K, committed 8640K, reserved 1114112K
  class space    used 967K, committed 1088K, reserved 1048576K
}
Event: 2.716 GC heap after
{Heap after GC invocations=4 (full 0):
 garbage-first heap   total 133120K, used 58009K [0x0000000780000000, 0x0000000800000000)
  region size 1024K, 2 young (2048K), 2 survivors (2048K)
 Metaspace       used 8368K, committed 8640K, reserved 1114112K
  class space    used 967K, committed 1088K, reserved 1048576K
}
Event: 2.786 GC heap before
{Heap before GC invocations=4 (full 0):
 garbage-first heap   total 133120K, used 62105K [0x0000000780000000, 0x0000000800000000)
  region size 1024K, 5 young (5120K), 2 survivors (2048K)
 Metaspace       used 8372K, committed 8640K, reserved 1114112K
  class space    used 967K, committed 1088K, reserved 1048576K
}
Event: 2.789 GC heap after
{Heap after GC invocations=5 (full 0):
 garbage-first heap   total 165888K, used 47884K [0x0000000780000000, 0x0000000800000000)
  region size 1024K, 2 young (2048K), 2 survivors (2048K)
 Metaspace       used 8372K, committed 8640K, reserved 1114112K
  class space    used 967K, committed 1088K, reserved 1048576K
}
Event: 2.896 GC heap before
{Heap before GC invocations=5 (full 0):
 garbage-first heap   total 165888K, used 87820K [0x0000000780000000, 0x0000000800000000)
  region size 1024K, 15 young (15360K), 2 survivors (2048K)
 Metaspace       used 8405K, committed 8640K, reserved 1114112K
  class space    used 973K, committed 1088K, reserved 1048576K
}
Event: 2.905 GC heap after
{Heap after GC invocations=6 (full 0):
 garbage-first heap   total 165888K, used 73399K [0x0000000780000000, 0x0000000800000000)
  region size 1024K, 2 young (2048K), 2 survivors (2048K)
 Metaspace       used 8405K, committed 8640K, reserved 1114112K
  class space    used 973K, committed 1088K, reserved 1048576K
}
Event: 3.005 GC heap before
{Heap before GC invocations=6 (full 0):
 garbage-first heap   total 165888K, used 83639K [0x0000000780000000, 0x0000000800000000)
  region size 1024K, 11 young (11264K), 2 survivors (2048K)
 Metaspace       used 8407K, committed 8640K, reserved 1114112K
  class space    used 973K, committed 1088K, reserved 1048576K
}
Event: 3.009 GC heap after
{Heap after GC invocations=7 (full 0):
 garbage-first heap   total 165888K, used 62160K [0x0000000780000000, 0x0000000800000000)
  region size 1024K, 2 young (2048K), 2 survivors (2048K)
 Metaspace       used 8407K, committed 8640K, reserved 1114112K
  class space    used 973K, committed 1088K, reserved 1048576K
}
Event: 3.128 GC heap before
{Heap before GC invocations=7 (full 0):
 garbage-first heap   total 165888K, used 80592K [0x0000000780000000, 0x0000000800000000)
  region size 1024K, 9 young (9216K), 2 survivors (2048K)
 Metaspace       used 8421K, committed 8640K, reserved 1114112K
  class space    used 973K, committed 1088K, reserved 1048576K
}
Event: 3.133 GC heap after
{Heap after GC invocations=8 (full 0):
 garbage-first heap   total 165888K, used 72309K [0x0000000780000000, 0x0000000800000000)
  region size 1024K, 2 young (2048K), 2 survivors (2048K)
 Metaspace       used 8421K, committed 8640K, reserved 1114112K
  class space    used 973K, committed 1088K, reserved 1048576K
}
Event: 4.593 GC heap before
{Heap before GC invocations=8 (full 0):
 garbage-first heap   total 165888K, used 112245K [0x0000000780000000, 0x0000000800000000)
  region size 1024K, 26 young (26624K), 2 survivors (2048K)
 Metaspace       used 10536K, committed 10816K, reserved 1114112K
  class space    used 1222K, committed 1344K, reserved 1048576K
}
Event: 4.601 GC heap after
{Heap after GC invocations=9 (full 0):
 garbage-first heap   total 248832K, used 82247K [0x0000000780000000, 0x0000000800000000)
  region size 1024K, 4 young (4096K), 4 survivors (4096K)
 Metaspace       used 10536K, committed 10816K, reserved 1114112K
  class space    used 1222K, committed 1344K, reserved 1048576K
}
Event: 6.359 GC heap before
{Heap before GC invocations=9 (full 0):
 garbage-first heap   total 248832K, used 103751K [0x0000000780000000, 0x0000000800000000)
  region size 1024K, 8 young (8192K), 4 survivors (4096K)
 Metaspace       used 11054K, committed 11264K, reserved 1114112K
  class space    used 1265K, committed 1344K, reserved 1048576K
}
Event: 6.366 GC heap after
{Heap after GC invocations=10 (full 0):
 garbage-first heap   total 248832K, used 101014K [0x0000000780000000, 0x0000000800000000)
  region size 1024K, 4 young (4096K), 4 survivors (4096K)
 Metaspace       used 11054K, committed 11264K, reserved 1114112K
  class space    used 1265K, committed 1344K, reserved 1048576K
}

Dll operation events (10 events):
Event: 0.025 Loaded shared library /Users/courtneysweeney/.p2/pool/plugins/org.eclipse.justj.openjdk.hotspot.jre.full.macosx.x86_64_21.0.9.v20251105-0741/jre/lib/libjava.dylib
Event: 0.194 Loaded shared library /Users/courtneysweeney/.p2/pool/plugins/org.eclipse.justj.openjdk.hotspot.jre.full.macosx.x86_64_21.0.9.v20251105-0741/jre/lib/libnio.dylib
Event: 0.270 Loaded shared library /Users/courtneysweeney/.p2/pool/plugins/org.eclipse.justj.openjdk.hotspot.jre.full.macosx.x86_64_21.0.9.v20251105-0741/jre/lib/libzip.dylib
Event: 0.275 Loaded shared library /Users/courtneysweeney/.p2/pool/plugins/org.eclipse.justj.openjdk.hotspot.jre.full.macosx.x86_64_21.0.9.v20251105-0741/jre/lib/libnet.dylib
Event: 0.445 Loaded shared library /Users/courtneysweeney/.p2/pool/plugins/org.eclipse.justj.openjdk.hotspot.jre.full.macosx.x86_64_21.0.9.v20251105-0741/jre/lib/libjimage.dylib
Event: 0.493 Loaded shared library /Users/courtneysweeney/.p2/pool/plugins/org.eclipse.justj.openjdk.hotspot.jre.full.macosx.x86_64_21.0.9.v20251105-0741/jre/lib/libawt.dylib
Event: 0.527 Loaded shared library /Users/courtneysweeney/.p2/pool/plugins/org.eclipse.justj.openjdk.hotspot.jre.full.macosx.x86_64_21.0.9.v20251105-0741/jre/lib/libawt_lwawt.dylib
Event: 0.645 Loaded shared library /Users/courtneysweeney/.p2/pool/plugins/org.eclipse.justj.openjdk.hotspot.jre.full.macosx.x86_64_21.0.9.v20251105-0741/jre/lib/libfontmanager.dylib
Event: 1.630 Loaded shared library /Users/courtneysweeney/.p2/pool/plugins/org.eclipse.justj.openjdk.hotspot.jre.full.macosx.x86_64_21.0.9.v20251105-0741/jre/lib/libosxui.dylib
Event: 1.934 Loaded shared library /Users/courtneysweeney/.p2/pool/plugins/org.eclipse.justj.openjdk.hotspot.jre.full.macosx.x86_64_21.0.9.v20251105-0741/jre/lib/libzip.dylib

Deoptimization events (20 events):
Event: 5.776 Thread 0x00007fa8ca80e400 Uncommon trap: trap_request=0xffffffde fr.pc=0x000000011c5e25bc relative=0x000000000000019c
Event: 5.776 Thread 0x00007fa8ca80e400 Uncommon trap: reason=class_check action=maybe_recompile pc=0x000000011c5e25bc method=java.lang.String.equals(Ljava/lang/Object;)Z @ 8 c2
Event: 5.776 Thread 0x00007fa8ca80e400 DEOPT PACKING pc=0x000000011c5e25bc sp=0x000000030f978ac0
Event: 5.776 Thread 0x00007fa8ca80e400 DEOPT UNPACKING pc=0x000000011c088f93 sp=0x000000030f978a68 mode 2
Event: 5.875 Thread 0x00007fa8ca80e400 Uncommon trap: trap_request=0xffffffde fr.pc=0x000000011c5e25bc relative=0x000000000000019c
Event: 5.875 Thread 0x00007fa8ca80e400 Uncommon trap: reason=class_check action=maybe_recompile pc=0x000000011c5e25bc method=java.lang.String.equals(Ljava/lang/Object;)Z @ 8 c2
Event: 5.875 Thread 0x00007fa8ca80e400 DEOPT PACKING pc=0x000000011c5e25bc sp=0x000000030f9783d0
Event: 5.875 Thread 0x00007fa8ca80e400 DEOPT UNPACKING pc=0x000000011c088f93 sp=0x000000030f978378 mode 2
Event: 6.270 Thread 0x00007fa8ca01a200 DEOPT PACKING pc=0x0000000114d89206 sp=0x000000030edbd7a0
Event: 6.270 Thread 0x00007fa8ca01a200 DEOPT UNPACKING pc=0x000000011c089710 sp=0x000000030edbcc60 mode 0
Event: 26.004 Thread 0x00007fa8ca80e400 Uncommon trap: trap_request=0xffffff45 fr.pc=0x000000011c69e9c4 relative=0x0000000000000ce4
Event: 26.004 Thread 0x00007fa8ca80e400 Uncommon trap: reason=unstable_if action=reinterpret pc=0x000000011c69e9c4 method=java.awt.Container.findComponentAtImpl(IIZ)Ljava/awt/Component; @ 6 c2
Event: 26.004 Thread 0x00007fa8ca80e400 DEOPT PACKING pc=0x000000011c69e9c4 sp=0x000000030f979100
Event: 26.004 Thread 0x00007fa8ca80e400 DEOPT UNPACKING pc=0x000000011c088f93 sp=0x000000030f9790c0 mode 2
Event: 27.803 Thread 0x00007fa8ca80e400 DEOPT PACKING pc=0x0000000114dc34a1 sp=0x000000030f979300
Event: 27.803 Thread 0x00007fa8ca80e400 DEOPT UNPACKING pc=0x000000011c089710 sp=0x000000030f9787b0 mode 0
Event: 258.099 Thread 0x00007fa8ca80e400 Uncommon trap: trap_request=0xffffff6e fr.pc=0x000000011c7424e0 relative=0x0000000000000320
Event: 258.099 Thread 0x00007fa8ca80e400 Uncommon trap: reason=loop_limit_check action=maybe_recompile pc=0x000000011c7424e0 method=java.awt.EventDispatchThread.filterAndCheckEvent(Ljava/awt/AWTEvent;)Z @ 22 c2
Event: 258.102 Thread 0x00007fa8ca80e400 DEOPT PACKING pc=0x000000011c7424e0 sp=0x000000030f979860
Event: 258.103 Thread 0x00007fa8ca80e400 DEOPT UNPACKING pc=0x000000011c088f93 sp=0x000000030f9797f0 mode 2

Classes loaded (20 events):
Event: 7.354 Loading class javax/swing/plaf/basic/BasicSplitPaneUI$Actions
Event: 7.354 Loading class javax/swing/plaf/basic/BasicSplitPaneUI$Actions done
Event: 7.355 Loading class javax/swing/JComponent$ActionStandin
Event: 7.355 Loading class javax/swing/JComponent$ActionStandin done
Event: 8.649 Loading class javax/swing/KeyboardManager
Event: 8.649 Loading class javax/swing/KeyboardManager done
Event: 8.649 Loading class javax/swing/Popup$HeavyWeightWindow
Event: 8.649 Loading class sun/awt/ModalExclude
Event: 8.649 Loading class sun/awt/ModalExclude done
Event: 8.649 Loading class javax/swing/JWindow
Event: 8.649 Loading class javax/swing/JWindow done
Event: 8.650 Loading class javax/swing/Popup$HeavyWeightWindow done
Event: 10.530 Loading class javax/swing/Timer$1
Event: 10.530 Loading class javax/swing/Timer$1 done
Event: 26.006 Loading class java/awt/LightweightDispatcher$2
Event: 26.006 Loading class java/awt/LightweightDispatcher$2 done
Event: 76.478 Loading class java/awt/image/BufferedImageOp
Event: 76.478 Loading class java/awt/image/BufferedImageOp done
Event: 112.544 Loading class java/security/DomainCombiner
Event: 112.545 Loading class java/security/DomainCombiner done

Classes unloaded (0 events):
No events

Classes redefined (0 events):
No events

Internal exceptions (20 events):
Event: 1.694 Thread 0x00007fa8c9808200 Exception <a 'java/lang/NoSuchMethodError'{0x0000000787bf5638}: 'java.lang.Object java.lang.invoke.DirectMethodHandle$Holder.invokeStatic(java.lang.Object, int, java.lang.Object)'> (0x0000000787bf5638) 
thrown [src/hotspot/share/interpreter/linkResolver.cpp, line 773]
Event: 1.701 Thread 0x00007fa8c9808200 Exception <a 'java/lang/ClassNotFoundException'{0x0000000787a227a0}: com/apple/laf/resources/spi/aquaProvider> (0x0000000787a227a0) 
thrown [src/hotspot/share/classfile/systemDictionary.cpp, line 312]
Event: 1.744 Thread 0x00007fa8c9808200 Exception <a 'java/lang/ClassNotFoundException'{0x0000000787a87460}: com/sun/swing/internal/plaf/basic/resources/spi/basicProvider> (0x0000000787a87460) 
thrown [src/hotspot/share/classfile/systemDictionary.cpp, line 312]
Event: 1.766 Thread 0x00007fa8c9808200 Exception <a 'java/lang/NoSuchMethodError'{0x0000000787aa7ba0}: 'int java.lang.invoke.Invokers$Holder.invokeExact_MT(java.lang.Object, java.lang.Object)'> (0x0000000787aa7ba0) 
thrown [src/hotspot/share/interpreter/linkResolver.cpp, line 773]
Event: 2.206 Thread 0x00007fa8c9808200 Implicit null exception at 0x000000011c604bbc to 0x000000011c6066a0
Event: 2.307 Thread 0x00007fa8c9808200 Implicit null exception at 0x000000011c60a18e to 0x000000011c60a64c
Event: 3.263 Thread 0x00007fa8c9808200 Exception <a 'java/io/FileNotFoundException'{0x0000000788d65f80}> (0x0000000788d65f80) 
thrown [src/hotspot/share/prims/jni.cpp, line 520]
Event: 3.475 Thread 0x00007fa8ca01a200 Exception <a 'java/lang/NoSuchMethodError'{0x0000000788b0bca0}: 'java.lang.Object java.lang.invoke.DirectMethodHandle$Holder.newInvokeSpecial(java.lang.Object, java.lang.Object, java.lang.Object, int, int, int, int, int)'> (0x0000000788b0bca0) 
thrown [src/hotspot/share/interpreter/linkResolver.cpp, line 773]
Event: 3.547 Thread 0x00007fa8c9808200 Exception <a 'java/lang/NoSuchMethodError'{0x0000000788a2b020}: 'void java.lang.invoke.Invokers$Holder.invokeExact_MT(java.lang.Object, java.lang.Object, java.lang.Object, java.lang.Object)'> (0x0000000788a2b020) 
thrown [src/hotspot/share/interpreter/linkResolver.cpp, line 773]
Event: 3.565 Thread 0x00007fa8c9808200 Exception <a 'java/lang/NoSuchMethodError'{0x0000000788a36cb0}: 'java.lang.Object java.lang.invoke.DirectMethodHandle$Holder.newInvokeSpecial(java.lang.Object, java.lang.Object, java.lang.Object, int, java.lang.Object)'> (0x0000000788a36cb0) 
thrown [src/hotspot/share/interpreter/linkResolver.cpp, line 773]
Event: 3.566 Thread 0x00007fa8c9808200 Exception <a 'java/lang/NoSuchMethodError'{0x0000000788a3e178}: 'java.lang.Object java.lang.invoke.Invokers$Holder.linkToTargetMethod(java.lang.Object, java.lang.Object, int, java.lang.Object, java.lang.Object)'> (0x0000000788a3e178) 
thrown [src/hotspot/share/interpreter/linkResolver.cpp, line 773]
Event: 3.605 Thread 0x00007fa8c9808200 Exception <a 'java/lang/NoSuchMethodError'{0x0000000788a42280}: 'void java.lang.invoke.DirectMethodHandle$Holder.invokeStatic(java.lang.Object, int, long)'> (0x0000000788a42280) 
thrown [src/hotspot/share/interpreter/linkResolver.cpp, line 773]
Event: 3.619 Thread 0x00007fa8ca80e400 Exception <a 'java/lang/NoSuchMethodError'{0x0000000788b81ad8}: 'void java.lang.invoke.DirectMethodHandle$Holder.invokeStatic(java.lang.Object, long)'> (0x0000000788b81ad8) 
thrown [src/hotspot/share/interpreter/linkResolver.cpp, line 773]
Event: 3.626 Thread 0x00007fa8c9808200 Exception <a 'java/lang/NoSuchMethodError'{0x0000000788a5a5d0}: 'java.lang.Object java.lang.invoke.Invokers$Holder.linkToTargetMethod(int, int, int, int, java.lang.Object)'> (0x0000000788a5a5d0) 
thrown [src/hotspot/share/interpreter/linkResolver.cpp, line 773]
Event: 3.630 Thread 0x00007fa8c9808200 Exception <a 'java/lang/NoSuchMethodError'{0x0000000788a5dd40}: 'void java.lang.invoke.DirectMethodHandle$Holder.invokeStatic(java.lang.Object, java.lang.Object, long)'> (0x0000000788a5dd40) 
thrown [src/hotspot/share/interpreter/linkResolver.cpp, line 773]
Event: 3.644 Thread 0x00007fa8ea81b800 Exception <a 'java/lang/NoSuchMethodError'{0x000000078899e900}: 'void java.lang.invoke.DirectMethodHandle$Holder.invokeSpecial(java.lang.Object, java.lang.Object, long)'> (0x000000078899e900) 
thrown [src/hotspot/share/interpreter/linkResolver.cpp, line 773]
Event: 4.495 Thread 0x00007fa8c9808200 Exception <a 'java/lang/NoSuchMethodError'{0x00000007887107c0}: 'void java.lang.invoke.DirectMethodHandle$Holder.invokeStatic(java.lang.Object, long, long)'> (0x00000007887107c0) 
thrown [src/hotspot/share/interpreter/linkResolver.cpp, line 773]
Event: 4.497 Thread 0x00007fa8c9808200 Exception <a 'java/lang/NoSuchMethodError'{0x0000000788715640}: 'java.lang.Object java.lang.invoke.DirectMethodHandle$Holder.newInvokeSpecial(java.lang.Object, long)'> (0x0000000788715640) 
thrown [src/hotspot/share/interpreter/linkResolver.cpp, line 773]
Event: 4.501 Thread 0x00007fa8c9808200 Exception <a 'java/lang/NoSuchMethodError'{0x000000078871ed70}: 'java.lang.Object java.lang.invoke.DirectMethodHandle$Holder.newInvokeSpecial(java.lang.Object, java.lang.Object, int)'> (0x000000078871ed70) 
thrown [src/hotspot/share/interpreter/linkResolver.cpp, line 773]
Event: 7.302 Thread 0x00007fa8ca80e400 Exception <a 'java/lang/NoSuchMethodError'{0x000000078f028b30}: 'void java.lang.invoke.DirectMethodHandle$Holder.invokeStatic(java.lang.Object, java.lang.Object)'> (0x000000078f028b30) 
thrown [src/hotspot/share/interpreter/linkResolver.cpp, line 773]

ZGC Phase Switch (0 events):
No events

VM Operations (20 events):
Event: 294.753 Executing VM operation: Cleanup
Event: 294.754 Executing VM operation: Cleanup done
Event: 300.613 Executing VM operation: HandshakeAllThreads (HandshakeForDeflation)
Event: 300.614 Executing VM operation: HandshakeAllThreads (HandshakeForDeflation) done
Event: 300.614 Executing VM operation: RendezvousGCThreads
Event: 300.614 Executing VM operation: RendezvousGCThreads done
Event: 308.642 Executing VM operation: Cleanup
Event: 308.643 Executing VM operation: Cleanup done
Event: 360.644 Executing VM operation: HandshakeAllThreads (HandshakeForDeflation)
Event: 360.644 Executing VM operation: HandshakeAllThreads (HandshakeForDeflation) done
Event: 360.644 Executing VM operation: RendezvousGCThreads
Event: 360.644 Executing VM operation: RendezvousGCThreads done
Event: 420.910 Executing VM operation: HandshakeAllThreads (HandshakeForDeflation)
Event: 420.910 Executing VM operation: HandshakeAllThreads (HandshakeForDeflation) done
Event: 420.910 Executing VM operation: RendezvousGCThreads
Event: 420.910 Executing VM operation: RendezvousGCThreads done
Event: 481.095 Executing VM operation: HandshakeAllThreads (HandshakeForDeflation)
Event: 481.095 Executing VM operation: HandshakeAllThreads (HandshakeForDeflation) done
Event: 481.095 Executing VM operation: RendezvousGCThreads
Event: 481.095 Executing VM operation: RendezvousGCThreads done

Memory protections (20 events):
Event: 0.176 Protecting memory [0x000000030e7af000,0x000000030e7b3000] with protection modes 0
Event: 0.176 Protecting memory [0x000000030e8b2000,0x000000030e8b6000] with protection modes 0
Event: 0.177 Protecting memory [0x000000030e9b5000,0x000000030e9b9000] with protection modes 0
Event: 0.266 Protecting memory [0x000000030eab8000,0x000000030eabc000] with protection modes 0
Event: 0.420 Protecting memory [0x000000030ebbb000,0x000000030ebbf000] with protection modes 0
Event: 0.659 Protecting memory [0x000000030d172000,0x000000030d176000] with protection modes 0
Event: 0.783 Protecting memory [0x000000030ecbe000,0x000000030ecc2000] with protection modes 0
Event: 1.562 Protecting memory [0x000000030f062000,0x000000030f066000] with protection modes 0
Event: 1.573 Protecting memory [0x000000030f165000,0x000000030f169000] with protection modes 0
Event: 1.851 Protecting memory [0x000000030f268000,0x000000030f26c000] with protection modes 0
Event: 2.861 Protecting memory [0x000000030ecbe000,0x000000030ecc2000] with protection modes 3
Event: 2.865 Protecting memory [0x000000030f268000,0x000000030f26c000] with protection modes 3
Event: 3.276 Protecting memory [0x000000030ecbe000,0x000000030ecc2000] with protection modes 0
Event: 3.498 Protecting memory [0x000000030f268000,0x000000030f26c000] with protection modes 0
Event: 3.499 Protecting memory [0x000000030f87a000,0x000000030f87e000] with protection modes 0
Event: 3.527 Protecting memory [0x000000030f97d000,0x000000030f981000] with protection modes 0
Event: 4.517 Protecting memory [0x000000030fb03000,0x000000030fb07000] with protection modes 0
Event: 4.519 Protecting memory [0x000000030d9f5000,0x000000030d9f9000] with protection modes 3
Event: 4.520 Protecting memory [0x000000030d9f5000,0x000000030d9f9000] with protection modes 0
Event: 11.277 Protecting memory [0x000000030ecbe000,0x000000030ecc2000] with protection modes 3

Nmethod flushes (0 events):
No events

Events (20 events):
Event: 0.176 Thread 0x00007fa8c9808200 Thread added: 0x00007fa8ca80d000
Event: 0.176 Thread 0x00007fa8c9808200 Thread added: 0x00007fa8ca810600
Event: 0.177 Thread 0x00007fa8c9808200 Thread added: 0x00007fa8ca818e00
Event: 0.266 Thread 0x00007fa8c9808200 Thread added: 0x00007fa8ca839e00
Event: 0.420 Thread 0x00007fa8c9808200 Thread added: 0x00007fa8e9070400
Event: 0.659 Thread 0x00007fa8ea81b800 Thread added: 0x00007fa8ea81b800
Event: 0.783 Thread 0x00007fa8ea81b800 Thread added: 0x00007fa8e907ce00
Event: 1.562 Thread 0x00007fa8c9808200 Thread added: 0x00007fa8e90d0800
Event: 1.573 Thread 0x00007fa8c9808200 Thread added: 0x00007fa8ea87a400
Event: 1.851 Thread 0x00007fa8c9808200 Thread added: 0x00007fa8ea059200
Event: 2.862 Thread 0x00007fa8e907ce00 Thread exited: 0x00007fa8e907ce00
Event: 2.865 Thread 0x00007fa8ea059200 Thread exited: 0x00007fa8ea059200
Event: 3.276 Thread 0x00007fa8c9808200 Thread added: 0x00007fa8ca01a200
Event: 3.498 Thread 0x00007fa8c9808200 Thread added: 0x00007fa8ca887400
Event: 3.499 Thread 0x00007fa8c9808200 Thread added: 0x00007fa8ca80e400
Event: 3.527 Thread 0x00007fa8c9808200 Thread added: 0x00007fa8ca80ec00
Event: 4.517 Thread 0x00007fa8c9808200 Thread added: 0x00007fa8eabc3800
Event: 4.519 Thread 0x00007fa8c9808200 Thread exited: 0x00007fa8c9808200
Event: 4.520 Thread 0x00007fa8eb1c2200 Thread added: 0x00007fa8eb1c2200
Event: 11.279 Thread 0x00007fa8ca01a200 Thread exited: 0x00007fa8ca01a200


Dynamic libraries:
0x000000010d0f8000 	/Users/courtneysweeney/.p2/pool/plugins/org.eclipse.justj.openjdk.hotspot.jre.full.macosx.x86_64_21.0.9.v20251105-0741/jre/lib/libjli.dylib
0x00007ff8312d4000 	/System/Library/Frameworks/Cocoa.framework/Versions/A/Cocoa
0x00007ff81734f000 	/System/Library/Frameworks/AppKit.framework/Versions/C/AppKit
0x00007ff81a8d7000 	/System/Library/Frameworks/CoreData.framework/Versions/A/CoreData
0x00007ff814a0f000 	/System/Library/Frameworks/Foundation.framework/Versions/C/Foundation
0x00007ff82240a000 	/usr/lib/libSystem.B.dylib
0x00007ff8188a2000 	/System/Library/PrivateFrameworks/UIFoundation.framework/Versions/A/UIFoundation
0x00007ffb2621f000 	/System/Library/PrivateFrameworks/CollectionViewCore.framework/Versions/A/CollectionViewCore
0x00007ff829f6d000 	/System/Library/PrivateFrameworks/RemoteViewServices.framework/Versions/A/RemoteViewServices
0x00007ff81fb01000 	/System/Library/PrivateFrameworks/XCTTargetBootstrap.framework/Versions/A/XCTTargetBootstrap
0x00007ff8250cd000 	/System/Library/PrivateFrameworks/InternationalSupport.framework/Versions/A/InternationalSupport
0x00007ff82541c000 	/System/Library/PrivateFrameworks/UserActivity.framework/Versions/A/UserActivity
0x00007ffd1263b000 	/System/Library/PrivateFrameworks/UIIntelligenceSupport.framework/Versions/A/UIIntelligenceSupport
0x00007ffb1cd97000 	/System/Library/Frameworks/SwiftUICore.framework/Versions/A/SwiftUICore
0x00007ffd17229000 	/System/Library/PrivateFrameworks/WritingTools.framework/Versions/A/WritingTools
0x00007ffd1637e000 	/System/Library/PrivateFrameworks/WindowManagement.framework/Versions/A/WindowManagement
0x00007ff81469b000 	/System/Library/Frameworks/SystemConfiguration.framework/Versions/A/SystemConfiguration
0x00007ff824405000 	/usr/lib/libspindump.dylib
0x00007ff818a7e000 	/System/Library/Frameworks/UniformTypeIdentifiers.framework/Versions/A/UniformTypeIdentifiers
0x00007ff8216f7000 	/usr/lib/libbsm.0.dylib
0x00007ff81d6c1000 	/usr/lib/libapp_launch_measurement.dylib
0x00007ff81c337000 	/System/Library/PrivateFrameworks/CoreAnalytics.framework/Versions/A/CoreAnalytics
0x00007ff81d6c4000 	/System/Library/PrivateFrameworks/CoreAutoLayout.framework/Versions/A/CoreAutoLayout
0x00007ff81f14b000 	/System/Library/Frameworks/Metal.framework/Versions/A/Metal
0x00007ff8203b9000 	/usr/lib/liblangid.dylib
0x00007ff81fb06000 	/System/Library/PrivateFrameworks/CoreSVG.framework/Versions/A/CoreSVG
0x00007ff8194af000 	/System/Library/PrivateFrameworks/SkyLight.framework/Versions/A/SkyLight
0x00007ff81997c000 	/System/Library/Frameworks/CoreGraphics.framework/Versions/A/CoreGraphics
0x00007ff82a65c000 	/System/Library/Frameworks/Accelerate.framework/Versions/A/Accelerate
0x00007ff824245000 	/System/Library/PrivateFrameworks/IconServices.framework/Versions/A/IconServices
0x00007ff81f12a000 	/System/Library/Frameworks/IOSurface.framework/Versions/A/IOSurface
0x00007ff81c365000 	/usr/lib/libDiagnosticMessagesClient.dylib
0x00007ff822316000 	/usr/lib/libz.1.dylib
0x00007ff82e81c000 	/System/Library/Frameworks/ApplicationServices.framework/Versions/A/ApplicationServices
0x00007ff81faee000 	/System/Library/PrivateFrameworks/DFRFoundation.framework/Versions/A/DFRFoundation
0x00007ff816bff000 	/usr/lib/libicucore.A.dylib
0x00007ff826485000 	/System/Library/Frameworks/AudioToolbox.framework/Versions/A/AudioToolbox
0x00007ff8253d5000 	/System/Library/PrivateFrameworks/DataDetectorsCore.framework/Versions/A/DataDetectorsCore
0x00007ff920197000 	/System/Library/PrivateFrameworks/TextInput.framework/Versions/A/TextInput
0x00007ff819402000 	/usr/lib/libMobileGestalt.dylib
0x00007ff81f80c000 	/System/Library/Frameworks/Carbon.framework/Versions/A/Frameworks/HIToolbox.framework/Versions/A/HIToolbox
0x00007ff81cfd2000 	/System/Library/Frameworks/QuartzCore.framework/Versions/A/QuartzCore
0x00007ff81681b000 	/System/Library/Frameworks/Security.framework/Versions/A/Security
0x00007ff829fa5000 	/System/Library/Frameworks/Carbon.framework/Versions/A/Frameworks/SpeechRecognition.framework/Versions/A/SpeechRecognition
0x00007ff81d3cd000 	/System/Library/PrivateFrameworks/CoreUI.framework/Versions/A/CoreUI
0x00007ff8160d9000 	/System/Library/Frameworks/CoreAudio.framework/Versions/A/CoreAudio
0x00007ff81c44c000 	/System/Library/Frameworks/DiskArbitration.framework/Versions/A/DiskArbitration
0x00007ff82484c000 	/System/Library/PrivateFrameworks/MultitouchSupport.framework/Versions/A/MultitouchSupport
0x00007ff819401000 	/usr/lib/libenergytrace.dylib
0x00007ff914541000 	/System/Library/PrivateFrameworks/RenderBox.framework/Versions/A/RenderBox
0x00007ff81721e000 	/System/Library/Frameworks/IOKit.framework/Versions/A/IOKit
0x00007ff82a3b0000 	/System/Library/Frameworks/CoreServices.framework/Versions/A/CoreServices
0x00007ff81d658000 	/System/Library/PrivateFrameworks/PerformanceAnalysis.framework/Versions/A/PerformanceAnalysis
0x00007ffb15b96000 	/System/Library/Frameworks/OpenGL.framework/Versions/A/OpenGL
0x00007ff81d70e000 	/usr/lib/libxml2.2.dylib
0x00007ff8215e9000 	/System/Library/PrivateFrameworks/MobileKeyBag.framework/Versions/A/MobileKeyBag
0x00007ff8134e6000 	/usr/lib/libobjc.A.dylib
0x00007ff8137fe000 	/usr/lib/libc++.1.dylib
0x00007ff82a32b000 	/System/Library/Frameworks/Accessibility.framework/Versions/A/Accessibility
0x00007ff81a26f000 	/System/Library/Frameworks/ColorSync.framework/Versions/A/ColorSync
0x00007ff813944000 	/System/Library/Frameworks/CoreFoundation.framework/Versions/A/CoreFoundation
0x00007ff81fed5000 	/System/Library/Frameworks/CoreImage.framework/Versions/A/CoreImage
0x00007ff815ea0000 	/System/Library/Frameworks/CoreText.framework/Versions/A/CoreText
0x00007ffb17f09000 	/System/Library/Frameworks/CoreTransferable.framework/Versions/A/CoreTransferable
0x00007ffb183ad000 	/System/Library/Frameworks/DataDetection.framework/Versions/A/DataDetection
0x00007ffb183b0000 	/System/Library/Frameworks/DeveloperToolsSupport.framework/Versions/A/DeveloperToolsSupport
0x00007ff81fb3e000 	/System/Library/Frameworks/ImageIO.framework/Versions/A/ImageIO
0x00007ffb1d8fd000 	/System/Library/Frameworks/Symbols.framework/Versions/A/Symbols
0x00007ffa2782a000 	/System/Library/PrivateFrameworks/FeatureFlags.framework/Versions/A/FeatureFlags
0x00007ff82240f000 	/System/Library/PrivateFrameworks/SoftLinking.framework/Versions/A/SoftLinking
0x00007ffa13396000 	/usr/lib/swift/libswiftAccelerate.dylib
0x00007ff825ec4000 	/usr/lib/swift/libswiftCore.dylib
0x00007ff91c684000 	/usr/lib/swift/libswiftCoreFoundation.dylib
0x00007ff91c6d1000 	/usr/lib/swift/libswiftCoreImage.dylib
0x00007ff919ca7000 	/usr/lib/swift/libswiftDarwin.dylib
0x00007ffd1e2a8000 	/usr/lib/swift/libswiftDataDetection.dylib
0x00007ff82c187000 	/usr/lib/swift/libswiftDispatch.dylib
0x00007ff91c6d2000 	/usr/lib/swift/libswiftIOKit.dylib
0x00007ff929560000 	/usr/lib/swift/libswiftMetal.dylib
0x00007ffa18884000 	/usr/lib/swift/libswiftOSLog.dylib
0x00007ff82ece3000 	/usr/lib/swift/libswiftObjectiveC.dylib
0x00007ffd1e2d2000 	/usr/lib/swift/libswiftObservation.dylib
0x00007ff92e9ad000 	/usr/lib/swift/libswiftQuartzCore.dylib
0x00007ffa13387000 	/usr/lib/swift/libswiftUniformTypeIdentifiers.dylib
0x00007ff91c694000 	/usr/lib/swift/libswiftXPC.dylib
0x00007ffd1e3d1000 	/usr/lib/swift/libswift_Builtin_float.dylib
0x00007ffd1e3d4000 	/usr/lib/swift/libswift_Concurrency.dylib
0x00007ffd1e51d000 	/usr/lib/swift/libswift_StringProcessing.dylib
0x00007ffd1e5a2000 	/usr/lib/swift/libswift_errno.dylib
0x00007ffd1e5a4000 	/usr/lib/swift/libswift_math.dylib
0x00007ffd1e5a7000 	/usr/lib/swift/libswift_signal.dylib
0x00007ffd1e5a8000 	/usr/lib/swift/libswift_stdio.dylib
0x00007ffd1e5a9000 	/usr/lib/swift/libswift_time.dylib
0x00007ff82ece7000 	/usr/lib/swift/libswiftos.dylib
0x00007ff9200ea000 	/usr/lib/swift/libswiftsimd.dylib
0x00007ffd1e5aa000 	/usr/lib/swift/libswiftsys_time.dylib
0x00007ffd1e5ab000 	/usr/lib/swift/libswiftunistd.dylib
0x00007ff822607000 	/usr/lib/libcompression.dylib
0x00007ff82500f000 	/System/Library/PrivateFrameworks/TextureIO.framework/Versions/A/TextureIO
0x00007ff823e3a000 	/usr/lib/libate.dylib
0x00007ff822404000 	/usr/lib/system/libcache.dylib
0x00007ff8223bd000 	/usr/lib/system/libcommonCrypto.dylib
0x00007ff8223e7000 	/usr/lib/system/libcompiler_rt.dylib
0x00007ff8223db000 	/usr/lib/system/libcopyfile.dylib
0x00007ff81362c000 	/usr/lib/system/libcorecrypto.dylib
0x00007ff81372a000 	/usr/lib/system/libdispatch.dylib
0x00007ff8138dd000 	/usr/lib/system/libdyld.dylib
0x00007ff8223fa000 	/usr/lib/system/libkeymgr.dylib
0x00007ff8223a2000 	/usr/lib/system/libmacho.dylib
0x00007ff8216d2000 	/usr/lib/system/libquarantine.dylib
0x00007ff8223f7000 	/usr/lib/system/libremovefile.dylib
0x00007ff819477000 	/usr/lib/system/libsystem_asl.dylib
0x00007ff8135c6000 	/usr/lib/system/libsystem_blocks.dylib
0x00007ff813775000 	/usr/lib/system/libsystem_c.dylib
0x00007ff8223ef000 	/usr/lib/system/libsystem_collections.dylib
0x00007ff8203a8000 	/usr/lib/system/libsystem_configuration.dylib
0x00007ff81f0fb000 	/usr/lib/system/libsystem_containermanager.dylib
0x00007ff821f5f000 	/usr/lib/system/libsystem_coreservices.dylib
0x00007ff816ea8000 	/usr/lib/system/libsystem_darwin.dylib
0x00007ffd1e704000 	/usr/lib/system/libsystem_darwindirectory.dylib
0x00007ff8223fb000 	/usr/lib/system/libsystem_dnssd.dylib
0x00007ffd1e709000 	/usr/lib/system/libsystem_eligibility.dylib
0x00007ff813772000 	/usr/lib/system/libsystem_featureflags.dylib
0x00007ff813916000 	/usr/lib/system/libsystem_info.dylib
0x00007ff82232a000 	/usr/lib/system/libsystem_m.dylib
0x00007ff8136df000 	/usr/lib/system/libsystem_malloc.dylib
0x00007ff8193e7000 	/usr/lib/system/libsystem_networkextension.dylib
0x00007ff8172e4000 	/usr/lib/system/libsystem_notify.dylib
0x00007ff8203ac000 	/usr/lib/system/libsystem_sandbox.dylib
0x00007ffd1e711000 	/usr/lib/system/libsystem_sanitizers.dylib
0x00007ff8223f4000 	/usr/lib/system/libsystem_secinit.dylib
0x00007ff813894000 	/usr/lib/system/libsystem_kernel.dylib
0x00007ff81390c000 	/usr/lib/system/libsystem_platform.dylib
0x00007ff8138d1000 	/usr/lib/system/libsystem_pthread.dylib
0x00007ff81b21d000 	/usr/lib/system/libsystem_symptoms.dylib
0x00007ff813611000 	/usr/lib/system/libsystem_trace.dylib
0x00007ff8223ca000 	/usr/lib/system/libunwind.dylib
0x00007ff8135ca000 	/usr/lib/system/libxpc.dylib
0x00007ff81387d000 	/usr/lib/libc++abi.dylib
0x00007ffd1d163000 	/usr/lib/libRosetta.dylib
0x00007ff81719c000 	/System/Library/PrivateFrameworks/CoreServicesInternal.framework/Versions/A/CoreServicesInternal
0x00007ff8223d3000 	/usr/lib/liboah.dylib
0x00007ff82240c000 	/usr/lib/libfakelink.dylib
0x00007ff82e2f3000 	/System/Library/PrivateFrameworks/DiskImages.framework/Versions/A/DiskImages
0x00007ff9197df000 	/System/Library/Frameworks/NetFS.framework/Versions/A/NetFS
0x00007ff819040000 	/System/Library/Frameworks/CFNetwork.framework/Versions/A/CFNetwork
0x00007ff81d68b000 	/System/Library/Frameworks/CoreServices.framework/Versions/A/Frameworks/FSEvents.framework/Versions/A/FSEvents
0x00007ff816eb3000 	/System/Library/Frameworks/CoreServices.framework/Versions/A/Frameworks/CarbonCore.framework/Versions/A/CarbonCore
0x00007ff81c3c4000 	/System/Library/Frameworks/CoreServices.framework/Versions/A/Frameworks/Metadata.framework/Versions/A/Metadata
0x00007ff821f66000 	/System/Library/Frameworks/CoreServices.framework/Versions/A/Frameworks/OSServices.framework/Versions/A/OSServices
0x00007ff822539000 	/System/Library/Frameworks/CoreServices.framework/Versions/A/Frameworks/SearchKit.framework/Versions/A/SearchKit
0x00007ff81b19d000 	/System/Library/Frameworks/CoreServices.framework/Versions/A/Frameworks/AE.framework/Versions/A/AE
0x00007ff813df7000 	/System/Library/Frameworks/CoreServices.framework/Versions/A/Frameworks/LaunchServices.framework/Versions/A/LaunchServices
0x00007ff823b71000 	/System/Library/Frameworks/CoreServices.framework/Versions/A/Frameworks/DictionaryServices.framework/Versions/A/DictionaryServices
0x00007ff81d699000 	/System/Library/Frameworks/CoreServices.framework/Versions/A/Frameworks/SharedFileList.framework/Versions/A/SharedFileList
0x00007ff8225bb000 	/usr/lib/libapple_nghttp2.dylib
0x00007ff81ae02000 	/usr/lib/libsqlite3.dylib
0x00007ff826adb000 	/System/Library/Frameworks/GSS.framework/Versions/A/GSS
0x00007ff81b138000 	/System/Library/PrivateFrameworks/RunningBoardServices.framework/Versions/A/RunningBoardServices
0x00007ff81b225000 	/System/Library/Frameworks/Network.framework/Versions/A/Network
0x00007ff8223a6000 	/usr/lib/system/libkxld.dylib
0x00007ffb2228b000 	/System/Library/PrivateFrameworks/AppleKeyStore.framework/Versions/A/AppleKeyStore
0x00007ffd1d030000 	/usr/lib/libCoreEntitlements.dylib
0x00007ffc1c522000 	/System/Library/PrivateFrameworks/MessageSecurity.framework/Versions/A/MessageSecurity
0x00007ff81ade8000 	/System/Library/PrivateFrameworks/ProtocolBuffer.framework/Versions/A/ProtocolBuffer
0x00007ff821f45000 	/System/Library/PrivateFrameworks/AppleFSCompression.framework/Versions/A/AppleFSCompression
0x00007ff8216df000 	/usr/lib/libcoretls.dylib
0x00007ff823bdf000 	/usr/lib/libcoretls_cfhelpers.dylib
0x00007ff822601000 	/usr/lib/libpam.2.dylib
0x00007ff823c59000 	/usr/lib/libxar.1.dylib
0x00007ff82245e000 	/usr/lib/libarchive.2.dylib
0x00007ff82821f000 	/System/Library/Frameworks/Combine.framework/Versions/A/Combine
0x00007ffb26246000 	/System/Library/PrivateFrameworks/CollectionsInternal.framework/Versions/A/CollectionsInternal
0x00007ffc2497a000 	/System/Library/PrivateFrameworks/ReflectionInternal.framework/Versions/A/ReflectionInternal
0x00007ffc25524000 	/System/Library/PrivateFrameworks/RuntimeInternal.framework/Versions/A/RuntimeInternal
0x00007ffd1e365000 	/usr/lib/swift/libswiftSystem.dylib
0x00007ff8203b4000 	/System/Library/PrivateFrameworks/AppleSystemInfo.framework/Versions/A/AppleSystemInfo
0x00007ff91c576000 	/System/Library/PrivateFrameworks/LoggingSupport.framework/Versions/A/LoggingSupport
0x00007ff82b310000 	/System/Library/PrivateFrameworks/PowerLog.framework/Versions/A/PowerLog
0x00007ffb1cc6e000 	/System/Library/Frameworks/SwiftData.framework/Versions/A/SwiftData
0x00007ff81d883000 	/System/Library/PrivateFrameworks/UserManagement.framework/Versions/A/UserManagement
0x00007ff818f66000 	/usr/lib/libboringssl.dylib
0x00007ff81b20d000 	/usr/lib/libdns_services.dylib
0x00007ff91b77f000 	/usr/lib/libquic.dylib
0x00007ff825e4c000 	/usr/lib/libusrtcp.dylib
0x00007ffa20a3c000 	/System/Library/PrivateFrameworks/InternalSwiftProtobuf.framework/Versions/A/InternalSwiftProtobuf
0x00007ffd1e2a9000 	/usr/lib/swift/libswiftDistributed.dylib
0x00007ffd1e35b000 	/usr/lib/swift/libswiftSynchronization.dylib
0x00007ff81903f000 	/usr/lib/libnetwork.dylib
0x00007ff92d6d4000 	/System/Library/PrivateFrameworks/OSAnalytics.framework/Versions/A/OSAnalytics
0x00007ff822599000 	/System/Library/PrivateFrameworks/AppleSauce.framework/Versions/A/AppleSauce
0x00007ff82c91b000 	/System/Library/PrivateFrameworks/CoreSymbolication.framework/Versions/A/CoreSymbolication
0x00007ffa1c3c8000 	/System/Library/PrivateFrameworks/Symbolication.framework/Versions/A/Symbolication
0x00007ff82c8fb000 	/System/Library/PrivateFrameworks/DebugSymbols.framework/Versions/A/DebugSymbols
0x00007ffd1ceef000 	/usr/lib/libAppleArchive.dylib
0x00007ff821f50000 	/usr/lib/libbz2.1.0.dylib
0x00007ff823bbf000 	/usr/lib/liblzma.5.dylib
0x00007ff8213e7000 	/System/Library/PrivateFrameworks/IOMobileFramebuffer.framework/Versions/A/IOMobileFramebuffer
0x00007ff91c604000 	/System/Library/PrivateFrameworks/MallocStackLogging.framework/Versions/A/MallocStackLogging
0x00007ff823f71000 	/System/Library/PrivateFrameworks/CrashReporterSupport.framework/Versions/A/CrashReporterSupport
0x00007ff814450000 	/System/Library/PrivateFrameworks/Lexicon.framework/Versions/A/Lexicon
0x00007ffc1536d000 	/System/Library/PrivateFrameworks/IO80211.framework/Versions/A/IO80211
0x00007ff82c3fd000 	/System/Library/PrivateFrameworks/FrontBoardServices.framework/Versions/A/FrontBoardServices
0x00007ff821611000 	/System/Library/Frameworks/SecurityFoundation.framework/Versions/A/SecurityFoundation
0x00007ff821762000 	/usr/lib/libgermantok.dylib
0x00007ff8204c9000 	/System/Library/PrivateFrameworks/LinguisticData.framework/Versions/A/LinguisticData
0x00007ff81b055000 	/System/Library/PrivateFrameworks/BaseBoard.framework/Versions/A/BaseBoard
0x00007ff82c4cb000 	/System/Library/PrivateFrameworks/BoardServices.framework/Versions/A/BoardServices
0x00007ff821604000 	/System/Library/PrivateFrameworks/AssertionServices.framework/Versions/A/AssertionServices
0x00007ff82e12c000 	/System/Library/PrivateFrameworks/BackBoardServices.framework/Versions/A/BackBoardServices
0x00007ff81f546000 	/System/Library/PrivateFrameworks/FontServices.framework/libFontParser.dylib
0x00007ff81948f000 	/System/Library/PrivateFrameworks/TCC.framework/Versions/A/TCC
0x00007ff831cb1000 	/System/Library/PrivateFrameworks/IOSurfaceAccelerator.framework/Versions/A/IOSurfaceAccelerator
0x00007ff82484a000 	/System/Library/PrivateFrameworks/WatchdogClient.framework/Versions/A/WatchdogClient
0x00007ff8159b3000 	/System/Library/Frameworks/CoreDisplay.framework/Versions/A/CoreDisplay
0x00007ff81f3f2000 	/System/Library/Frameworks/CoreMedia.framework/Versions/A/CoreMedia
0x00007ff81f142000 	/System/Library/PrivateFrameworks/IOAccelerator.framework/Versions/A/IOAccelerator
0x00007ff81d7f1000 	/System/Library/Frameworks/CoreVideo.framework/Versions/A/CoreVideo
0x00007ff8225ff000 	/System/Library/Frameworks/MetalPerformanceShaders.framework/Versions/A/MetalPerformanceShaders
0x00007ffc23dcb000 	/System/Library/PrivateFrameworks/ProDisplayLibrary.framework/Versions/A/ProDisplayLibrary
0x00007ff824890000 	/System/Library/Frameworks/VideoToolbox.framework/Versions/A/VideoToolbox
0x00007ff8203b3000 	/System/Library/PrivateFrameworks/AggregateDictionary.framework/Versions/A/AggregateDictionary
0x00007ff823be1000 	/System/Library/PrivateFrameworks/APFS.framework/Versions/A/APFS
0x00007ff823c67000 	/usr/lib/libutil.dylib
0x00007ffc2db72000 	/System/Library/PrivateFrameworks/SwiftASN1Internal.framework/Versions/A/SwiftASN1Internal
0x00007ff81c454000 	/System/Library/Frameworks/Accelerate.framework/Versions/A/Frameworks/vImage.framework/Versions/A/vImage
0x00007ff82a387000 	/System/Library/Frameworks/Accelerate.framework/Versions/A/Frameworks/vecLib.framework/Versions/A/vecLib
0x00007ff823c9c000 	/System/Library/Frameworks/Accelerate.framework/Versions/A/Frameworks/vecLib.framework/Versions/A/libvMisc.dylib
0x00007ff81427e000 	/System/Library/Frameworks/Accelerate.framework/Versions/A/Frameworks/vecLib.framework/Versions/A/libBLAS.dylib
0x00007ff8266be000 	/System/Library/Frameworks/ApplicationServices.framework/Versions/A/Frameworks/ATS.framework/Versions/A/ATS
0x00007ff81a424000 	/System/Library/Frameworks/ApplicationServices.framework/Versions/A/Frameworks/HIServices.framework/Versions/A/HIServices
0x00007ff824f9c000 	/System/Library/Frameworks/ApplicationServices.framework/Versions/A/Frameworks/PrintCore.framework/Versions/A/PrintCore
0x00007ff826aa5000 	/System/Library/Frameworks/ApplicationServices.framework/Versions/A/Frameworks/QD.framework/Versions/A/QD
0x00007ff826a9d000 	/System/Library/Frameworks/ApplicationServices.framework/Versions/A/Frameworks/ColorSyncLegacy.framework/Versions/A/ColorSyncLegacy
0x00007ff826694000 	/System/Library/Frameworks/ApplicationServices.framework/Versions/A/Frameworks/SpeechSynthesis.framework/Versions/A/SpeechSynthesis
0x00007ff8213b6000 	/System/Library/PrivateFrameworks/CoreEmoji.framework/Versions/A/CoreEmoji
0x00007ffb2c319000 	/System/Library/PrivateFrameworks/FontServices.framework/Versions/A/FontServices
0x00007ff8243b4000 	/System/Library/PrivateFrameworks/OTSVG.framework/Versions/A/OTSVG
0x00007ff81d380000 	/System/Library/Frameworks/ApplicationServices.framework/Versions/A/Frameworks/ATS.framework/Versions/A/Resources/libFontRegistry.dylib
0x00007ffd1d6a7000 	/usr/lib/libhvf.dylib
0x00007ffc203b1000 	/System/Library/PrivateFrameworks/ParsingInternal.framework/Versions/A/ParsingInternal
0x00007ffd1e2ee000 	/usr/lib/swift/libswiftRegexBuilder.dylib
0x00007ffd1e46f000 	/usr/lib/swift/libswift_RegexParser.dylib
0x00007ff824716000 	/System/Library/PrivateFrameworks/AppleJPEG.framework/Versions/A/AppleJPEG
0x00007ff8241d4000 	/usr/lib/libexpat.1.dylib
0x00007ff824e65000 	/System/Library/Frameworks/ImageIO.framework/Versions/A/Resources/libPng.dylib
0x00007ff824e93000 	/System/Library/Frameworks/ImageIO.framework/Versions/A/Resources/libTIFF.dylib
0x00007ff824f87000 	/System/Library/Frameworks/ImageIO.framework/Versions/A/Resources/libGIF.dylib
0x00007ff824763000 	/System/Library/Frameworks/ImageIO.framework/Versions/A/Resources/libJP2.dylib
0x00007ff824f27000 	/System/Library/Frameworks/ImageIO.framework/Versions/A/Resources/libJPEG.dylib
0x00007ff824f1e000 	/System/Library/Frameworks/ImageIO.framework/Versions/A/Resources/libRadiance.dylib
0x00007ffb313f4000 	/System/Library/PrivateFrameworks/GPUCompiler.framework/Versions/32023/Libraries/libllvm-flatbuffers.dylib
0x00007ffb2c3e4000 	/System/Library/PrivateFrameworks/FramePacing.framework/Versions/A/FramePacing
0x00007ffb15b8a000 	/System/Library/Frameworks/OpenGL.framework/Versions/A/Libraries/libCoreFSCache.dylib
0x00007ffb2cffc000 	/System/Library/PrivateFrameworks/GPUCompiler.framework/Versions/32023/Libraries/libGPUCompilerUtils.dylib
0x00007ffb2c31a000 	/System/Library/PrivateFrameworks/FontServices.framework/libXTFontStaticRegistryData.dylib
0x00007ffc230a7000 	/System/Library/PrivateFrameworks/PhotosensitivityProcessing.framework/Versions/A/PhotosensitivityProcessing
0x00007ffb16847000 	/System/Library/Frameworks/OpenCL.framework/Versions/A/OpenCL
0x00007ff8243a5000 	/System/Library/PrivateFrameworks/GraphVisualizer.framework/Versions/A/GraphVisualizer
0x00007ffb15be8000 	/System/Library/Frameworks/OpenGL.framework/Versions/A/Libraries/libGLU.dylib
0x00007ffb15ba9000 	/System/Library/Frameworks/OpenGL.framework/Versions/A/Libraries/libGFXShared.dylib
0x00007ffb15da5000 	/System/Library/Frameworks/OpenGL.framework/Versions/A/Libraries/libGL.dylib
0x00007ffb15bb2000 	/System/Library/Frameworks/OpenGL.framework/Versions/A/Libraries/libGLImage.dylib
0x00007ffb15ba6000 	/System/Library/Frameworks/OpenGL.framework/Versions/A/Libraries/libCVMSPluginSupport.dylib
0x00007ffb15b91000 	/System/Library/Frameworks/OpenGL.framework/Versions/A/Libraries/libCoreVMClient.dylib
0x00007ff8202ed000 	/System/Library/Frameworks/MetalPerformanceShaders.framework/Versions/A/Frameworks/MPSCore.framework/Versions/A/MPSCore
0x00007ff821ea0000 	/System/Library/Frameworks/MetalPerformanceShaders.framework/Versions/A/Frameworks/MPSImage.framework/Versions/A/MPSImage
0x00007ff82177b000 	/System/Library/Frameworks/MetalPerformanceShaders.framework/Versions/A/Frameworks/MPSNeuralNetwork.framework/Versions/A/MPSNeuralNetwork
0x00007ff821cdb000 	/System/Library/Frameworks/MetalPerformanceShaders.framework/Versions/A/Frameworks/MPSMatrix.framework/Versions/A/MPSMatrix
0x00007ff821a91000 	/System/Library/Frameworks/MetalPerformanceShaders.framework/Versions/A/Frameworks/MPSRayIntersector.framework/Versions/A/MPSRayIntersector
0x00007ff821d1a000 	/System/Library/Frameworks/MetalPerformanceShaders.framework/Versions/A/Frameworks/MPSNDArray.framework/Versions/A/MPSNDArray
0x00007ffb19f7d000 	/System/Library/Frameworks/MetalPerformanceShaders.framework/Versions/A/Frameworks/MPSFunctions.framework/Versions/A/MPSFunctions
0x00007ffb19f5f000 	/System/Library/Frameworks/MetalPerformanceShaders.framework/Versions/A/Frameworks/MPSBenchmarkLoop.framework/Versions/A/MPSBenchmarkLoop
0x00007ff8140ef000 	/System/Library/PrivateFrameworks/MetalTools.framework/Versions/A/MetalTools
0x00007ff921637000 	/System/Library/PrivateFrameworks/IOAccelMemoryInfo.framework/Versions/A/IOAccelMemoryInfo
0x00007ff92edb3000 	/System/Library/PrivateFrameworks/kperf.framework/Versions/A/kperf
0x00007ff91c666000 	/System/Library/PrivateFrameworks/GPURawCounter.framework/Versions/A/GPURawCounter
0x00007ff824f58000 	/System/Library/Frameworks/ApplicationServices.framework/Versions/A/Frameworks/ATSUI.framework/Versions/A/ATSUI
0x00007ff826a2f000 	/usr/lib/libcups.2.dylib
0x00007ff826acc000 	/System/Library/Frameworks/Kerberos.framework/Versions/A/Kerberos
0x00007ff826737000 	/usr/lib/libresolv.9.dylib
0x00007ff822446000 	/usr/lib/libiconv.2.dylib
0x00007ff82440c000 	/System/Library/PrivateFrameworks/Heimdal.framework/Versions/A/Heimdal
0x00007ff82ec3b000 	/System/Library/Frameworks/Kerberos.framework/Versions/A/Libraries/libHeimdalProxy.dylib
0x00007ff8241f0000 	/usr/lib/libheimdal-asn1.dylib
0x00007ff81d663000 	/System/Library/Frameworks/OpenDirectory.framework/Versions/A/OpenDirectory
0x00007ff826b24000 	/System/Library/PrivateFrameworks/CommonAuth.framework/Versions/A/CommonAuth
0x00007ff81d66f000 	/System/Library/Frameworks/OpenDirectory.framework/Versions/A/Frameworks/CFOpenDirectory.framework/Versions/A/CFOpenDirectory
0x00007ff8223a1000 	/usr/lib/libcharset.1.dylib
0x00007ffb16fb3000 	/System/Library/Frameworks/AVFAudio.framework/Versions/A/AVFAudio
0x00007ff915ec3000 	/System/Library/PrivateFrameworks/AXCoreUtilities.framework/Versions/A/AXCoreUtilities
0x00007ffc18633000 	/System/Library/PrivateFrameworks/IsolatedCoreAudioClient.framework/Versions/A/IsolatedCoreAudioClient
0x00007ff82667c000 	/usr/lib/libAudioStatistics.dylib
0x00007ff81f3ce000 	/System/Library/PrivateFrameworks/caulk.framework/Versions/A/caulk
0x00007ff815ade000 	/System/Library/PrivateFrameworks/AudioToolboxCore.framework/Versions/A/AudioToolboxCore
0x00007ff8310da000 	/System/Library/Frameworks/CoreMIDI.framework/Versions/A/CoreMIDI
0x00007ff826623000 	/System/Library/PrivateFrameworks/AudioSession.framework/Versions/A/AudioSession
0x00007ff827fa3000 	/System/Library/Frameworks/IOBluetooth.framework/Versions/A/IOBluetooth
0x00007ff8242dc000 	/System/Library/PrivateFrameworks/MediaExperience.framework/Versions/A/MediaExperience
0x00007ffc305b9000 	/System/Library/PrivateFrameworks/Tightbeam.framework/Versions/A/Tightbeam
0x00007ffb26c07000 	/System/Library/PrivateFrameworks/CoreAudioOrchestration.framework/Versions/A/CoreAudioOrchestration
0x00007ffa139cb000 	/System/Library/PrivateFrameworks/AFKUser.framework/Versions/A/AFKUser
0x00007ff91c66a000 	/usr/lib/swift/libswiftCoreAudio.dylib
0x00007ff8243fa000 	/System/Library/PrivateFrameworks/AppServerSupport.framework/Versions/A/AppServerSupport
0x00007ff826aaf000 	/System/Library/PrivateFrameworks/perfdata.framework/Versions/A/perfdata
0x00007ff91b86c000 	/System/Library/PrivateFrameworks/SystemPolicy.framework/Versions/A/SystemPolicy
0x00007ff82694e000 	/usr/lib/libSMC.dylib
0x00007ff824e30000 	/usr/lib/libAudioToolboxUtility.dylib
0x00007ff826abd000 	/usr/lib/libperfcheck.dylib
0x00007ffb23104000 	/System/Library/PrivateFrameworks/AudioAnalytics.framework/Versions/A/AudioAnalytics
0x00007ffa20811000 	/System/Library/Frameworks/OSLog.framework/Versions/A/OSLog
0x00007ff91c634000 	/usr/lib/libmis.dylib
0x00007ff826444000 	/System/Library/PrivateFrameworks/AudioSession.framework/libSessionUtility.dylib
0x00007ff824f8d000 	/System/Library/PrivateFrameworks/CMCaptureCore.framework/Versions/A/CMCaptureCore
0x00007ffb184d0000 	/System/Library/Frameworks/ExtensionFoundation.framework/Versions/A/ExtensionFoundation
0x00007ff82ca2d000 	/System/Library/PrivateFrameworks/CoreTime.framework/Versions/A/CoreTime
0x00007ff8240c4000 	/System/Library/PrivateFrameworks/PlugInKit.framework/Versions/A/PlugInKit
0x00007ff82b216000 	/System/Library/Frameworks/CoreBluetooth.framework/Versions/A/CoreBluetooth
0x00007ff82ec3c000 	/System/Library/Frameworks/AudioUnit.framework/Versions/A/AudioUnit
0x00007ff821473000 	/System/Library/PrivateFrameworks/CoreUtils.framework/Versions/A/CoreUtils
0x00007ffb29d95000 	/System/Library/PrivateFrameworks/CoreUtilsExtras.framework/Versions/A/CoreUtilsExtras
0x00007ff82a6a9000 	/System/Library/Frameworks/MediaAccessibility.framework/Versions/A/MediaAccessibility
0x00007ff924a1b000 	/System/Library/PrivateFrameworks/AttributeGraph.framework/Versions/A/AttributeGraph
0x00007ffd1ce70000 	/usr/lib/libAXSafeCategoryBundle.dylib
0x00007ff915f68000 	/usr/lib/libAccessibility.dylib
0x00007ff8211c1000 	/System/Library/Frameworks/Accelerate.framework/Versions/A/Frameworks/vecLib.framework/Versions/A/libvDSP.dylib
0x00007ff8226eb000 	/System/Library/Frameworks/Accelerate.framework/Versions/A/Frameworks/vecLib.framework/Versions/A/libLAPACK.dylib
0x00007ff821765000 	/System/Library/Frameworks/Accelerate.framework/Versions/A/Frameworks/vecLib.framework/Versions/A/libLinearAlgebra.dylib
0x00007ff8225d6000 	/System/Library/Frameworks/Accelerate.framework/Versions/A/Frameworks/vecLib.framework/Versions/A/libSparseBLAS.dylib
0x00007ff8226e5000 	/System/Library/Frameworks/Accelerate.framework/Versions/A/Frameworks/vecLib.framework/Versions/A/libQuadrature.dylib
0x00007ff8204cf000 	/System/Library/Frameworks/Accelerate.framework/Versions/A/Frameworks/vecLib.framework/Versions/A/libBNNS.dylib
0x00007ff814554000 	/System/Library/Frameworks/Accelerate.framework/Versions/A/Frameworks/vecLib.framework/Versions/A/libSparse.dylib
0x00007ffc19a05000 	/System/Library/PrivateFrameworks/MIL.framework/Versions/A/MIL
0x00007ff824f17000 	/System/Library/PrivateFrameworks/GPUWrangler.framework/Versions/A/GPUWrangler
0x00007ff824efb000 	/System/Library/PrivateFrameworks/IOPresentment.framework/Versions/A/IOPresentment
0x00007ff824f21000 	/System/Library/PrivateFrameworks/DSExternalDisplay.framework/Versions/A/DSExternalDisplay
0x00007ffa20c22000 	/System/Library/PrivateFrameworks/HIDDisplay.framework/Versions/A/HIDDisplay
0x00007ff9151d7000 	/System/Library/PrivateFrameworks/HID.framework/Versions/A/HID
0x00007ffd14091000 	/System/Library/PrivateFrameworks/VideoToolboxParavirtualizationSupport.framework/Versions/A/VideoToolboxParavirtualizationSupport
0x00007ff824186000 	/System/Library/PrivateFrameworks/AppleVA.framework/Versions/A/AppleVA
0x00007ff82c578000 	/System/Library/PrivateFrameworks/GraphicsServices.framework/Versions/A/GraphicsServices
0x00007ff826c9a000 	/System/Library/PrivateFrameworks/CorePhoneNumbers.framework/Versions/A/CorePhoneNumbers
0x00007ff82b3f2000 	/System/Library/PrivateFrameworks/MediaKit.framework/Versions/A/MediaKit
0x00007ff82b34c000 	/System/Library/Frameworks/DiscRecording.framework/Versions/A/DiscRecording
0x00007ff826a92000 	/System/Library/PrivateFrameworks/NetAuth.framework/Versions/A/NetAuth
0x00007ff81d845000 	/System/Library/PrivateFrameworks/login.framework/Versions/A/Frameworks/loginsupport.framework/Versions/A/loginsupport
0x00007ff8241f9000 	/System/Library/PrivateFrameworks/IconFoundation.framework/Versions/A/IconFoundation
0x00007ff823f68000 	/usr/lib/libIOReport.dylib
0x00007ffb22d35000 	/System/Library/PrivateFrameworks/AppleMobileFileIntegrity.framework/Versions/A/AppleMobileFileIntegrity
0x00007ffd1d1be000 	/usr/lib/libTLE.dylib
0x00007ffa3015d000 	/System/Library/PrivateFrameworks/ConfigProfileHelper.framework/Versions/A/ConfigProfileHelper
0x00007ff821707000 	/usr/lib/libmecab.dylib
0x00007ff814721000 	/usr/lib/libCRFSuite.dylib
0x00007ff8203bb000 	/System/Library/PrivateFrameworks/CoreNLP.framework/Versions/A/CoreNLP
0x00007ff822591000 	/usr/lib/libThaiTokenizer.dylib
0x00007ff8216d5000 	/usr/lib/libCheckFix.dylib
0x00007ff81c367000 	/System/Library/PrivateFrameworks/MetadataUtilities.framework/Versions/A/MetadataUtilities
0x00007ffc15b64000 	/System/Library/PrivateFrameworks/InstalledContentLibrary.framework/Versions/A/InstalledContentLibrary
0x00007ff8171dd000 	/System/Library/PrivateFrameworks/CoreServicesStore.framework/Versions/A/CoreServicesStore
0x00007ff92eeb3000 	/System/Library/PrivateFrameworks/MobileSystemServices.framework/Versions/A/MobileSystemServices
0x00007ff823c6b000 	/usr/lib/libxslt.1.dylib
0x00007ff82169b000 	/System/Library/PrivateFrameworks/BackgroundTaskManagement.framework/Versions/A/BackgroundTaskManagement
0x00007ff82e4a0000 	/usr/lib/libcurl.4.dylib
0x00007ffd1d551000 	/usr/lib/libcrypto.46.dylib
0x00007ffd1e088000 	/usr/lib/libssl.48.dylib
0x00007ff82e186000 	/System/Library/Frameworks/LDAP.framework/Versions/A/LDAP
0x00007ff82e1c0000 	/System/Library/PrivateFrameworks/TrustEvaluationAgent.framework/Versions/A/TrustEvaluationAgent
0x00007ff826754000 	/usr/lib/libsasl2.2.dylib
0x00007ff919ca6000 	/usr/lib/swift/libswiftCoreGraphics.dylib
0x00007ff82acc6000 	/usr/lib/swift/libswiftFoundation.dylib
0x00007ffa2fbeb000 	/usr/lib/swift/libswiftSwiftOnoneSupport.dylib
0x00007ffa1cad6000 	/System/Library/PrivateFrameworks/CoreMaterial.framework/Versions/A/CoreMaterial
0x00007ffc2560c000 	/System/Library/PrivateFrameworks/SFSymbols.framework/Versions/A/SFSymbols
0x00007ff829f95000 	/System/Library/PrivateFrameworks/SpeechRecognitionCore.framework/Versions/A/SpeechRecognitionCore
0x000000010e430000 	/Users/courtneysweeney/.p2/pool/plugins/org.eclipse.justj.openjdk.hotspot.jre.full.macosx.x86_64_21.0.9.v20251105-0741/jre/lib/server/libjvm.dylib
0x000000010d1d0000 	/Users/courtneysweeney/.p2/pool/plugins/org.eclipse.justj.openjdk.hotspot.jre.full.macosx.x86_64_21.0.9.v20251105-0741/jre/lib/libjimage.dylib
0x000000010d258000 	/Users/courtneysweeney/.p2/pool/plugins/org.eclipse.justj.openjdk.hotspot.jre.full.macosx.x86_64_21.0.9.v20251105-0741/jre/lib/libjava.dylib
0x000000010de02000 	/Users/courtneysweeney/.p2/pool/plugins/org.eclipse.justj.openjdk.hotspot.jre.full.macosx.x86_64_21.0.9.v20251105-0741/jre/lib/libnio.dylib
0x000000010de3c000 	/Users/courtneysweeney/.p2/pool/plugins/org.eclipse.justj.openjdk.hotspot.jre.full.macosx.x86_64_21.0.9.v20251105-0741/jre/lib/libnet.dylib
0x000000010df5f000 	/Users/courtneysweeney/.p2/pool/plugins/org.eclipse.justj.openjdk.hotspot.jre.full.macosx.x86_64_21.0.9.v20251105-0741/jre/lib/libzip.dylib
0x000000010e100000 	/Users/courtneysweeney/.p2/pool/plugins/org.eclipse.justj.openjdk.hotspot.jre.full.macosx.x86_64_21.0.9.v20251105-0741/jre/lib/libawt.dylib
0x0000000127afe000 	/Users/courtneysweeney/.p2/pool/plugins/org.eclipse.justj.openjdk.hotspot.jre.full.macosx.x86_64_21.0.9.v20251105-0741/jre/lib/libmlib_image.dylib
0x00007ffb191f7000 	/System/Library/Frameworks/JavaRuntimeSupport.framework/Versions/A/JavaRuntimeSupport
0x00007ff91b2b5000 	/System/Library/Frameworks/Carbon.framework/Versions/A/Carbon
0x00007ff911b15000 	/System/Library/Frameworks/Carbon.framework/Versions/A/Frameworks/CommonPanels.framework/Versions/A/CommonPanels
0x00007ff82e48d000 	/System/Library/Frameworks/Carbon.framework/Versions/A/Frameworks/Help.framework/Versions/A/Help
0x00007ff911b19000 	/System/Library/Frameworks/Carbon.framework/Versions/A/Frameworks/ImageCapture.framework/Versions/A/ImageCapture
0x00007ff911af7000 	/System/Library/Frameworks/Carbon.framework/Versions/A/Frameworks/OpenScripting.framework/Versions/A/OpenScripting
0x00007ff911b14000 	/System/Library/Frameworks/Carbon.framework/Versions/A/Frameworks/Ink.framework/Versions/A/Ink
0x00007ff911b11000 	/System/Library/Frameworks/Carbon.framework/Versions/A/Frameworks/SecurityHI.framework/Versions/A/SecurityHI
0x0000000127c2c000 	/Users/courtneysweeney/.p2/pool/plugins/org.eclipse.justj.openjdk.hotspot.jre.full.macosx.x86_64_21.0.9.v20251105-0741/jre/lib/libawt_lwawt.dylib
0x000000010e08e000 	/Users/courtneysweeney/.p2/pool/plugins/org.eclipse.justj.openjdk.hotspot.jre.full.macosx.x86_64_21.0.9.v20251105-0741/jre/lib/libosxapp.dylib
0x00007ff919d06000 	/System/Library/Frameworks/ExceptionHandling.framework/Versions/A/ExceptionHandling
0x000000016f068000 	/Users/courtneysweeney/.p2/pool/plugins/org.eclipse.justj.openjdk.hotspot.jre.full.macosx.x86_64_21.0.9.v20251105-0741/jre/lib/libfontmanager.dylib
0x000000016f37b000 	/Users/courtneysweeney/.p2/pool/plugins/org.eclipse.justj.openjdk.hotspot.jre.full.macosx.x86_64_21.0.9.v20251105-0741/jre/lib/libfreetype.dylib
0x00007ff81d53a000 	/System/Library/PrivateFrameworks/ViewBridge.framework/Versions/A/ViewBridge
0x0000000127f08000 	/usr/lib/libobjc-trampolines.dylib
0x00007ff9259a9000 	/System/Library/CoreServices/RawCamera.bundle/Contents/MacOS/RawCamera
0x00007ff82ec5b000 	/System/Library/PrivateFrameworks/StreamingZip.framework/Versions/A/StreamingZip
0x00007ff826b33000 	/System/Library/PrivateFrameworks/MobileAsset.framework/Versions/A/MobileAsset
0x00007ff92335e000 	/System/Library/PrivateFrameworks/SoftwareUpdateCoreSupport.framework/Versions/A/SoftwareUpdateCoreSupport
0x00007ff92ac81000 	/System/Library/PrivateFrameworks/SoftwareUpdateCoreConnect.framework/Versions/A/SoftwareUpdateCoreConnect
0x00007ff82e3dc000 	/System/Library/PrivateFrameworks/RemoteServiceDiscovery.framework/Versions/A/RemoteServiceDiscovery
0x00007ff922fc5000 	/System/Library/PrivateFrameworks/MSUDataAccessor.framework/Versions/A/MSUDataAccessor
0x00007ff91e6fe000 	/usr/lib/libbootpolicy.dylib
0x00007ff82e3f1000 	/System/Library/PrivateFrameworks/RemoteXPC.framework/Versions/A/RemoteXPC
0x00007ff92a199000 	/usr/lib/libFDR.dylib
0x00007ff9303d0000 	/usr/lib/libamsupport.dylib
0x00007ffb21b94000 	/System/Library/PrivateFrameworks/AppleDeviceQuerySupport.framework/Versions/A/AppleDeviceQuerySupport
0x00007ffa13583000 	/usr/lib/libpartition2_dynamic.dylib
0x00007ffb21f59000 	/System/Library/PrivateFrameworks/AppleJPEGXL.framework/Versions/A/AppleJPEGXL
0x00007ff82de7a000 	/System/Library/PrivateFrameworks/CoreWiFi.framework/Versions/A/CoreWiFi
0x00007ffd1db7e000 	/usr/lib/libmrc.dylib
0x00007ffc153d1000 	/System/Library/PrivateFrameworks/IPConfiguration.framework/Versions/A/IPConfiguration
0x00007ffa1ca9d000 	/System/Library/PrivateFrameworks/Netrb.framework/Versions/A/Netrb
0x00007ffa278a9000 	/System/Library/PrivateFrameworks/WiFiPeerToPeer.framework/Versions/A/WiFiPeerToPeer
0x00007ff822178000 	/System/Library/Frameworks/UserNotifications.framework/Versions/A/UserNotifications
0x00007ff826ca3000 	/usr/lib/libTelephonyUtilDynamic.dylib
0x00007ff82548b000 	/System/Library/Frameworks/MediaToolbox.framework/Versions/A/MediaToolbox
0x00007ff82b8ce000 	/System/Library/PrivateFrameworks/CoreAVCHD.framework/Versions/A/CoreAVCHD
0x00007ff82b8ca000 	/System/Library/PrivateFrameworks/Mangrove.framework/Versions/A/Mangrove
0x00007ffb24993000 	/System/Library/PrivateFrameworks/CMPhoto.framework/Versions/A/CMPhoto
0x00007ff82bfcd000 	/System/Library/Frameworks/CoreTelephony.framework/Versions/A/CoreTelephony
0x00007ff82c7cd000 	/System/Library/PrivateFrameworks/AppleVPA.framework/Versions/A/AppleVPA
0x00007ff82b50f000 	/System/Library/PrivateFrameworks/CoreAUC.framework/Versions/A/CoreAUC
0x00007ff922981000 	/System/Library/Frameworks/Accelerate.framework/Versions/A/Frameworks/vImage.framework/Versions/A/Libraries/libCGInterfaces.dylib
0x00007ffd1ce74000 	/usr/lib/libAccessibilityBaseImplementations.dylib
0x00007ffd1722d000 	/System/Library/PrivateFrameworks/WritingToolsUI.framework/Versions/A/WritingToolsUI
0x00007ffc12573000 	/System/Library/PrivateFrameworks/GenerativeAssistantSettings.framework/Versions/A/GenerativeAssistantSettings
0x00007ffc2e73b000 	/System/Library/PrivateFrameworks/TextComposer.framework/Versions/A/TextComposer
0x00007ff91c68a000 	/usr/lib/swift/libswiftIntents.dylib
0x00007ffd1e2fd000 	/usr/lib/swift/libswiftSpatial.dylib
0x00007ffb17101000 	/System/Library/Frameworks/AppIntents.framework/Versions/A/AppIntents
0x00007ff9237c6000 	/System/Library/Frameworks/SwiftUI.framework/Versions/A/SwiftUI
0x00007ff919d7b000 	/System/Library/Frameworks/WebKit.framework/Versions/A/WebKit
0x00007ffb1e4d1000 	/System/Library/Frameworks/_AuthenticationServices_SwiftUI.framework/Versions/A/_AuthenticationServices_SwiftUI
0x00007ffb20ad0000 	/System/Library/PrivateFrameworks/Anvil.framework/Versions/A/Anvil
0x00007ff922e3f000 	/System/Library/PrivateFrameworks/AppStoreDaemon.framework/Versions/A/AppStoreDaemon
0x00007ff83131b000 	/System/Library/PrivateFrameworks/AppleMediaServices.framework/Versions/A/AppleMediaServices
0x00007ff91f82f000 	/System/Library/PrivateFrameworks/AppleMediaServicesUI.framework/Versions/A/AppleMediaServicesUI
0x00007ffc12552000 	/System/Library/PrivateFrameworks/GenerativeAssistantCommon.framework/Versions/A/GenerativeAssistantCommon
0x00007ffa2f2db000 	/System/Library/PrivateFrameworks/JetEngine.framework/Versions/A/JetEngine
0x00007ffc193f3000 	/System/Library/PrivateFrameworks/LinkMetadata.framework/Versions/A/LinkMetadata
0x00007ff91cff4000 	/System/Library/PrivateFrameworks/OnBoardingKit.framework/Versions/A/OnBoardingKit
0x00007ffc26387000 	/System/Library/PrivateFrameworks/Settings.framework/Versions/A/Settings
0x00007ff8221c3000 	/System/Library/Frameworks/CoreSpotlight.framework/Versions/A/CoreSpotlight
0x00007ffc195f8000 	/System/Library/PrivateFrameworks/LinkServices.framework/Versions/A/LinkServices
0x00007ffb2a8b9000 	/System/Library/PrivateFrameworks/DoNotDisturb.framework/Versions/A/DoNotDisturb
0x00007ff921743000 	/System/Library/PrivateFrameworks/IntentsCore.framework/Versions/A/IntentsCore
0x00007ffb233ed000 	/System/Library/PrivateFrameworks/AvailabilityKit.framework/Versions/A/AvailabilityKit
0x00007ffb20cd1000 	/System/Library/PrivateFrameworks/AppIntentSchemas.framework/Versions/A/AppIntentSchemas
0x00007ffc2d452000 	/System/Library/PrivateFrameworks/StatusKit.framework/Versions/A/StatusKit
0x00007ffc248fb000 	/System/Library/PrivateFrameworks/RecapPerformanceTesting.framework/Versions/A/RecapPerformanceTesting
0x00007ff91cfe6000 	/System/Library/PrivateFrameworks/SignpostCollection.framework/Versions/A/SignpostCollection
0x00007ffd1d1bd000 	/usr/lib/libSpatial.dylib
0x00007ff830ce7000 	/System/Library/Frameworks/WebKit.framework/Versions/A/Frameworks/WebKitLegacy.framework/Versions/A/WebKitLegacy
0x00007ff82eab2000 	/System/Library/PrivateFrameworks/CorePrediction.framework/Versions/A/CorePrediction
0x00007ff81e313000 	/System/Library/Frameworks/WebKit.framework/Versions/A/Frameworks/WebCore.framework/Versions/A/Frameworks/libwebrtc.dylib
0x00007ff919d09000 	/System/Library/PrivateFrameworks/SafariSafeBrowsing.framework/Versions/A/SafariSafeBrowsing
0x00007ff8267df000 	/System/Library/Frameworks/SecurityInterface.framework/Versions/A/SecurityInterface
0x00007ff91cff3000 	/System/Library/PrivateFrameworks/WebInspectorUI.framework/Versions/A/WebInspectorUI
0x00007ff911b1b000 	/System/Library/Frameworks/JavaScriptCore.framework/Versions/A/JavaScriptCore
0x00007ff915f91000 	/System/Library/Frameworks/WebKit.framework/Versions/A/Frameworks/WebCore.framework/Versions/A/WebCore
0x00007ffb17a99000 	/System/Library/Frameworks/BrowserEngineCore.framework/Versions/A/BrowserEngineCore
0x00007ffb1e091000 	/System/Library/Frameworks/WebKit.framework/Versions/A/Frameworks/WebCore.framework/Versions/A/Frameworks/libANGLE-shared.dylib
0x00007ffd15f55000 	/System/Library/PrivateFrameworks/WebGPU.framework/Versions/A/WebGPU
0x00007ff91ee65000 	/System/Library/Frameworks/SceneKit.framework/Versions/A/SceneKit
0x00007ff92f724000 	/System/Library/Frameworks/ModelIO.framework/Versions/A/ModelIO
0x00007ff828163000 	/System/Library/Frameworks/MetalKit.framework/Versions/A/MetalKit
0x00007ff82a2b7000 	/System/Library/Frameworks/GLKit.framework/Versions/A/GLKit
0x00007ffd1e83b000 	/usr/lib/usd/libusd_ms.dylib
0x00007ffd128c2000 	/System/Library/PrivateFrameworks/USDLib_FormatLoaderProxy.framework/Versions/A/USDLib_FormatLoaderProxy
0x00007ff91c155000 	/System/Library/PrivateFrameworks/CoreOptimization.framework/Versions/A/CoreOptimization
0x00007ffb232d3000 	/System/Library/PrivateFrameworks/AuthenticationServicesCore.framework/Versions/A/AuthenticationServicesCore
0x00007ff925e4b000 	/System/Library/Frameworks/AuthenticationServices.framework/Versions/A/AuthenticationServices
0x00007ff8240a0000 	/System/Library/PrivateFrameworks/SharedWebCredentials.framework/Versions/A/SharedWebCredentials
0x00007ff91dee1000 	/System/Library/PrivateFrameworks/SafariCore.framework/Versions/A/SafariCore
0x00007ff925965000 	/System/Library/PrivateFrameworks/SafariFoundation.framework/Versions/A/SafariFoundation
0x00007ffb24472000 	/System/Library/PrivateFrameworks/CBORLibrary.framework/Versions/A/CBORLibrary
0x00007ffb250c5000 	/System/Library/PrivateFrameworks/Chirp.framework/Versions/A/Chirp
0x00007ffa3049c000 	/System/Library/PrivateFrameworks/RemoteManagement.framework/Versions/A/RemoteManagement
0x00007ffc24be0000 	/System/Library/PrivateFrameworks/RemoteManagementModel.framework/Versions/A/RemoteManagementModel
0x00007ffc24c6c000 	/System/Library/PrivateFrameworks/RemoteManagementStore.framework/Versions/A/RemoteManagementStore
0x00007ff828180000 	/usr/lib/libxcselect.dylib
0x00007ff9258d0000 	/System/Library/PrivateFrameworks/DifferentialPrivacy.framework/Versions/A/DifferentialPrivacy
0x00007ff82af54000 	/System/Library/Frameworks/Contacts.framework/Versions/A/Contacts
0x00007ffd1309e000 	/System/Library/PrivateFrameworks/VDAF.framework/Versions/A/VDAF
0x00007ff82ad85000 	/System/Library/PrivateFrameworks/ContactsPersistence.framework/Versions/A/ContactsPersistence
0x00007ff829fac000 	/System/Library/PrivateFrameworks/AppleLDAP.framework/Versions/A/AppleLDAP
0x00007ff82e820000 	/System/Library/Frameworks/ClassKit.framework/Versions/A/ClassKit
0x00007ff830a0b000 	/System/Library/PrivateFrameworks/CoreSuggestions.framework/Versions/A/CoreSuggestions
0x00007ff82acc7000 	/System/Library/PrivateFrameworks/ContactsFoundation.framework/Versions/A/ContactsFoundation
0x00007ff82c53e000 	/System/Library/PrivateFrameworks/vCard.framework/Versions/A/vCard
0x00007ffb26507000 	/System/Library/PrivateFrameworks/ContactsMetrics.framework/Versions/A/ContactsMetrics
0x00007ff8244b8000 	/System/Library/PrivateFrameworks/login.framework/Versions/A/login
0x00007ffc1b5eb000 	/System/Library/PrivateFrameworks/ManagedOrganizationContacts.framework/Versions/A/ManagedOrganizationContacts
0x00007ff81dc59000 	/System/Library/PrivateFrameworks/CloudDocs.framework/Versions/A/CloudDocs
0x00007ff82ff3f000 	/System/Library/PrivateFrameworks/ConfigurationProfiles.framework/Versions/A/ConfigurationProfiles
0x00007ffb29f81000 	/System/Library/PrivateFrameworks/DMCUtilities.framework/Versions/A/DMCUtilities
0x00007ffc19983000 	/System/Library/PrivateFrameworks/MDMClientLibrary.framework/Versions/A/MDMClientLibrary
0x00007ffc24c61000 	/System/Library/PrivateFrameworks/RemoteManagementProtocol.framework/Versions/A/RemoteManagementProtocol
0x00007ffd1d047000 	/usr/lib/libEndpointSecuritySystem.dylib
0x00007ff82a6e1000 	/System/Library/PrivateFrameworks/SystemAdministration.framework/Versions/A/SystemAdministration
0x00007ff913ac7000 	/System/Library/PrivateFrameworks/PowerlogControl.framework/Versions/A/PowerlogControl
0x00007ff8216c8000 	/System/Library/Frameworks/ServiceManagement.framework/Versions/A/ServiceManagement
0x00007ff913ac9000 	/usr/lib/libUniversalAccess.dylib
0x00007ff831cbb000 	/System/Library/PrivateFrameworks/FamilyControls.framework/Versions/A/FamilyControls
0x00007ff829f62000 	/System/Library/Frameworks/DirectoryService.framework/Versions/A/DirectoryService
0x00007ff82e524000 	/System/Library/PrivateFrameworks/LoginUIKit.framework/Versions/A/Frameworks/LoginUICore.framework/Versions/A/LoginUICore
0x00007ff82469d000 	/usr/lib/libodfde.dylib
0x00007ff831cb6000 	/System/Library/PrivateFrameworks/UniversalAccess.framework/Versions/A/Libraries/libUAPreferences.dylib
0x00007ff831cde000 	/System/Library/PrivateFrameworks/CommerceKit.framework/Versions/A/Frameworks/CommerceCore.framework/Versions/A/CommerceCore
0x00007ffb29f35000 	/System/Library/PrivateFrameworks/DEPClientLibrary.framework/Versions/A/DEPClientLibrary
0x00007ffb29f52000 	/System/Library/PrivateFrameworks/DMCEnrollmentLibrary.framework/Versions/A/DMCEnrollmentLibrary
0x00007ff913ba5000 	/System/Library/PrivateFrameworks/SetupAssistantFramework.framework/Versions/A/SetupAssistantFramework
0x00007ff82eb0a000 	/System/Library/PrivateFrameworks/AuthKitUI.framework/Versions/A/AuthKitUI
0x00007ff82e569000 	/System/Library/PrivateFrameworks/AppSSO.framework/Versions/A/AppSSO
0x00007ff922bb9000 	/System/Library/PrivateFrameworks/LocalAuthenticationUI.framework/Versions/A/LocalAuthenticationUI
0x00007ffc23104000 	/System/Library/PrivateFrameworks/PlatformSSO.framework/Versions/A/PlatformSSO
0x00007ff9235a1000 	/System/Library/PrivateFrameworks/AOSUI.framework/Versions/A/AOSUI
0x00007ff915691000 	/System/Library/Frameworks/ContactsUI.framework/Versions/A/ContactsUI
0x00007ff82b177000 	/System/Library/PrivateFrameworks/FamilyCircle.framework/Versions/A/FamilyCircle
0x00007ff930e16000 	/System/Library/Frameworks/LinkPresentation.framework/Versions/A/LinkPresentation
0x00007ffc231e1000 	/System/Library/PrivateFrameworks/PlatformSSOCore.framework/Versions/A/PlatformSSOCore
0x00007ff9153b9000 	/System/Library/PrivateFrameworks/IASUtilities.framework/Versions/A/IASUtilities
0x00007ffc152c7000 	/System/Library/PrivateFrameworks/IASUtilitiesCore.framework/Versions/A/IASUtilitiesCore
0x00007ffc1988b000 	/System/Library/PrivateFrameworks/LocalAuthenticationCoreUI.framework/Versions/A/LocalAuthenticationCoreUI
0x00007ff91c3d8000 	/System/Library/Frameworks/LocalAuthentication.framework/Support/DaemonUtils.framework/Versions/A/DaemonUtils
0x00007ff91f7fb000 	/System/Library/PrivateFrameworks/BridgeXPC.framework/Versions/A/BridgeXPC
0x00007ff8244d8000 	/System/Library/PrivateFrameworks/CoreBrightness.framework/Versions/A/CoreBrightness
0x00007ff91d0c0000 	/System/Library/PrivateFrameworks/CoreKDL.framework/Versions/A/CoreKDL
0x00007ff91b865000 	/System/Library/PrivateFrameworks/EmbeddedOSSupportHost.framework/Versions/A/EmbeddedOSSupportHost
0x00007ffc2e065000 	/System/Library/PrivateFrameworks/SystemStatus.framework/Versions/A/SystemStatus
0x00007ff92ac98000 	/System/Library/PrivateFrameworks/StorageKit.framework/Versions/A/StorageKit
0x00007ffb12f3f000 	/System/Library/Frameworks/DeviceCheck.framework/Versions/A/DeviceCheck
0x00007ffb185c6000 	/System/Library/Frameworks/FSKit.framework/Versions/A/FSKit
0x00007ffb2a636000 	/System/Library/PrivateFrameworks/DiskImages2.framework/Versions/A/DiskImages2
0x00007ffc1973a000 	/System/Library/PrivateFrameworks/LiveFS.framework/Versions/A/LiveFS
0x00007ffd1a89e000 	/System/Library/PrivateFrameworks/icloudMCCKit.framework/Versions/A/icloudMCCKit
0x00007ffb21958000 	/System/Library/PrivateFrameworks/AppleAccountUI.framework/Versions/A/AppleAccountUI
0x00007ffb25a43000 	/System/Library/PrivateFrameworks/CloudSubscriptionFeatures.framework/Versions/A/CloudSubscriptionFeatures
0x00007ffa1caa4000 	/System/Library/PrivateFrameworks/PreferencePanesSupport.framework/Versions/A/PreferencePanesSupport
0x00007ff923744000 	/System/Library/PrivateFrameworks/FindMyDeviceUI.framework/Versions/A/FindMyDeviceUI
0x00007ffd1850e000 	/System/Library/PrivateFrameworks/iCloudQuotaUI.framework/Versions/A/iCloudQuotaUI
0x00007ffa1cc64000 	/System/Library/PrivateFrameworks/CoreCDPUI.framework/Versions/A/CoreCDPUI
0x00007ff91dc5e000 	/System/Library/PrivateFrameworks/CoreFollowUpUI.framework/Versions/A/CoreFollowUpUI
0x00007ff826815000 	/System/Library/PrivateFrameworks/CoreFollowUp.framework/Versions/A/CoreFollowUp
0x00007ff929abb000 	/System/Library/PrivateFrameworks/IMCore.framework/Versions/A/IMCore
0x00007ff913b2c000 	/System/Library/PrivateFrameworks/CoreCDP.framework/Versions/A/CoreCDP
0x00007ff83130e000 	/System/Library/PrivateFrameworks/AskPermission.framework/Versions/A/AskPermission
0x00007ff9216bf000 	/System/Library/Frameworks/Quartz.framework/Versions/A/Quartz
0x00007ff92d7fa000 	/System/Library/PrivateFrameworks/CloudPhotoServicesConfiguration.framework/Versions/A/CloudPhotoServicesConfiguration
0x00007ff91ff41000 	/System/Library/PrivateFrameworks/CommerceKit.framework/Versions/A/CommerceKit
0x00007ff92f035000 	/System/Library/PrivateFrameworks/FindMyMac.framework/Versions/A/FindMyMac
0x00007ff92ef1c000 	/System/Library/Frameworks/PreferencePanes.framework/Versions/A/PreferencePanes
0x00007ff922cb0000 	/System/Library/Frameworks/AddressBook.framework/Versions/A/AddressBook
0x00007ff83020f000 	/System/Library/PrivateFrameworks/AOSAccounts.framework/Versions/A/AOSAccounts
0x00007ff82a6dc000 	/System/Library/PrivateFrameworks/AppleSRP.framework/Versions/A/AppleSRP
0x00007ff91c303000 	/System/Library/Frameworks/SafariServices.framework/Versions/A/SafariServices
0x00007ff82ec43000 	/System/Library/PrivateFrameworks/NetFSServer.framework/Versions/A/NetFSServer
0x00007ff91ed2f000 	/System/Library/Frameworks/PDFKit.framework/Versions/A/PDFKit
0x00007ff92ffd9000 	/System/Library/PrivateFrameworks/EmailFoundation.framework/Versions/A/EmailFoundation
0x00007ff92ef76000 	/System/Library/PrivateFrameworks/EmailCore.framework/Versions/A/EmailCore
0x00007ffa130f0000 	/System/Library/PrivateFrameworks/EmailAddressing.framework/Versions/A/EmailAddressing
0x00007ffa130fc000 	/System/Library/PrivateFrameworks/Email.framework/Versions/A/Email
0x00007ffb1d914000 	/System/Library/Frameworks/TabularData.framework/Versions/A/TabularData
0x00007ffd1e2e1000 	/usr/lib/swift/libswiftPassKit.dylib
0x00007ffb23534000 	/System/Library/PrivateFrameworks/BackgroundSystemTasks.framework/Versions/A/BackgroundSystemTasks
0x00007ffc19906000 	/System/Library/PrivateFrameworks/LockdownMode.framework/Versions/A/LockdownMode
0x00007ff82b171000 	/System/Library/PrivateFrameworks/CommunicationsFilter.framework/Versions/A/CommunicationsFilter
0x00007ffa20b2d000 	/System/Library/Frameworks/PassKit.framework/Versions/A/PassKit
0x00007ff83278f000 	/System/Library/PrivateFrameworks/PassKitCore.framework/Versions/A/PassKitCore
0x00007ffc20aec000 	/System/Library/PrivateFrameworks/PassKitMacHelperTemp.framework/Versions/A/PassKitMacHelperTemp
0x00007ffb20d05000 	/System/Library/PrivateFrameworks/AppIntentsServices.framework/Versions/A/AppIntentsServices
0x00007ff82fe58000 	/System/Library/PrivateFrameworks/CoreRecents.framework/Versions/A/CoreRecents
0x00007ff91c40c000 	/System/Library/PrivateFrameworks/BiometricKit.framework/Versions/A/BiometricKit
0x00007ffc2555b000 	/System/Library/PrivateFrameworks/SEService.framework/Versions/A/SEService
0x00007ff830ad1000 	/System/Library/Frameworks/EventKit.framework/Versions/A/EventKit
0x00007ff921760000 	/System/Library/PrivateFrameworks/NearField.framework/Versions/A/NearField
0x00007ff9233d9000 	/System/Library/PrivateFrameworks/FTClientServices.framework/Versions/A/FTClientServices
0x00007ffa1c56f000 	/System/Library/PrivateFrameworks/DiagnosticRequest.framework/Versions/A/DiagnosticRequest
0x00007ffd1d17f000 	/usr/lib/libSESShared.dylib
0x00007ffc256ec000 	/System/Library/PrivateFrameworks/STSXPCHelperClient.framework/Versions/A/STSXPCHelperClient
0x00007ffc2de6f000 	/System/Library/PrivateFrameworks/Symptoms.framework/Versions/A/Frameworks/SymptomPresentationFeed.framework/Versions/A/SymptomPresentationFeed
0x00007ffb22309000 	/System/Library/PrivateFrameworks/AppleMediaServicesKitInternal.framework/Versions/A/AppleMediaServicesKitInternal
0x00007ffc2dbe9000 	/System/Library/PrivateFrameworks/SymptomShared.framework/Versions/A/SymptomShared
0x00007ffb24c76000 	/System/Library/PrivateFrameworks/CalendarDatabase.framework/Versions/A/CalendarDatabase
0x00007ffb24bca000 	/System/Library/PrivateFrameworks/CalendarDaemon.framework/Versions/A/CalendarDaemon
0x00007ff82feac000 	/System/Library/PrivateFrameworks/CalendarFoundation.framework/Versions/A/CalendarFoundation
0x00007ff82fe67000 	/System/Library/PrivateFrameworks/iCalendar.framework/Versions/A/iCalendar
0x00007ffb2a19f000 	/System/Library/PrivateFrameworks/DataAccessExpress.framework/Versions/A/DataAccessExpress
0x00007ff915244000 	/System/Library/PrivateFrameworks/CoreDAV.framework/Versions/A/CoreDAV
0x00007ff8309aa000 	/System/Library/PrivateFrameworks/CalDAV.framework/Versions/A/CalDAV
0x00007ff919a71000 	/System/Library/PrivateFrameworks/TelephonyUtilities.framework/Versions/A/TelephonyUtilities
0x00007ff91dd1c000 	/System/Library/Frameworks/CallKit.framework/Versions/A/CallKit
0x00007ffa25dc4000 	/System/Library/PrivateFrameworks/IMTransferServices.framework/Versions/A/IMTransferServices
0x00007ff91c16f000 	/System/Library/PrivateFrameworks/IncomingCallFilter.framework/Versions/A/IncomingCallFilter
0x00007ffc1e652000 	/System/Library/PrivateFrameworks/NeighborhoodActivityConduit.framework/Versions/A/NeighborhoodActivityConduit
0x00007ffd1d01d000 	/usr/lib/libBASupport.dylib
0x00007ff929857000 	/System/Library/PrivateFrameworks/SpotlightReceiver.framework/Versions/A/SpotlightReceiver
0x00007ff923053000 	/usr/lib/libnfshared.dylib
0x00007ffa23431000 	/System/Library/PrivateFrameworks/PassKitUIFoundation.framework/Versions/A/PassKitUIFoundation
0x00007ff829fbd000 	/System/Library/Frameworks/MapKit.framework/Versions/A/MapKit
0x00007ffb1858f000 	/System/Library/Frameworks/ExtensionKit.framework/Versions/A/ExtensionKit
0x00007ffc12924000 	/System/Library/PrivateFrameworks/GeoAnalytics.framework/Versions/A/GeoAnalytics
0x00007ff91d215000 	/System/Library/PrivateFrameworks/SearchFoundation.framework/Versions/A/SearchFoundation
0x00007ff923089000 	/System/Library/PrivateFrameworks/Navigation.framework/Versions/A/Navigation
0x00007ff92c0ae000 	/System/Library/PrivateFrameworks/VectorKit.framework/Versions/A/VectorKit
0x00007ff915472000 	/System/Library/PrivateFrameworks/VirtualGarage.framework/Versions/A/VirtualGarage
0x00007ff92321d000 	/System/Library/Frameworks/ExternalAccessory.framework/ExternalAccessory
0x00007ff923236000 	/System/Library/PrivateFrameworks/IAP.framework/Versions/A/IAP
0x00007ff82a281000 	/System/Library/PrivateFrameworks/IOPlatformPluginFamily.framework/Versions/A/IOPlatformPluginFamily
0x00007ffb233f0000 	/System/Library/PrivateFrameworks/AvatarKit.framework/Versions/A/AvatarKit
0x00007ffb234b1000 	/System/Library/PrivateFrameworks/AvatarPersistence.framework/Versions/A/AvatarPersistence
0x00007ffc24cd2000 	/System/Library/PrivateFrameworks/RemoteUI.framework/Versions/A/RemoteUI
0x00007ff82a385000 	/usr/lib/libCTGreenTeaLogger.dylib
0x00007ffb1db24000 	/System/Library/Frameworks/TipKit.framework/Versions/A/TipKit
0x00007ffa1ebf3000 	/System/Library/PrivateFrameworks/AppleCVA.framework/Versions/A/AppleCVA
0x00007ffb234b0000 	/System/Library/PrivateFrameworks/AvatarKitContent.framework/Versions/A/AvatarKitContent
0x00007ff82a3b1000 	/System/Library/PrivateFrameworks/CoreAppleCVA.framework/Versions/A/CoreAppleCVA
0x00007ffc18ab1000 	/System/Library/PrivateFrameworks/LiftUI.framework/Versions/A/LiftUI
0x00007ffb259bd000 	/System/Library/PrivateFrameworks/CloudSettings.framework/Versions/A/CloudSettings
0x00007ff91bda3000 	/System/Library/PrivateFrameworks/CoreRoutine.framework/Versions/A/CoreRoutine
0x00007ff92a859000 	/System/Library/PrivateFrameworks/Categories.framework/Versions/A/Categories
0x00007ffb25dc4000 	/System/Library/PrivateFrameworks/Coherence.framework/Versions/A/Coherence
0x00007ff919974000 	/System/Library/PrivateFrameworks/CoreParsec.framework/Versions/A/CoreParsec
0x00007ffc2107f000 	/System/Library/PrivateFrameworks/PegasusAPI.framework/Versions/A/PegasusAPI
0x00007ffc21b32000 	/System/Library/PrivateFrameworks/PegasusConfiguration.framework/Versions/A/PegasusConfiguration
0x00007ffc198e4000 	/System/Library/PrivateFrameworks/LocalStatusKit.framework/Versions/A/LocalStatusKit
0x00007ff91dec8000 	/System/Library/PrivateFrameworks/ContextKit.framework/Versions/A/ContextKit
0x00007ffb26636000 	/System/Library/PrivateFrameworks/ContextKitCore.framework/Versions/A/ContextKitCore
0x00007ff9233dd000 	/System/Library/PrivateFrameworks/CharacterPicker.framework/Versions/A/CharacterPicker
0x00007ff91c272000 	/System/Library/PrivateFrameworks/ContactsDonation.framework/Versions/A/ContactsDonation
0x00007ff9155a6000 	/System/Library/PrivateFrameworks/ContactsUICore.framework/Versions/A/ContactsUICore
0x00007ff91bb7f000 	/System/Library/PrivateFrameworks/DataDetectors.framework/Versions/A/DataDetectors
0x00007ff830998000 	/System/Library/Frameworks/MediaLibrary.framework/Versions/A/MediaLibrary
0x00007ff82b161000 	/System/Library/PrivateFrameworks/PersonaKit.framework/Versions/A/PersonaKit
0x00007ff915595000 	/System/Library/PrivateFrameworks/PersonaUI.framework/Versions/A/PersonaUI
0x00007ffc15a6f000 	/System/Library/PrivateFrameworks/InputToolKitUI.framework/Versions/A/InputToolKitUI
0x00007ffc15a5a000 	/System/Library/PrivateFrameworks/InputToolKit.framework/Versions/A/InputToolKit
0x00007ffc2d589000 	/System/Library/PrivateFrameworks/Stickers.framework/Versions/A/Stickers
0x00007ffc159c6000 	/System/Library/PrivateFrameworks/InputAnalytics.framework/Versions/A/InputAnalytics
0x00007ff924a59000 	/System/Library/PrivateFrameworks/EmojiFoundation.framework/Versions/A/EmojiFoundation
0x00007ffb2ba7d000 	/System/Library/PrivateFrameworks/FeedbackService.framework/Versions/A/FeedbackService
0x00007ff82adfc000 	/System/Library/PrivateFrameworks/AddressBookCore.framework/Versions/A/AddressBookCore
0x00007ff91dbe0000 	/System/Library/PrivateFrameworks/IntlPreferences.framework/Versions/A/IntlPreferences
0x00007ff922e22000 	/System/Library/PrivateFrameworks/ToneKit.framework/Versions/A/ToneKit
0x00007ff91dc25000 	/System/Library/PrivateFrameworks/ToneLibrary.framework/Versions/A/ToneLibrary
0x00007ffb264d8000 	/System/Library/PrivateFrameworks/ContactsAccounts.framework/Versions/A/ContactsAccounts
0x00007ff92e93b000 	/System/Library/PrivateFrameworks/Transparency.framework/Versions/A/Transparency
0x00007ff9215e3000 	/System/Library/PrivateFrameworks/Lookup.framework/Versions/A/Lookup
0x00007ffb1be16000 	/System/Library/Frameworks/QuickLookUI.framework/Versions/A/QuickLookUI
0x00007ffb1c794000 	/System/Library/Frameworks/ScreenCaptureKit.framework/Versions/A/ScreenCaptureKit
0x00007ff91e861000 	/System/Library/Frameworks/Quartz.framework/Versions/A/Frameworks/QuartzComposer.framework/Versions/A/QuartzComposer
0x00007ff91dbb7000 	/System/Library/Frameworks/Quartz.framework/Versions/A/Frameworks/QuartzFilters.framework/Versions/A/QuartzFilters
0x00007ff91cba6000 	/System/Library/Frameworks/Quartz.framework/Versions/A/Frameworks/ImageKit.framework/Versions/A/ImageKit
0x00007ff91b2b4000 	/System/Library/PrivateFrameworks/CorePDF.framework/Versions/A/CorePDF
0x00007ff828100000 	/System/Library/Frameworks/QuickLook.framework/Versions/A/QuickLook
0x00007ff83269a000 	/System/Library/PrivateFrameworks/DisplayServices.framework/Versions/A/DisplayServices
0x00007ff91db1f000 	/System/Library/Frameworks/ImageCaptureCore.framework/Versions/A/ImageCaptureCore
0x00007ffd14ae0000 	/System/Library/PrivateFrameworks/VisionKitCore.framework/Versions/A/VisionKitCore
0x00007ff919945000 	/System/Library/PrivateFrameworks/QuickLookSupport.framework/Versions/A/QuickLookSupport
0x00007ffc1be91000 	/System/Library/PrivateFrameworks/MediaAnalysisServices.framework/Versions/A/MediaAnalysisServices
0x00007ff920525000 	/System/Library/PrivateFrameworks/PhotoLibraryServices.framework/Versions/A/PhotoLibraryServices
0x00007ff91d742000 	/System/Library/Frameworks/Photos.framework/Versions/A/Photos
0x00007ff9311fa000 	/System/Library/PrivateFrameworks/PhotosFormats.framework/Versions/A/PhotosFormats
0x00007ff92d82a000 	/System/Library/PrivateFrameworks/CloudPhotoLibrary.framework/Versions/A/CloudPhotoLibrary
0x00007ffa16a76000 	/System/Library/PrivateFrameworks/CloudPhotoServices.framework/Versions/A/CloudPhotoServices
0x00007ffa1325e000 	/System/Library/PrivateFrameworks/CoreMediaStream.framework/Versions/A/CoreMediaStream
0x00007ff82bb24000 	/System/Library/PrivateFrameworks/CPAnalytics.framework/Versions/A/CPAnalytics
0x00007ff92f627000 	/System/Library/PrivateFrameworks/MediaConversionService.framework/Versions/A/MediaConversionService
0x00007ff832338000 	/System/Library/PrivateFrameworks/PhotoFoundation.framework/Versions/A/PhotoFoundation
0x00007ffc22050000 	/System/Library/PrivateFrameworks/PhotoLibraryServicesCore.framework/Versions/A/PhotoLibraryServicesCore
0x00007ff929275000 	/System/Library/PrivateFrameworks/MMCS.framework/Versions/A/MMCS
0x00007ff8307e7000 	/System/Library/PrivateFrameworks/ChunkingLibrary.framework/Versions/A/ChunkingLibrary
0x00007ff82a689000 	/System/Library/PrivateFrameworks/AssetCacheServices.framework/Versions/A/AssetCacheServices
0x00007ff82c663000 	/System/Library/PrivateFrameworks/AVFoundationCF.framework/Versions/A/AVFoundationCF
0x00007ffa25cc2000 	/usr/lib/swift/libswiftDemangle.dylib
0x00007ff91be03000 	/System/Library/PrivateFrameworks/MediaStream.framework/Versions/A/MediaStream
0x00007ff92fba3000 	/System/Library/PrivateFrameworks/NeutrinoCore.framework/Versions/A/NeutrinoCore
0x00007ff81a7e0000 	/System/Library/PrivateFrameworks/NLP.framework/Versions/A/NLP
0x00007ffa157de000 	/System/Library/PrivateFrameworks/PhotoImaging.framework/Versions/A/PhotoImaging
0x00007ffa16a36000 	/System/Library/PrivateFrameworks/PhotosImagingFoundation.framework/Versions/A/PhotosImagingFoundation
0x00007ffc22b4f000 	/System/Library/PrivateFrameworks/PhotosIntelligenceCore.framework/Versions/A/PhotosIntelligenceCore
0x00007ff82cb1e000 	/System/Library/PrivateFrameworks/EmbeddedAcousticRecognition.framework/Versions/A/EmbeddedAcousticRecognition
0x00007ff92da9a000 	/System/Library/PrivateFrameworks/SDAPI.framework/Versions/A/SDAPI
0x00007ffa16a83000 	/System/Library/PrivateFrameworks/AutoLoop.framework/Versions/A/AutoLoop
0x00007ffc234e2000 	/System/Library/PrivateFrameworks/Portrait.framework/Versions/A/Portrait
0x00007ffb219f3000 	/System/Library/PrivateFrameworks/AppleDepth.framework/Versions/A/AppleDepth
0x00007ffb2c4af000 	/System/Library/PrivateFrameworks/FusionTracker.framework/Versions/A/FusionTracker
0x00007ffb21b21000 	/System/Library/PrivateFrameworks/AppleDepthCore.framework/Versions/A/AppleDepthCore
0x00007ff91e31c000 	/System/Library/PrivateFrameworks/iTunesCloud.framework/Versions/A/iTunesCloud
0x00007ff9269f5000 	/System/Library/PrivateFrameworks/DAAPKit.framework/Versions/A/DAAPKit
0x00007ffd1e37e000 	/usr/lib/swift/libswiftVideoToolbox.dylib
0x00007ff919c48000 	/System/Library/PrivateFrameworks/DeviceManagement.framework/Versions/A/DeviceManagement
0x00007ffa1c4cf000 	/System/Library/PrivateFrameworks/ScreenTimeUI.framework/Versions/A/ScreenTimeUI
0x00007ff91bb79000 	/System/Library/PrivateFrameworks/QuickLookNonBaseSystem.framework/Versions/A/QuickLookNonBaseSystem
0x00007ff91c341000 	/System/Library/PrivateFrameworks/Catalyst.framework/Versions/A/Catalyst
0x00007ffc1b5f0000 	/System/Library/PrivateFrameworks/ManagedSettingsObjC.framework/Versions/A/ManagedSettingsObjC
0x00007ff91ddb9000 	/System/Library/PrivateFrameworks/ScreenTimeCore.framework/Versions/A/ScreenTimeCore
0x00007ff930736000 	/System/Library/PrivateFrameworks/ScreenTimeServiceUI.framework/Versions/A/ScreenTimeServiceUI
0x00007ff92940d000 	/System/Library/PrivateFrameworks/ConfigurationEngineModel.framework/Versions/A/ConfigurationEngineModel
0x00007ff92c063000 	/System/Library/PrivateFrameworks/UsageTracking.framework/Versions/A/UsageTracking
0x00007ffb183c6000 	/System/Library/Frameworks/DeviceActivity.framework/Versions/A/DeviceActivity
0x00007ff92c035000 	/System/Library/PrivateFrameworks/KnowledgeMonitor.framework/Versions/A/KnowledgeMonitor
0x00007ffa233d8000 	/System/Library/PrivateFrameworks/BluetoothManager.framework/Versions/A/BluetoothManager
0x00007ffb192ce000 	/System/Library/Frameworks/ManagedSettings.framework/Versions/A/ManagedSettings
0x00007ffc1b628000 	/System/Library/PrivateFrameworks/ManagedSettingsSupport.framework/Versions/A/ManagedSettingsSupport
0x00007ffa20c2e000 	/System/Library/Frameworks/ReplayKit.framework/Versions/A/ReplayKit
0x00007ff911ab6000 	/System/Library/PrivateFrameworks/MarkupUI.framework/Versions/A/MarkupUI
0x00007ff91bb53000 	/System/Library/PrivateFrameworks/SidecarCore.framework/Versions/A/SidecarCore
0x00007ff91e710000 	/System/Library/PrivateFrameworks/AnnotationKit.framework/Versions/A/AnnotationKit
0x00007ffb1dc67000 	/System/Library/Frameworks/Translation.framework/Versions/A/Translation
0x00007ffa18349000 	/System/Library/PrivateFrameworks/RevealCore.framework/Versions/A/RevealCore
0x00007ffa1833e000 	/System/Library/PrivateFrameworks/Reveal.framework/Versions/A/Reveal
0x00007ffc3150c000 	/System/Library/PrivateFrameworks/TranslationUIServices.framework/Versions/A/TranslationUIServices
0x00007ff91ce08000 	/System/Library/Frameworks/PencilKit.framework/Versions/A/PencilKit
0x00007ff91cfd3000 	/System/Library/PrivateFrameworks/SidecarUI.framework/Versions/A/SidecarUI
0x00007ff91c6d3000 	/System/Library/PrivateFrameworks/CoreHandwriting.framework/Versions/A/CoreHandwriting
0x00007ff814758000 	/usr/lib/libmecabra.dylib
0x00007ff9159e5000 	/System/Library/PrivateFrameworks/Calculate.framework/Versions/A/Calculate
0x00007ff823c95000 	/usr/lib/libChineseTokenizer.dylib
0x00007ffa303c8000 	/System/Library/PrivateFrameworks/ScreenReaderCore.framework/Versions/A/ScreenReaderCore
0x00007ffc2d902000 	/System/Library/PrivateFrameworks/StocksKit.framework/Versions/A/StocksKit
0x00007ff914bc9000 	/System/Library/PrivateFrameworks/OAuth.framework/Versions/A/OAuth
0x00007ffc2d5fe000 	/System/Library/PrivateFrameworks/StocksCore.framework/Versions/A/StocksCore
0x00007ffc2e4f2000 	/System/Library/PrivateFrameworks/TeaFoundation.framework/Versions/A/TeaFoundation
0x00007ffc2e67a000 	/System/Library/PrivateFrameworks/TeaSettings.framework/Versions/A/TeaSettings
0x00007ffa26f1f000 	/System/Library/PrivateFrameworks/NewsCore.framework/Versions/A/NewsCore
0x00007ffc2e49f000 	/System/Library/PrivateFrameworks/TeaDB.framework/Versions/A/TeaDB
0x00007ffa2427e000 	/System/Library/PrivateFrameworks/RemoteConfiguration.framework/Versions/A/RemoteConfiguration
0x00007ffa26b38000 	/System/Library/PrivateFrameworks/NewsTransport.framework/Versions/A/NewsTransport
0x00007ffa26f11000 	/System/Library/PrivateFrameworks/NewsFoundation.framework/Versions/A/NewsFoundation
0x00007ffc1eb35000 	/System/Library/PrivateFrameworks/NewsURLBucket.framework/Versions/A/NewsURLBucket
0x00007ff920165000 	/System/Library/PrivateFrameworks/MobileInstallation.framework/Versions/A/MobileInstallation
0x00007ffc30702000 	/System/Library/PrivateFrameworks/TipKitCore.framework/Versions/A/TipKitCore
0x00007ff924ad7000 	/System/Library/PrivateFrameworks/CoreCDPInternal.framework/Versions/A/CoreCDPInternal
0x00007ff914b15000 	/System/Library/PrivateFrameworks/AccountsDaemon.framework/Versions/A/AccountsDaemon
0x00007ffc24983000 	/System/Library/PrivateFrameworks/RegulatoryDomain.framework/Versions/A/RegulatoryDomain
0x00007ffa1cc61000 	/System/Library/PrivateFrameworks/MachineSettings.framework/Versions/A/MachineSettings
0x00007ff92eea1000 	/System/Library/PrivateFrameworks/BezelServices.framework/Versions/A/BezelServices
0x00007ff926a81000 	/System/Library/PrivateFrameworks/SPOwner.framework/Versions/A/SPOwner
0x00007ff91ffa5000 	/System/Library/PrivateFrameworks/FMCore.framework/Versions/A/FMCore
0x00007ffd18474000 	/System/Library/PrivateFrameworks/iCloudQuota.framework/Versions/A/iCloudQuota
0x00007ff91550a000 	/System/Library/PrivateFrameworks/CoreRecognition.framework/Versions/A/CoreRecognition
0x00007ff92ef52000 	/System/Library/PrivateFrameworks/InAppMessages.framework/Versions/A/InAppMessages
0x00007ffa2f1ef000 	/System/Library/PrivateFrameworks/JetUI.framework/Versions/A/JetUI
0x00007ffc18819000 	/System/Library/PrivateFrameworks/JetPack.framework/Versions/A/JetPack
0x00007ff92ef4a000 	/System/Library/PrivateFrameworks/InAppMessagesCore.framework/Versions/A/InAppMessagesCore
0x00007ffd17bce000 	/System/Library/PrivateFrameworks/_JetEngine_SwiftUI.framework/Versions/A/_JetEngine_SwiftUI
0x00007ffc2de97000 	/System/Library/PrivateFrameworks/Synapse.framework/Versions/A/Synapse
0x00007ffb24a93000 	/System/Library/PrivateFrameworks/CSExattrCrypto.framework/Versions/A/CSExattrCrypto
0x00007ff832348000 	/System/Library/PrivateFrameworks/IMSharedUtilities.framework/Versions/A/IMSharedUtilities
0x00007ff92a189000 	/System/Library/Frameworks/InstantMessage.framework/Versions/A/InstantMessage
0x00007ff922bb3000 	/System/Library/PrivateFrameworks/IDSKVStore.framework/Versions/A/IDSKVStore
0x00007ff9229f2000 	/System/Library/PrivateFrameworks/IMDPersistence.framework/Versions/A/IMDPersistence
0x00007ffd1e288000 	/usr/lib/swift/libswiftAppleArchive.dylib
0x00007ffd13092000 	/System/Library/PrivateFrameworks/UserSafety.framework/Versions/A/UserSafety
0x00007ffa22685000 	/System/Library/PrivateFrameworks/BlastDoor.framework/Versions/A/BlastDoor
0x00007ffb1c810000 	/System/Library/Frameworks/SensitiveContentAnalysis.framework/Versions/A/SensitiveContentAnalysis
0x00007ffc195ca000 	/System/Library/PrivateFrameworks/LinkPresentationStyleSheetParsing.framework/Versions/A/LinkPresentationStyleSheetParsing
0x00007ff91c1ce000 	/System/Library/PrivateFrameworks/CoreSDB.framework/Versions/A/CoreSDB
0x00007ffb22f5c000 	/System/Library/PrivateFrameworks/AskToCore.framework/Versions/A/AskToCore
0x00007ff9212e4000 	/System/Library/PrivateFrameworks/StoreFoundation.framework/Versions/A/StoreFoundation
0x00007ff91ff9f000 	/System/Library/PrivateFrameworks/ServerInformation.framework/Versions/A/ServerInformation
0x00007ff91fa0d000 	/System/Library/PrivateFrameworks/Install.framework/Frameworks/DistributionKit.framework/Versions/A/DistributionKit
0x00007ff919705000 	/System/Library/PrivateFrameworks/PackageKit.framework/Versions/A/PackageKit
0x00007ff91fa2e000 	/System/Library/PrivateFrameworks/OSPersonalization.framework/Versions/A/OSPersonalization
0x00007ff92182e000 	/System/Library/PrivateFrameworks/BridgeOSSoftwareUpdate.framework/Versions/A/BridgeOSSoftwareUpdate
0x00007ff91c614000 	/System/Library/PrivateFrameworks/StorageManagement.framework/Versions/A/StorageManagement
0x00007ff930301000 	/usr/lib/libauthinstall.dylib
0x00007ff921836000 	/System/Library/PrivateFrameworks/InstallerDiagnostics.framework/Versions/A/InstallerDiagnostics
0x00007ff9308f5000 	/usr/lib/libcrypto.42.dylib
0x00007ff92181e000 	/System/Library/PrivateFrameworks/GPUInfo.framework/Versions/A/GPUInfo
0x00007ff92f03b000 	/System/Library/PrivateFrameworks/MobileActivationMacOS.framework/Versions/A/MobileActivationMacOS
0x00007ff82baca000 	/System/Library/PrivateFrameworks/GenerationalStorage.framework/Versions/A/GenerationalStorage
0x00007ff826c0a000 	/System/Library/PrivateFrameworks/CacheDelete.framework/Versions/A/CacheDelete
0x00007ff82ed6d000 	/System/Library/Frameworks/QuickLookThumbnailing.framework/Versions/A/QuickLookThumbnailing
0x00007ff82b8fa000 	/System/Library/Frameworks/FileProvider.framework/Versions/A/FileProvider
0x00007ff818a94000 	/System/Library/PrivateFrameworks/DesktopServicesPriv.framework/Versions/A/DesktopServicesPriv
0x00007ff81afba000 	/System/Library/Frameworks/Accounts.framework/Versions/A/Accounts
0x00007ff92187e000 	/System/Library/PrivateFrameworks/AOSKit.framework/Versions/A/AOSKit
0x00007ff823f84000 	/System/Library/PrivateFrameworks/AppSSOCore.framework/Versions/A/AppSSOCore
0x00007ff82e52a000 	/System/Library/PrivateFrameworks/AppSupport.framework/Versions/A/AppSupport
0x00007ff91b66d000 	/System/Library/Frameworks/AVFoundation.framework/Versions/A/AVFoundation
0x00007ff82ec98000 	/System/Library/PrivateFrameworks/DuetActivityScheduler.framework/Versions/A/DuetActivityScheduler
0x00007ff91c175000 	/System/Library/PrivateFrameworks/FTServices.framework/Versions/A/FTServices
0x00007ff92d764000 	/System/Library/PrivateFrameworks/NetworkServiceProxy.framework/Versions/A/NetworkServiceProxy
0x00007ff82ca37000 	/System/Library/PrivateFrameworks/Rapport.framework/Versions/A/Rapport
0x00007ffc2dbf8000 	/System/Library/PrivateFrameworks/Symptoms.framework/Versions/A/Frameworks/SymptomAnalytics.framework/Versions/A/SymptomAnalytics
0x00007ff82a2f1000 	/usr/lib/libnetworkextension.dylib
0x00007ffa2320c000 	/System/Library/Frameworks/CryptoKit.framework/Versions/A/CryptoKit
0x00007ff82ec37000 	/System/Library/PrivateFrameworks/CryptoKitCBridging.framework/Versions/A/CryptoKitCBridging
0x00007ff82c588000 	/System/Library/Frameworks/CryptoTokenKit.framework/Versions/A/CryptoTokenKit
0x00007ffa17016000 	/usr/lib/swift/libswiftCryptoTokenKit.dylib
0x00007ff82c5e9000 	/System/Library/Frameworks/LocalAuthentication.framework/Versions/A/LocalAuthentication
0x00007ffc1978a000 	/System/Library/PrivateFrameworks/LocalAuthenticationCore.framework/Versions/A/LocalAuthenticationCore
0x00007ff82c639000 	/System/Library/Frameworks/LocalAuthentication.framework/Support/SharedUtils.framework/Versions/A/SharedUtils
0x00007ff82b302000 	/System/Library/PrivateFrameworks/SymptomDiagnosticReporter.framework/Versions/A/SymptomDiagnosticReporter
0x00007ffb29e73000 	/System/Library/PrivateFrameworks/CryptoKitPrivate.framework/Versions/A/CryptoKitPrivate
0x00007ff81d848000 	/System/Library/PrivateFrameworks/ApplePushService.framework/Versions/A/ApplePushService
0x00007ff91b891000 	/System/Library/PrivateFrameworks/FindMyDevice.framework/Versions/A/FindMyDevice
0x00007ff81b040000 	/System/Library/PrivateFrameworks/CommonUtilities.framework/Versions/A/CommonUtilities
0x00007ffa12059000 	/System/Library/PrivateFrameworks/DeviceIdentity.framework/Versions/A/DeviceIdentity
0x00007ff82469e000 	/System/Library/PrivateFrameworks/Bom.framework/Versions/A/Bom
0x00007ff826774000 	/usr/lib/libParallelCompression.dylib
0x00007ff826767000 	/System/Library/PrivateFrameworks/MultiverseSupport.framework/Versions/A/MultiverseSupport
0x00007ff832773000 	/System/Library/PrivateFrameworks/FMCoreLite.framework/Versions/A/FMCoreLite
0x00007ff821f93000 	/System/Library/PrivateFrameworks/AuthKit.framework/Versions/A/AuthKit
0x00007ff82b425000 	/System/Library/PrivateFrameworks/DiskManagement.framework/Versions/A/DiskManagement
0x00007ff82b33f000 	/System/Library/PrivateFrameworks/AppleIDAuthSupport.framework/Versions/A/AppleIDAuthSupport
0x00007ffb1ec08000 	/System/Library/PrivateFrameworks/AAAFoundation.framework/Versions/A/AAAFoundation
0x00007ff826c59000 	/System/Library/PrivateFrameworks/KeychainCircle.framework/Versions/A/KeychainCircle
0x00007ff915eba000 	/System/Library/PrivateFrameworks/URLFormatting.framework/Versions/A/URLFormatting
0x00007ff82e495000 	/usr/lib/libcsfde.dylib
0x00007ff82410f000 	/usr/lib/libCoreStorage.dylib
0x00007ff828076000 	/System/Library/PrivateFrameworks/ProtectedCloudStorage.framework/Versions/A/ProtectedCloudStorage
0x00007ff82e491000 	/System/Library/PrivateFrameworks/EFILogin.framework/Versions/A/EFILogin
0x00007ff91519e000 	/System/Library/PrivateFrameworks/CloudServices.framework/Versions/A/CloudServices
0x00007ff82baf4000 	/System/Library/PrivateFrameworks/OctagonTrust.framework/Versions/A/OctagonTrust
0x00007ff82c19c000 	/System/Library/PrivateFrameworks/AVFCore.framework/Versions/A/AVFCore
0x00007ff913bb4000 	/System/Library/PrivateFrameworks/AVFCapture.framework/Versions/A/AVFCapture
0x00007ffb2487e000 	/System/Library/PrivateFrameworks/CMImaging.framework/Versions/A/CMImaging
0x00007ff913dd7000 	/System/Library/PrivateFrameworks/Quagga.framework/Versions/A/Quagga
0x00007ff913f06000 	/System/Library/PrivateFrameworks/CMCapture.framework/Versions/A/CMCapture
0x00007ff826845000 	/System/Library/Frameworks/CoreMediaIO.framework/Versions/A/CoreMediaIO
0x00007ff82edb4000 	/System/Library/PrivateFrameworks/Espresso.framework/Versions/A/Espresso
0x00007ffb11a84000 	/System/Library/PrivateFrameworks/ANECompiler.framework/Versions/A/ANECompiler
0x00007ff830f38000 	/System/Library/PrivateFrameworks/AppleNeuralEngine.framework/Versions/A/AppleNeuralEngine
0x00007ffb19f92000 	/System/Library/Frameworks/MetalPerformanceShadersGraph.framework/Versions/A/MetalPerformanceShadersGraph
0x00007ffc1a278000 	/System/Library/PrivateFrameworks/MLCompilerServices.framework/Versions/A/MLCompilerServices
0x00007ff82fda0000 	/System/Library/PrivateFrameworks/ANEServices.framework/Versions/A/ANEServices
0x00007ff9215fd000 	/usr/lib/libncurses.5.4.dylib
0x00007ff8172f6000 	/usr/lib/libsandbox.1.dylib
0x00007ff824107000 	/usr/lib/libMatch.1.dylib
0x00007ffc1a21a000 	/System/Library/PrivateFrameworks/MLCompilerRuntime.framework/Versions/A/MLCompilerRuntime
0x00007ffb247ad000 	/System/Library/PrivateFrameworks/CMCaptureDevice.framework/Versions/A/CMCaptureDevice
0x00007ffb253e4000 	/System/Library/PrivateFrameworks/CinematicFraming.framework/Versions/A/CinematicFraming
0x00007ff91b2b6000 	/System/Library/Frameworks/CoreMotion.framework/Versions/A/CoreMotion
0x00007ff92a25c000 	/System/Library/PrivateFrameworks/TimeSync.framework/Versions/A/TimeSync
0x00007ffb2a7e5000 	/System/Library/PrivateFrameworks/DistributedSensing.framework/Versions/A/DistributedSensing
0x00007ff925e0a000 	/System/Library/PrivateFrameworks/MobileBluetooth.framework/Versions/A/MobileBluetooth
0x00007ff82640c000 	/System/Library/PrivateFrameworks/LocationSupport.framework/Versions/A/LocationSupport
0x00007ff92bcce000 	/System/Library/PrivateFrameworks/IOKitten.framework/Versions/A/IOKitten
0x00007ff818d0c000 	/System/Library/PrivateFrameworks/CoreDuet.framework/Versions/A/CoreDuet
0x00007ff82d795000 	/System/Library/PrivateFrameworks/CoreDuetContext.framework/Versions/A/CoreDuetContext
0x00007ff92699d000 	/System/Library/PrivateFrameworks/BiomeFoundation.framework/Versions/A/BiomeFoundation
0x00007ffb235e9000 	/System/Library/PrivateFrameworks/BiomeLibrary.framework/Versions/A/BiomeLibrary
0x00007ff92a2dc000 	/System/Library/PrivateFrameworks/BiomeStreams.framework/Versions/A/BiomeStreams
0x00007ff93073d000 	/System/Library/PrivateFrameworks/BiomePubSub.framework/Versions/A/BiomePubSub
0x00007ff81d8ab000 	/System/Library/Frameworks/CloudKit.framework/Versions/A/CloudKit
0x00007ff82d7ea000 	/System/Library/Frameworks/Intents.framework/Versions/A/Intents
0x00007ff82ff3e000 	/System/Library/PrivateFrameworks/CoreDuetDaemonProtocol.framework/Versions/A/CoreDuetDaemonProtocol
0x00007ff82fdcd000 	/System/Library/PrivateFrameworks/ProactiveSupport.framework/Versions/A/ProactiveSupport
0x00007ffc2344f000 	/System/Library/PrivateFrameworks/PoirotSchematizer.framework/Versions/A/PoirotSchematizer
0x00007ffb23d09000 	/System/Library/PrivateFrameworks/BiomeSync.framework/Versions/A/BiomeSync
0x00007ffb235ca000 	/System/Library/PrivateFrameworks/BiomeFlexibleStorage.framework/Versions/A/BiomeFlexibleStorage
0x00007ffb235b0000 	/System/Library/PrivateFrameworks/BiomeDSL.framework/Versions/A/BiomeDSL
0x00007ff93079d000 	/System/Library/PrivateFrameworks/BiomeStorage.framework/Versions/A/BiomeStorage
0x00007ffc234be000 	/System/Library/PrivateFrameworks/PoirotUDFs.framework/Versions/A/PoirotUDFs
0x00007ffc23426000 	/System/Library/PrivateFrameworks/PoirotSQLite.framework/Versions/A/PoirotSQLite
0x00007ff82e81d000 	/System/Library/PrivateFrameworks/InternationalTextSearch.framework/Versions/A/InternationalTextSearch
0x00007ffc18124000 	/System/Library/PrivateFrameworks/IntelligencePlatformLibrary.framework/Versions/A/IntelligencePlatformLibrary
0x00007ffb2504c000 	/System/Library/PrivateFrameworks/CascadeSets.framework/Versions/A/CascadeSets
0x00007ff82779e000 	/System/Library/PrivateFrameworks/IDS.framework/Versions/A/IDS
0x00007ff826397000 	/System/Library/PrivateFrameworks/IMFoundation.framework/Versions/A/IMFoundation
0x00007ff9154be000 	/System/Library/PrivateFrameworks/Marco.framework/Versions/A/Marco
0x00007ff82796f000 	/System/Library/PrivateFrameworks/IDSFoundation.framework/Versions/A/IDSFoundation
0x00007ff911ae0000 	/System/Library/PrivateFrameworks/Engram.framework/Versions/A/Engram
0x00007ff911a84000 	/usr/lib/libtidy.A.dylib
0x00007ff929d89000 	/System/Library/PrivateFrameworks/FTAWD.framework/Versions/A/FTAWD
0x00007ffb1c8c2000 	/System/Library/Frameworks/SharedWithYouCore.framework/Versions/A/SharedWithYouCore
0x00007ff82e8e6000 	/System/Library/PrivateFrameworks/AppleAccount.framework/Versions/A/AppleAccount
0x00007ff82ed17000 	/System/Library/PrivateFrameworks/C2.framework/Versions/A/C2
0x00007ff81efac000 	/System/Library/Frameworks/CoreLocation.framework/Versions/A/CoreLocation
0x00007ffb256dc000 	/System/Library/PrivateFrameworks/CloudAssets.framework/Versions/A/CloudAssets
0x00007ff82ed0f000 	/System/Library/Frameworks/PushKit.framework/Versions/A/PushKit
0x00007ffa18b28000 	/usr/lib/swift/libswiftAVFoundation.dylib
0x00007ff92299e000 	/usr/lib/swift/libswiftCoreLocation.dylib
0x00007ff9229b0000 	/usr/lib/swift/libswiftCoreMIDI.dylib
0x00007ffa17018000 	/usr/lib/swift/libswiftCoreMedia.dylib
0x00007ff827c27000 	/System/Library/PrivateFrameworks/Sharing.framework/Versions/A/Sharing
0x00007ff82de79000 	/System/Library/PrivateFrameworks/Apple80211.framework/Versions/A/Apple80211
0x00007ff8213f7000 	/System/Library/Frameworks/CoreWLAN.framework/Versions/A/CoreWLAN
0x00007ff8320b6000 	/System/Library/PrivateFrameworks/AssistantServices.framework/Versions/A/AssistantServices
0x00007ff82c83b000 	/System/Library/PrivateFrameworks/SAObjects.framework/Versions/A/SAObjects
0x00007ff831ce9000 	/System/Library/PrivateFrameworks/MediaRemote.framework/Versions/A/MediaRemote
0x00007ff921bbc000 	/System/Library/PrivateFrameworks/SiriInstrumentation.framework/Versions/A/SiriInstrumentation
0x00007ffc267f5000 	/System/Library/PrivateFrameworks/SiriAnalytics.framework/Versions/A/SiriAnalytics
0x00007ffc2b97b000 	/System/Library/PrivateFrameworks/SiriTTSService.framework/Versions/A/SiriTTSService
0x00007ffc27072000 	/System/Library/PrivateFrameworks/SiriCrossDeviceArbitration.framework/Versions/A/SiriCrossDeviceArbitration
0x00007ff91f805000 	/System/Library/PrivateFrameworks/FeedbackLogger.framework/Versions/A/FeedbackLogger
0x00007ffc270c2000 	/System/Library/PrivateFrameworks/SiriCrossDeviceArbitrationFeedback.framework/Versions/A/SiriCrossDeviceArbitrationFeedback
0x00007ffc12826000 	/System/Library/PrivateFrameworks/GenerativeModels.framework/Versions/A/GenerativeModels
0x00007ff915338000 	/System/Library/PrivateFrameworks/MediaServices.framework/Versions/A/MediaServices
0x00007ff82437b000 	/System/Library/PrivateFrameworks/PersistentConnection.framework/Versions/A/PersistentConnection
0x00007ff8282f5000 	/System/Library/PrivateFrameworks/GeoServices.framework/Versions/A/GeoServices
0x00007ffc12a2d000 	/System/Library/PrivateFrameworks/GeoServicesCore.framework/Versions/A/GeoServicesCore
0x00007ff915eb9000 	/System/Library/PrivateFrameworks/PhoneNumbers.framework/Versions/A/PhoneNumbers
0x00007ffb2a2ea000 	/System/Library/PrivateFrameworks/Dendrite.framework/Versions/A/Dendrite
0x00007ffb23078000 	/System/Library/PrivateFrameworks/AtomicsInternal.framework/Versions/A/AtomicsInternal
0x00007ff923793000 	/usr/lib/libtailspin.dylib
0x00007ffa16b8f000 	/System/Library/PrivateFrameworks/Osprey.framework/Versions/A/Osprey
0x00007ffc2afa8000 	/System/Library/PrivateFrameworks/SiriTTS.framework/Versions/A/SiriTTS
0x00007ff91c28c000 	/System/Library/Frameworks/NaturalLanguage.framework/Versions/A/NaturalLanguage
0x00007ffc29ef8000 	/System/Library/PrivateFrameworks/SiriPowerInstrumentation.framework/Versions/A/SiriPowerInstrumentation
0x00007ff91d14d000 	/System/Library/PrivateFrameworks/Trial.framework/Versions/A/Trial
0x00007ff91d0d1000 	/System/Library/PrivateFrameworks/TrialProto.framework/Versions/A/TrialProto
0x00007ffd1294d000 	/System/Library/PrivateFrameworks/UnifiedAssetFramework.framework/Versions/A/UnifiedAssetFramework
0x00007ffa27835000 	/usr/lib/swift/libswiftNaturalLanguage.dylib
0x00007ffc2e49d000 	/System/Library/PrivateFrameworks/TailspinSymbolication.framework/Versions/A/TailspinSymbolication
0x00007ffb2a06a000 	/System/Library/PrivateFrameworks/Darwinup.framework/Versions/A/Darwinup
0x00007ff92f690000 	/System/Library/PrivateFrameworks/SignpostSupport.framework/Versions/A/SignpostSupport
0x00007ff91c15a000 	/System/Library/PrivateFrameworks/FeatureFlagsSupport.framework/Versions/A/FeatureFlagsSupport
0x00007ff92edb8000 	/System/Library/PrivateFrameworks/ktrace.framework/Versions/A/ktrace
0x00007ff92f94a000 	/System/Library/PrivateFrameworks/SampleAnalysis.framework/Versions/A/SampleAnalysis
0x00007ffa18311000 	/System/Library/PrivateFrameworks/kperfdata.framework/Versions/A/kperfdata
0x00007ff828219000 	/usr/lib/libdscsym.dylib
0x00007ffa18872000 	/System/Library/PrivateFrameworks/BulkSymbolication.framework/Versions/A/BulkSymbolication
0x00007ff81dd38000 	/System/Library/Frameworks/CoreML.framework/Versions/A/CoreML
0x00007ffa25c8f000 	/usr/lib/libedit.3.dylib
0x00007ff821af4000 	/System/Library/Frameworks/MLCompute.framework/Versions/A/MLCompute
0x00007ffc1a0e8000 	/System/Library/PrivateFrameworks/MLAssetIO.framework/Versions/A/MLAssetIO
0x00007ffd1e2c3000 	/usr/lib/swift/libswiftMLCompute.dylib
0x00007ff815801000 	/System/Library/PrivateFrameworks/LanguageModeling.framework/Versions/A/LanguageModeling
0x00007ff81a575000 	/System/Library/PrivateFrameworks/Montreal.framework/Versions/A/Montreal
0x00007ff82244d000 	/usr/lib/libcmph.dylib
0x00007ffc128c5000 	/System/Library/PrivateFrameworks/GenerativeModelsFoundation.framework/Versions/A/GenerativeModelsFoundation
0x00007ffc309d5000 	/System/Library/PrivateFrameworks/TokenGeneration.framework/Versions/A/TokenGeneration
0x00007ffc126f4000 	/System/Library/PrivateFrameworks/GenerativeFunctions.framework/Versions/A/GenerativeFunctions
0x00007ffc12739000 	/System/Library/PrivateFrameworks/GenerativeFunctionsFoundation.framework/Versions/A/GenerativeFunctionsFoundation
0x00007ffc1ce8b000 	/System/Library/PrivateFrameworks/ModelCatalog.framework/Versions/A/ModelCatalog
0x00007ffc2617d000 	/System/Library/PrivateFrameworks/SensitiveContentAnalysisML.framework/Versions/A/SensitiveContentAnalysisML
0x00007ffc127ce000 	/System/Library/PrivateFrameworks/GenerativeFunctionsInstrumentation.framework/Versions/A/GenerativeFunctionsInstrumentation
0x00007ffc242ff000 	/System/Library/PrivateFrameworks/PromptKit.framework/Versions/A/PromptKit
0x00007ffc23e91000 	/System/Library/PrivateFrameworks/ProactiveDaemonSupport.framework/Versions/A/ProactiveDaemonSupport
0x00007ffc30b4b000 	/System/Library/PrivateFrameworks/TokenGenerationCore.framework/Versions/A/TokenGenerationCore
0x00007ffd13fc6000 	/System/Library/PrivateFrameworks/VectorSearch.framework/Versions/A/VectorSearch
0x00007ffc1d14d000 	/System/Library/PrivateFrameworks/ModelManagerServices.framework/Versions/A/ModelManagerServices
0x00007ffb21bf7000 	/System/Library/PrivateFrameworks/AppleFlatBuffers.framework/Versions/A/AppleFlatBuffers
0x00007ff9158af000 	/System/Library/PrivateFrameworks/ProactiveEventTracker.framework/Versions/A/ProactiveEventTracker
0x00007ffb1ec21000 	/System/Library/PrivateFrameworks/AAAFoundationSwift.framework/Versions/A/AAAFoundationSwift
0x00007ff82ea7b000 	/System/Library/PrivateFrameworks/AppleIDSSOAuthentication.framework/Versions/A/AppleIDSSOAuthentication
0x00007ff929568000 	/usr/lib/swift/libswiftCompression.dylib
0x00007ffc262dd000 	/System/Library/PrivateFrameworks/SentencePieceInternal.framework/Versions/A/SentencePieceInternal
0x00007ff82a71c000 	/System/Library/Frameworks/Vision.framework/Versions/A/Vision
0x00007ffb29b09000 	/System/Library/PrivateFrameworks/CoreSceneUnderstanding.framework/Versions/A/CoreSceneUnderstanding
0x00007ffd14a95000 	/System/Library/PrivateFrameworks/VisionCore.framework/Versions/A/VisionCore
0x00007ff924bac000 	/System/Library/Frameworks/Vision.framework/libfaceCore.dylib
0x00007ff9258b7000 	/System/Library/PrivateFrameworks/Futhark.framework/Versions/A/Futhark
0x00007ff929322000 	/System/Library/PrivateFrameworks/InertiaCam.framework/Versions/A/InertiaCam
0x00007ff925638000 	/System/Library/PrivateFrameworks/TextRecognition.framework/Versions/A/TextRecognition
0x00007ff823fa3000 	/System/Library/PrivateFrameworks/CVNLP.framework/Versions/A/CVNLP
0x00007ffb31497000 	/System/Library/PrivateFrameworks/GRDBInternal.framework/Versions/A/GRDBInternal
0x00007ff830cc1000 	/System/Library/PrivateFrameworks/RTCReporting.framework/Versions/A/RTCReporting
0x00007ff82ecff000 	/System/Library/PrivateFrameworks/IntentsFoundation.framework/Versions/A/IntentsFoundation
0x00007ff8274f0000 	/System/Library/Frameworks/NetworkExtension.framework/Versions/A/NetworkExtension
0x00007ff921182000 	/System/Library/PrivateFrameworks/CaptiveNetwork.framework/Versions/A/CaptiveNetwork
0x00007ff82e39d000 	/System/Library/PrivateFrameworks/EAP8021X.framework/Versions/A/EAP8021X
0x00007ff92f917000 	/System/Library/PrivateFrameworks/UIKitServices.framework/Versions/A/UIKitServices
0x000000017c551000 	/System/Library/Extensions/AGXMetalG14G.bundle/Contents/MacOS/AGXMetalG14G
0x00007ff9151e7000 	/System/Library/PrivateFrameworks/IOGPU.framework/Versions/A/IOGPU
0x000000017b6c7000 	/Users/courtneysweeney/.p2/pool/plugins/org.eclipse.justj.openjdk.hotspot.jre.full.macosx.x86_64_21.0.9.v20251105-0741/jre/lib/libosxui.dylib
0x00007ffc2e9b0000 	/System/Library/PrivateFrameworks/TextInputUI.framework/Versions/A/TextInputUI
0x00007ffc2e9d0000 	/System/Library/PrivateFrameworks/TextInputUIMacHelper.framework/Versions/A/TextInputUIMacHelper
0x00007ffc2582a000 	/System/Library/PrivateFrameworks/Sage.framework/Versions/A/Sage
0x00007ffa2feee000 	/System/Library/PrivateFrameworks/VoiceShortcutClient.framework/Versions/A/VoiceShortcutClient
0x00007ff923483000 	/System/Library/PrivateFrameworks/ChronoServices.framework/Versions/A/ChronoServices
0x00007ffc24f2a000 	/System/Library/PrivateFrameworks/ReplicatorEngine.framework/Versions/A/ReplicatorEngine
0x00007ffc2509b000 	/System/Library/PrivateFrameworks/ReplicatorServices.framework/Versions/A/ReplicatorServices
0x00007ffc2e0d9000 	/System/Library/PrivateFrameworks/SystemWake.framework/Versions/A/SystemWake

JVMTI agents: none


VM Arguments:
jvm_args: -Dfile.encoding=UTF-8 -Dstdout.encoding=UTF-8 -Dstderr.encoding=UTF-8 --module-path=/Users/courtneysweeney/git/prison-break-game/bin -XX:+ShowCodeDetailsInExceptionMessages -Djdk.module.main=prison_break_simulator 
java_command: prison_break_simulator/main.Main
java_class_path (initial): <not set>
Launcher Type: SUN_STANDARD

[Global flags]
     intx CICompilerCount                          = 4                                         {product} {ergonomic}
     uint ConcGCThreads                            = 2                                         {product} {ergonomic}
     uint G1ConcRefinementThreads                  = 8                                         {product} {ergonomic}
   size_t G1HeapRegionSize                         = 1048576                                   {product} {ergonomic}
    uintx GCDrainStackTargetSize                   = 64                                        {product} {ergonomic}
   size_t InitialHeapSize                          = 134217728                                 {product} {ergonomic}
   size_t MarkStackSize                            = 4194304                                   {product} {ergonomic}
   size_t MaxHeapSize                              = 2147483648                                {product} {ergonomic}
   size_t MaxNewSize                               = 1287651328                                {product} {ergonomic}
   size_t MinHeapDeltaBytes                        = 1048576                                   {product} {ergonomic}
   size_t MinHeapSize                              = 8388608                                   {product} {ergonomic}
    uintx NonNMethodCodeHeapSize                   = 5839372                                {pd product} {ergonomic}
    uintx NonProfiledCodeHeapSize                  = 122909434                              {pd product} {ergonomic}
    uintx ProfiledCodeHeapSize                     = 122909434                              {pd product} {ergonomic}
    uintx ReservedCodeCacheSize                    = 251658240                              {pd product} {ergonomic}
     bool SegmentedCodeCache                       = true                                      {product} {ergonomic}
     bool ShowCodeDetailsInExceptionMessages       = true                                   {manageable} {command line}
   size_t SoftMaxHeapSize                          = 2147483648                             {manageable} {ergonomic}
     bool UseCompressedOops                        = true                           {product lp64_product} {ergonomic}
     bool UseG1GC                                  = true                                      {product} {ergonomic}
     bool UseNUMA                                  = false                                     {product} {ergonomic}
     bool UseNUMAInterleaving                      = false                                     {product} {ergonomic}

Logging:
Log output configuration:
 #0: stdout all=warning uptime,level,tags foldmultilines=false
 #1: stderr all=off uptime,level,tags foldmultilines=false

Release file:
JAVA_VERSION="21.0.9"
MODULES="java.base java.compiler java.datatransfer java.xml java.prefs java.desktop java.instrument java.logging java.management java.security.sasl java.naming java.rmi java.management.rmi java.net.http java.scripting java.security.jgss java.transaction.xa java.sql java.sql.rowset java.xml.crypto java.se java.smartcardio jdk.accessibility jdk.internal.jvmstat jdk.attach jdk.charsets jdk.internal.opt jdk.zipfs jdk.compiler jdk.crypto.ec jdk.crypto.cryptoki jdk.dynalink jdk.internal.ed jdk.editpad jdk.hotspot.agent jdk.httpserver jdk.internal.le jdk.internal.vm.ci jdk.internal.vm.compiler jdk.internal.vm.compiler.management jdk.jartool jdk.javadoc jdk.jcmd jdk.management jdk.management.agent jdk.jconsole jdk.jdeps jdk.jdwp.agent jdk.jdi jdk.jfr jdk.jshell jdk.jsobject jdk.jstatd jdk.localedata jdk.management.jfr jdk.naming.dns jdk.naming.rmi jdk.net jdk.nio.mapmode jdk.random jdk.sctp jdk.security.auth jdk.security.jgss jdk.unsupported jdk.unsupported.desktop jdk.xml.dom"

Environment Variables:
PATH=/usr/bin:/bin:/usr/sbin:/sbin
SHELL=/bin/zsh
DISPLAY=/private/tmp/com.apple.launchd.3LvWJ9z903/org.xquartz:0
TMPDIR=/var/folders/s1/qjygxzzn1cj2t2wpj8zhqpkc0000gn/T/

Active Locale:
LC_ALL=C
LC_COLLATE=C
LC_CTYPE=C
LC_MESSAGES=C
LC_MONETARY=C
LC_NUMERIC=C
LC_TIME=C

Signal Handlers:
   SIGSEGV: crash_handler in libjvm.dylib, mask=11100110100111111111111111111111, flags=SA_ONSTACK|SA_RESTART|SA_SIGINFO, unblocked
    SIGBUS: crash_handler in libjvm.dylib, mask=11100110100111111111111111111111, flags=SA_RESTART|SA_SIGINFO, unblocked
    SIGFPE: crash_handler in libjvm.dylib, mask=11100110100111111111111111111111, flags=SA_RESTART|SA_SIGINFO, unblocked
   SIGPIPE: javaSignalHandler in libjvm.dylib, mask=11100110100111111111111111111111, flags=SA_RESTART|SA_SIGINFO, blocked
   SIGXFSZ: javaSignalHandler in libjvm.dylib, mask=11100110100111111111111111111111, flags=SA_RESTART|SA_SIGINFO, blocked
    SIGILL: crash_handler in libjvm.dylib, mask=11100110100111111111111111111111, flags=SA_RESTART|SA_SIGINFO, unblocked
   SIGUSR2: SR_handler in libjvm.dylib, mask=00000000000000000000000000000000, flags=SA_RESTART|SA_SIGINFO, blocked
    SIGHUP: UserHandler in libjvm.dylib, mask=11100110100111111111111111111111, flags=SA_RESTART|SA_SIGINFO, blocked
    SIGINT: UserHandler in libjvm.dylib, mask=11100110100111111111111111111111, flags=SA_RESTART|SA_SIGINFO, blocked
   SIGTERM: UserHandler in libjvm.dylib, mask=11100110100111111111111111111111, flags=SA_RESTART|SA_SIGINFO, blocked
   SIGQUIT: UserHandler in libjvm.dylib, mask=11100110100111111111111111111111, flags=SA_RESTART|SA_SIGINFO, blocked
   SIGTRAP: crash_handler in libjvm.dylib, mask=11100110100111111111111111111111, flags=SA_RESTART|SA_SIGINFO, unblocked


Periodic native trim disabled

---------------  S Y S T E M  ---------------

OS:
uname: Darwin 24.5.0 Darwin Kernel Version 24.5.0: Tue Apr 22 19:54:26 PDT 2025; root:xnu-11417.121.6~2/RELEASE_ARM64_T8112 x86_64
OS uptime: 48 days 5:48 hours
rlimit (soft/hard): STACK 8176k/65520k , CORE 0k/infinity , NPROC 1333/2000 , NOFILE 1048576/infinity , AS infinity/infinity , CPU infinity/infinity , DATA infinity/infinity , FSIZE infinity/infinity , MEMLOCK infinity/infinity , RSS infinity/infinity
load average: 5.95 6.14 5.91

CPU: (EMULATED) total 8 (initial active 8) (1 cores per cpu, 1 threads per core) family 6 model 44 stepping 0 microcode 0x0, cx8, cmov, fxsr, mmx, sse, sse2, sse3, ssse3, sse4.1, sse4.2, popcnt, tsc, tscinvbit, aes, clmul, clflush, rdtscp
machdep.cpu.brand_string:Apple M2
hw.cpufrequency:2400000000
hw.cpufrequency_min:2400000000
hw.cpufrequency_max:2400000000
hw.cachelinesize:64
hw.l1icachesize:131072
hw.l1dcachesize:65536
hw.l2cachesize:4194304

Memory: 4k page, physical 8388608k(38172k free), swap 15728640k(403392k free)

vm_info: OpenJDK 64-Bit Server VM (21.0.9+10-LTS) for bsd-amd64 JRE (21.0.9+10-LTS), built on 2025-10-21T00:00:00Z by "admin" with clang Apple LLVM 15.0.0 (clang-1500.1.0.2.5)

END.
