#
# A fatal error has been detected by the Java Runtime Environment:
#
#  SIGSEGV (0xb) at pc=0x00007ff81087bb2c, pid=40696, tid=49687
#
# JRE version: OpenJDK Runtime Environment Temurin-21.0.9+10 (21.0.9+10) (build 21.0.9+10-LTS)
# Java VM: OpenJDK 64-Bit Server VM Temurin-21.0.9+10 (21.0.9+10-LTS, mixed mode, sharing, tiered, compressed oops, compressed class ptrs, g1 gc, bsd-amd64)
# Problematic frame:
# C  [CoreVideo+0x2b2c]  CVXTime::translateTime(CVTimeStamp const*, CVTimeStamp*) const+0x1a
#
# No core dump will be written. Core dumps have been disabled. To enable core dumping, try "ulimit -c unlimited" before starting Java again
#
# If you would like to submit a bug report, please visit:
#   https://github.com/adoptium/adoptium-support/issues
#

---------------  S U M M A R Y ------------

Command Line: -Dfile.encoding=UTF-8 -Dstdout.encoding=UTF-8 -Dstderr.encoding=UTF-8 --module-path=/Users/courtneysweeney/git/prison-break-game/bin -XX:+ShowCodeDetailsInExceptionMessages -Djdk.module.main=prison_break_simulator prison_break_simulator/main.Main

Host: "Mac14,7" x86_64 (EMULATED) 2400 MHz, 8 cores, 8G, Darwin 24.5.0, macOS 15.5 (24F74)
Time: Fri Apr  3 12:36:55 2026 EDT elapsed time: 7143.499718 seconds (0d 1h 59m 3s)

---------------  T H R E A D  ---------------

Current thread is native thread

Stack: [0x0000000308f51000,0x0000000308fd1000],  sp=0x0000000308fd0ca0,  free space=511k
Native frames: (J=compiled Java code, j=interpreted, Vv=VM code, C=native code)
C  [CoreVideo+0x2b2c]  CVXTime::translateTime(CVTimeStamp const*, CVTimeStamp*) const+0x1a
C  [CoreVideo+0x282d]  CVDisplayLink::calculateNextWakeUpTime(CVTimeStamp*, CVTimeStamp*, bool)+0x11f
C  [CoreVideo+0x1e1a]  CVDisplayLink::runIOThread()+0x186
C  [libsystem_pthread.dylib+0x5df1]  _pthread_start+0x63
C  [libsystem_pthread.dylib+0x1857]  thread_start+0xf

siginfo: si_signo: 11 (SIGSEGV), si_code: 1 (SEGV_MAPERR), si_addr: 0x000028a027a48998

Registers:
RAX=0x000028a027a487e0, RBX=0x0000000308fd0e30, RCX=0x0000000000000000, RDX=0x0000000308fd0e30
RSP=0x0000000308fd0ca0, RBP=0x0000000308fd0cd0, RSI=0x0000000308fd0ce0, RDI=0x00006000032187e0
R8 =0x0000000000001661, R9 =0x000000000000003c, R10=0x0000000000000018, R11=0x0000000000000020
R12=0x0000000308fd0e30, R13=0x0000000308fd0ce0, R14=0x00007fc5ad810a20, R15=0x00006000032187e0
RIP=0x00007ff81087bb2c, EFLAGS=0x0000000000000246, ERR=0x0000000000000004
  TRAPNO=0x000000000000000e


Top of Stack: (sp=0x0000000308fd0ca0)
0x0000000308fd0ca0:   0000000000fe502a 0000000308fd0e30
0x0000000308fd0cb0:   0000000000000000 0000000308fd0e98
0x0000000308fd0cc0:   00007fc5ad810a20 00007fc5ad810ad8
0x0000000308fd0cd0:   0000000308fd0e20 00007ff81087b82d
0x0000000308fd0ce0:   3b9aca0000000000 00020e3a5a8d4c64
0x0000000308fd0cf0:   00020e3a5914a5de 3ff0000000000000
0x0000000308fd0d00:   0000000000fe502a 0000000000000000
0x0000000308fd0d10:   0000000000000000 0000000000000000
0x0000000308fd0d20:   0000000000000001 0000000000000000
0x0000000308fd0d30:   0000000000000001 000000000000003c
0x0000000308fd0d40:   00007fc5ad810a78 00000000ffffffff
0x0000000308fd0d50:   0000000308fd0de0 00007ff80695f30c
0x0000000308fd0d60:   0000000000000000 0000000000000000
0x0000000308fd0d70:   0000000000000000 0000010000000000
0x0000000308fd0d80:   0000000000000000 0000000000000000
0x0000000308fd0d90:   0000000000000000 0000000000000000
0x0000000308fd0da0:   0000000000000000 0000000000000000
0x0000000308fd0db0:   0000000000000000 0000000000000002
0x0000000308fd0dc0:   0000000000000000 00007fc5ad810a20
0x0000000308fd0dd0:   00007fc5ad810c18 00007ff80695a680
0x0000000308fd0de0:   00000000ad810a38 00007fc5ad810c00
0x0000000308fd0df0:   00020e3a5aa1a2f0 00007fc5ad810a20
0x0000000308fd0e00:   00007fc5ad810b18 0000000308fd0e98
0x0000000308fd0e10:   0000000000000000 00007fc5ad810ad8
0x0000000308fd0e20:   0000000308fd0fb0 00007ff81087ae1a
0x0000000308fd0e30:   0000000000000000 0000000000000000
0x0000000308fd0e40:   0000000000000000 0000000000000000
0x0000000308fd0e50:   0000000000000000 0000000000000000
0x0000000308fd0e60:   0000000000000000 0000000000000000
0x0000000308fd0e70:   0000000000000013 0000000000000000
0x0000000308fd0e80:   0000000000000000 00007fc5ad810a38
0x0000000308fd0e90:   0000000000000000 0000000000000000 

Instructions: (pc=0x00007ff81087bb2c)
0x00007ff81087ba2c:   0f 85 46 fd ff ff e9 89 00 00 00 f2 0f 11 4d b8
0x00007ff81087ba3c:   e8 2e 88 03 00 f2 0f 10 4d b8 e9 30 ff ff ff f2
0x00007ff81087ba4c:   4c 0f 2c d0 4d 8b 8e b8 01 00 00 48 8d 35 ca c4
0x00007ff81087ba5c:   03 00 bf 02 00 00 00 4c 89 f2 48 8b 4d d0 31 c0
0x00007ff81087ba6c:   41 52 41 ff b6 30 02 00 00 e8 c1 5c 01 00 48 83
0x00007ff81087ba7c:   c4 10 49 8b be 38 02 00 00 e8 6a f5 ff ff 49 8b
0x00007ff81087ba8c:   be 38 02 00 00 e8 9e f5 ff ff 49 8b 06 4c 89 f7
0x00007ff81087ba9c:   48 8b 75 c8 ff 90 88 00 00 00 49 c7 86 30 02 00
0x00007ff81087baac:   00 00 00 00 00 49 8b 06 4c 89 f7 48 89 de ff 90
0x00007ff81087babc:   88 00 00 00 48 81 c4 18 01 00 00 5b 41 5c 41 5d
0x00007ff81087bacc:   41 5e 41 5f 5d c3 55 48 89 e5 41 57 41 56 53 50
0x00007ff81087badc:   48 89 fb 4c 8d 77 18 4c 89 f7 e8 49 ae 03 00 4c
0x00007ff81087baec:   8b bb b8 01 00 00 48 8b 9b c0 01 00 00 4c 89 f7
0x00007ff81087bafc:   e8 39 ae 03 00 4c 89 f8 48 89 da 48 83 c4 08 5b
0x00007ff81087bb0c:   41 5e 41 5f 5d c3 55 48 89 e5 41 57 41 56 41 55
0x00007ff81087bb1c:   41 54 53 50 49 89 d4 49 89 f5 49 89 ff 48 8b 07
0x00007ff81087bb2c:   4c 8b b0 b8 01 00 00 8b 98 c0 01 00 00 48 8b 4e
0x00007ff81087bb3c:   08 4c 8b 46 10 4c 8b 4e 40 48 8d 35 3d d1 04 00
0x00007ff81087bb4c:   bf 05 00 00 00 4c 89 fa 31 c0 e8 e0 5b 01 00 49
0x00007ff81087bb5c:   8b 4c 24 08 4d 8b 44 24 10 4d 8b 4c 24 40 45 8b
0x00007ff81087bb6c:   54 24 04 f2 41 0f 10 44 24 18 48 8d 35 57 d1 04
0x00007ff81087bb7c:   00 bf 05 00 00 00 4c 89 fa b0 01 41 ff 74 24 20
0x00007ff81087bb8c:   41 52 e8 a8 5b 01 00 48 83 c4 10 48 8d 35 c0 d1
0x00007ff81087bb9c:   04 00 bf 05 00 00 00 4c 89 fa 4c 89 f1 41 89 d8
0x00007ff81087bbac:   31 c0 e8 88 5b 01 00 49 8b 4f 58 45 8b 47 50 48
0x00007ff81087bbbc:   8d 35 eb d1 04 00 bf 05 00 00 00 4c 89 fa 31 c0
0x00007ff81087bbcc:   e8 6a 5b 01 00 f2 41 0f 10 4f 10 0f 14 0d 02 e7
0x00007ff81087bbdc:   04 00 66 0f 5c 0d 0a e7 04 00 f2 41 0f 10 47 48
0x00007ff81087bbec:   66 0f 7c c9 48 8d 35 f9 d1 04 00 bf 05 00 00 00
0x00007ff81087bbfc:   4c 89 fa b0 02 e8 35 5b 01 00 4d 8b 4c 24 40 41
0x00007ff81087bc0c:   f6 c1 01 0f 84 94 00 00 00 49 8b 45 40 a8 01 75
0x00007ff81087bc1c:   08 a8 02 75 0a 31 c0 eb 7f 49 8b 45 08 eb 79 49 



---------------  P R O C E S S  ---------------

VM state: not at safepoint (normal execution)

VM Mutex/Monitor currently owned by a thread: None

Heap address: 0x0000000780000000, size: 2048 MB, Compressed Oops mode: Zero based, Oop shift amount: 3

CDS archive(s) mapped at: [0x0000000126000000-0x0000000126c97000-0x0000000126c97000), size 13201408, SharedBaseAddress: 0x0000000126000000, ArchiveRelocationMode: 1.
Compressed class space mapped at: 0x0000000127000000-0x0000000167000000, reserved size: 1073741824
Narrow klass base: 0x0000000126000000, Narrow klass shift: 0, Narrow klass range: 0x100000000

GC Precious Log:
<Skipped>

Heap:
 garbage-first heap   total 133120K, used 24226K [0x0000000780000000, 0x0000000800000000)
  region size 1024K, 3 young (3072K), 1 survivors (1024K)
 Metaspace       used 11488K, committed 11648K, reserved 1114112K
  class space    used 1267K, committed 1344K, reserved 1048576K

Heap Regions: E=young(eden), S=young(survivor), O=old, HS=humongous(starts), HC=humongous(continues), CS=collection set, F=free, TAMS=top-at-mark-start, PB=parsable bottom
|   0|0x0000000780000000, 0x0000000780100000, 0x0000000780100000|100%| O|  |TAMS 0x0000000780000000| PB 0x0000000780000000| Untracked 
|   1|0x0000000780100000, 0x0000000780200000, 0x0000000780200000|100%| O|  |TAMS 0x0000000780100000| PB 0x0000000780100000| Untracked 
|   2|0x0000000780200000, 0x0000000780300000, 0x0000000780300000|100%|HS|  |TAMS 0x0000000780200000| PB 0x0000000780200000| Complete 
|   3|0x0000000780300000, 0x0000000780400000, 0x0000000780400000|100%|HC|  |TAMS 0x0000000780300000| PB 0x0000000780300000| Complete 
|   4|0x0000000780400000, 0x00000007804740c0, 0x0000000780500000| 45%| O|  |TAMS 0x0000000780400000| PB 0x0000000780400000| Untracked 
|   5|0x0000000780500000, 0x0000000780500000, 0x0000000780600000|  0%| F|  |TAMS 0x0000000780500000| PB 0x0000000780500000| Untracked 
|   6|0x0000000780600000, 0x0000000780600000, 0x0000000780700000|  0%| F|  |TAMS 0x0000000780600000| PB 0x0000000780600000| Untracked 
|   7|0x0000000780700000, 0x0000000780700000, 0x0000000780800000|  0%| F|  |TAMS 0x0000000780700000| PB 0x0000000780700000| Untracked 
|   8|0x0000000780800000, 0x0000000780900000, 0x0000000780900000|100%|HS|  |TAMS 0x0000000780800000| PB 0x0000000780800000| Complete 
|   9|0x0000000780900000, 0x0000000780a00000, 0x0000000780a00000|100%|HC|  |TAMS 0x0000000780900000| PB 0x0000000780900000| Complete 
|  10|0x0000000780a00000, 0x0000000780a00000, 0x0000000780b00000|  0%| F|  |TAMS 0x0000000780a00000| PB 0x0000000780a00000| Untracked 
|  11|0x0000000780b00000, 0x0000000780b00000, 0x0000000780c00000|  0%| F|  |TAMS 0x0000000780b00000| PB 0x0000000780b00000| Untracked 
|  12|0x0000000780c00000, 0x0000000780d00000, 0x0000000780d00000|100%|HS|  |TAMS 0x0000000780c00000| PB 0x0000000780c00000| Complete 
|  13|0x0000000780d00000, 0x0000000780e00000, 0x0000000780e00000|100%|HC|  |TAMS 0x0000000780d00000| PB 0x0000000780d00000| Complete 
|  14|0x0000000780e00000, 0x0000000780e00000, 0x0000000780f00000|  0%| F|  |TAMS 0x0000000780e00000| PB 0x0000000780e00000| Untracked 
|  15|0x0000000780f00000, 0x0000000780f00000, 0x0000000781000000|  0%| F|  |TAMS 0x0000000780f00000| PB 0x0000000780f00000| Untracked 
|  16|0x0000000781000000, 0x0000000781100000, 0x0000000781100000|100%|HS|  |TAMS 0x0000000781000000| PB 0x0000000781000000| Complete 
|  17|0x0000000781100000, 0x0000000781200000, 0x0000000781200000|100%|HC|  |TAMS 0x0000000781100000| PB 0x0000000781100000| Complete 
|  18|0x0000000781200000, 0x0000000781200000, 0x0000000781300000|  0%| F|  |TAMS 0x0000000781200000| PB 0x0000000781200000| Untracked 
|  19|0x0000000781300000, 0x0000000781300000, 0x0000000781400000|  0%| F|  |TAMS 0x0000000781300000| PB 0x0000000781300000| Untracked 
|  20|0x0000000781400000, 0x0000000781500000, 0x0000000781500000|100%|HS|  |TAMS 0x0000000781400000| PB 0x0000000781400000| Complete 
|  21|0x0000000781500000, 0x0000000781600000, 0x0000000781600000|100%|HC|  |TAMS 0x0000000781500000| PB 0x0000000781500000| Complete 
|  22|0x0000000781600000, 0x0000000781600000, 0x0000000781700000|  0%| F|  |TAMS 0x0000000781600000| PB 0x0000000781600000| Untracked 
|  23|0x0000000781700000, 0x0000000781700000, 0x0000000781800000|  0%| F|  |TAMS 0x0000000781700000| PB 0x0000000781700000| Untracked 
|  24|0x0000000781800000, 0x0000000781900000, 0x0000000781900000|100%|HS|  |TAMS 0x0000000781800000| PB 0x0000000781800000| Complete 
|  25|0x0000000781900000, 0x0000000781a00000, 0x0000000781a00000|100%|HC|  |TAMS 0x0000000781900000| PB 0x0000000781900000| Complete 
|  26|0x0000000781a00000, 0x0000000781a00000, 0x0000000781b00000|  0%| F|  |TAMS 0x0000000781a00000| PB 0x0000000781a00000| Untracked 
|  27|0x0000000781b00000, 0x0000000781b00000, 0x0000000781c00000|  0%| F|  |TAMS 0x0000000781b00000| PB 0x0000000781b00000| Untracked 
|  28|0x0000000781c00000, 0x0000000781d00000, 0x0000000781d00000|100%|HS|  |TAMS 0x0000000781c00000| PB 0x0000000781c00000| Complete 
|  29|0x0000000781d00000, 0x0000000781e00000, 0x0000000781e00000|100%|HC|  |TAMS 0x0000000781d00000| PB 0x0000000781d00000| Complete 
|  30|0x0000000781e00000, 0x0000000781e00000, 0x0000000781f00000|  0%| F|  |TAMS 0x0000000781e00000| PB 0x0000000781e00000| Untracked 
|  31|0x0000000781f00000, 0x0000000781f00000, 0x0000000782000000|  0%| F|  |TAMS 0x0000000781f00000| PB 0x0000000781f00000| Untracked 
|  32|0x0000000782000000, 0x0000000782000000, 0x0000000782100000|  0%| F|  |TAMS 0x0000000782000000| PB 0x0000000782000000| Untracked 
|  33|0x0000000782100000, 0x0000000782200000, 0x0000000782200000|100%|HS|  |TAMS 0x0000000782100000| PB 0x0000000782100000| Complete 
|  34|0x0000000782200000, 0x0000000782300000, 0x0000000782300000|100%|HC|  |TAMS 0x0000000782200000| PB 0x0000000782200000| Complete 
|  35|0x0000000782300000, 0x0000000782300000, 0x0000000782400000|  0%| F|  |TAMS 0x0000000782300000| PB 0x0000000782300000| Untracked 
|  36|0x0000000782400000, 0x0000000782400000, 0x0000000782500000|  0%| F|  |TAMS 0x0000000782400000| PB 0x0000000782400000| Untracked 
|  37|0x0000000782500000, 0x0000000782600000, 0x0000000782600000|100%|HS|  |TAMS 0x0000000782500000| PB 0x0000000782500000| Complete 
|  38|0x0000000782600000, 0x0000000782700000, 0x0000000782700000|100%|HC|  |TAMS 0x0000000782600000| PB 0x0000000782600000| Complete 
|  39|0x0000000782700000, 0x0000000782700000, 0x0000000782800000|  0%| F|  |TAMS 0x0000000782700000| PB 0x0000000782700000| Untracked 
|  40|0x0000000782800000, 0x0000000782800000, 0x0000000782900000|  0%| F|  |TAMS 0x0000000782800000| PB 0x0000000782800000| Untracked 
|  41|0x0000000782900000, 0x0000000782900000, 0x0000000782a00000|  0%| F|  |TAMS 0x0000000782900000| PB 0x0000000782900000| Untracked 
|  42|0x0000000782a00000, 0x0000000782a00000, 0x0000000782b00000|  0%| F|  |TAMS 0x0000000782a00000| PB 0x0000000782a00000| Untracked 
|  43|0x0000000782b00000, 0x0000000782b00000, 0x0000000782c00000|  0%| F|  |TAMS 0x0000000782b00000| PB 0x0000000782b00000| Untracked 
|  44|0x0000000782c00000, 0x0000000782c00000, 0x0000000782d00000|  0%| F|  |TAMS 0x0000000782c00000| PB 0x0000000782c00000| Untracked 
|  45|0x0000000782d00000, 0x0000000782d00000, 0x0000000782e00000|  0%| F|  |TAMS 0x0000000782d00000| PB 0x0000000782d00000| Untracked 
|  46|0x0000000782e00000, 0x0000000782e00000, 0x0000000782f00000|  0%| F|  |TAMS 0x0000000782e00000| PB 0x0000000782e00000| Untracked 
|  47|0x0000000782f00000, 0x0000000782f00000, 0x0000000783000000|  0%| F|  |TAMS 0x0000000782f00000| PB 0x0000000782f00000| Untracked 
|  48|0x0000000783000000, 0x0000000783000000, 0x0000000783100000|  0%| F|  |TAMS 0x0000000783000000| PB 0x0000000783000000| Untracked 
|  49|0x0000000783100000, 0x0000000783100000, 0x0000000783200000|  0%| F|  |TAMS 0x0000000783100000| PB 0x0000000783100000| Untracked 
|  50|0x0000000783200000, 0x0000000783200000, 0x0000000783300000|  0%| F|  |TAMS 0x0000000783200000| PB 0x0000000783200000| Untracked 
|  51|0x0000000783300000, 0x0000000783300000, 0x0000000783400000|  0%| F|  |TAMS 0x0000000783300000| PB 0x0000000783300000| Untracked 
|  52|0x0000000783400000, 0x0000000783400000, 0x0000000783500000|  0%| F|  |TAMS 0x0000000783400000| PB 0x0000000783400000| Untracked 
|  53|0x0000000783500000, 0x0000000783500000, 0x0000000783600000|  0%| F|  |TAMS 0x0000000783500000| PB 0x0000000783500000| Untracked 
|  54|0x0000000783600000, 0x0000000783600000, 0x0000000783700000|  0%| F|  |TAMS 0x0000000783600000| PB 0x0000000783600000| Untracked 
|  55|0x0000000783700000, 0x0000000783700000, 0x0000000783800000|  0%| F|  |TAMS 0x0000000783700000| PB 0x0000000783700000| Untracked 
|  56|0x0000000783800000, 0x0000000783800000, 0x0000000783900000|  0%| F|  |TAMS 0x0000000783800000| PB 0x0000000783800000| Untracked 
|  57|0x0000000783900000, 0x0000000783900000, 0x0000000783a00000|  0%| F|  |TAMS 0x0000000783900000| PB 0x0000000783900000| Untracked 
|  58|0x0000000783a00000, 0x0000000783a00000, 0x0000000783b00000|  0%| F|  |TAMS 0x0000000783a00000| PB 0x0000000783a00000| Untracked 
|  59|0x0000000783b00000, 0x0000000783b00000, 0x0000000783c00000|  0%| F|  |TAMS 0x0000000783b00000| PB 0x0000000783b00000| Untracked 
|  60|0x0000000783c00000, 0x0000000783c00000, 0x0000000783d00000|  0%| F|  |TAMS 0x0000000783c00000| PB 0x0000000783c00000| Untracked 
|  61|0x0000000783d00000, 0x0000000783d00000, 0x0000000783e00000|  0%| F|  |TAMS 0x0000000783d00000| PB 0x0000000783d00000| Untracked 
|  62|0x0000000783e00000, 0x0000000783e00000, 0x0000000783f00000|  0%| F|  |TAMS 0x0000000783e00000| PB 0x0000000783e00000| Untracked 
|  63|0x0000000783f00000, 0x0000000783f00000, 0x0000000784000000|  0%| F|  |TAMS 0x0000000783f00000| PB 0x0000000783f00000| Untracked 
|  64|0x0000000784000000, 0x0000000784000000, 0x0000000784100000|  0%| F|  |TAMS 0x0000000784000000| PB 0x0000000784000000| Untracked 
|  65|0x0000000784100000, 0x0000000784100000, 0x0000000784200000|  0%| F|  |TAMS 0x0000000784100000| PB 0x0000000784100000| Untracked 
|  66|0x0000000784200000, 0x0000000784200000, 0x0000000784300000|  0%| F|  |TAMS 0x0000000784200000| PB 0x0000000784200000| Untracked 
|  67|0x0000000784300000, 0x0000000784300000, 0x0000000784400000|  0%| F|  |TAMS 0x0000000784300000| PB 0x0000000784300000| Untracked 
|  68|0x0000000784400000, 0x0000000784400000, 0x0000000784500000|  0%| F|  |TAMS 0x0000000784400000| PB 0x0000000784400000| Untracked 
|  69|0x0000000784500000, 0x0000000784500000, 0x0000000784600000|  0%| F|  |TAMS 0x0000000784500000| PB 0x0000000784500000| Untracked 
|  70|0x0000000784600000, 0x0000000784600000, 0x0000000784700000|  0%| F|  |TAMS 0x0000000784600000| PB 0x0000000784600000| Untracked 
|  71|0x0000000784700000, 0x0000000784700000, 0x0000000784800000|  0%| F|  |TAMS 0x0000000784700000| PB 0x0000000784700000| Untracked 
|  72|0x0000000784800000, 0x0000000784800000, 0x0000000784900000|  0%| F|  |TAMS 0x0000000784800000| PB 0x0000000784800000| Untracked 
|  73|0x0000000784900000, 0x0000000784900000, 0x0000000784a00000|  0%| F|  |TAMS 0x0000000784900000| PB 0x0000000784900000| Untracked 
|  74|0x0000000784a00000, 0x0000000784a00000, 0x0000000784b00000|  0%| F|  |TAMS 0x0000000784a00000| PB 0x0000000784a00000| Untracked 
|  75|0x0000000784b00000, 0x0000000784b00000, 0x0000000784c00000|  0%| F|  |TAMS 0x0000000784b00000| PB 0x0000000784b00000| Untracked 
|  76|0x0000000784c00000, 0x0000000784c00000, 0x0000000784d00000|  0%| F|  |TAMS 0x0000000784c00000| PB 0x0000000784c00000| Untracked 
|  77|0x0000000784d00000, 0x0000000784d00000, 0x0000000784e00000|  0%| F|  |TAMS 0x0000000784d00000| PB 0x0000000784d00000| Untracked 
|  78|0x0000000784e00000, 0x0000000784e00000, 0x0000000784f00000|  0%| F|  |TAMS 0x0000000784e00000| PB 0x0000000784e00000| Untracked 
|  79|0x0000000784f00000, 0x0000000784f00000, 0x0000000785000000|  0%| F|  |TAMS 0x0000000784f00000| PB 0x0000000784f00000| Untracked 
|  80|0x0000000785000000, 0x0000000785000000, 0x0000000785100000|  0%| F|  |TAMS 0x0000000785000000| PB 0x0000000785000000| Untracked 
|  81|0x0000000785100000, 0x0000000785100000, 0x0000000785200000|  0%| F|  |TAMS 0x0000000785100000| PB 0x0000000785100000| Untracked 
|  82|0x0000000785200000, 0x0000000785200000, 0x0000000785300000|  0%| F|  |TAMS 0x0000000785200000| PB 0x0000000785200000| Untracked 
|  83|0x0000000785300000, 0x0000000785300000, 0x0000000785400000|  0%| F|  |TAMS 0x0000000785300000| PB 0x0000000785300000| Untracked 
|  84|0x0000000785400000, 0x0000000785400000, 0x0000000785500000|  0%| F|  |TAMS 0x0000000785400000| PB 0x0000000785400000| Untracked 
|  85|0x0000000785500000, 0x0000000785500000, 0x0000000785600000|  0%| F|  |TAMS 0x0000000785500000| PB 0x0000000785500000| Untracked 
|  86|0x0000000785600000, 0x0000000785600000, 0x0000000785700000|  0%| F|  |TAMS 0x0000000785600000| PB 0x0000000785600000| Untracked 
|  87|0x0000000785700000, 0x0000000785700000, 0x0000000785800000|  0%| F|  |TAMS 0x0000000785700000| PB 0x0000000785700000| Untracked 
|  88|0x0000000785800000, 0x0000000785800000, 0x0000000785900000|  0%| F|  |TAMS 0x0000000785800000| PB 0x0000000785800000| Untracked 
|  89|0x0000000785900000, 0x0000000785900000, 0x0000000785a00000|  0%| F|  |TAMS 0x0000000785900000| PB 0x0000000785900000| Untracked 
|  90|0x0000000785a00000, 0x0000000785a00000, 0x0000000785b00000|  0%| F|  |TAMS 0x0000000785a00000| PB 0x0000000785a00000| Untracked 
|  91|0x0000000785b00000, 0x0000000785b00000, 0x0000000785c00000|  0%| F|  |TAMS 0x0000000785b00000| PB 0x0000000785b00000| Untracked 
|  92|0x0000000785c00000, 0x0000000785c00000, 0x0000000785d00000|  0%| F|  |TAMS 0x0000000785c00000| PB 0x0000000785c00000| Untracked 
|  93|0x0000000785d00000, 0x0000000785d00000, 0x0000000785e00000|  0%| F|  |TAMS 0x0000000785d00000| PB 0x0000000785d00000| Untracked 
|  94|0x0000000785e00000, 0x0000000785e00000, 0x0000000785f00000|  0%| F|  |TAMS 0x0000000785e00000| PB 0x0000000785e00000| Untracked 
|  95|0x0000000785f00000, 0x0000000785f00000, 0x0000000786000000|  0%| F|  |TAMS 0x0000000785f00000| PB 0x0000000785f00000| Untracked 
|  96|0x0000000786000000, 0x0000000786000000, 0x0000000786100000|  0%| F|  |TAMS 0x0000000786000000| PB 0x0000000786000000| Untracked 
|  97|0x0000000786100000, 0x0000000786100000, 0x0000000786200000|  0%| F|  |TAMS 0x0000000786100000| PB 0x0000000786100000| Untracked 
|  98|0x0000000786200000, 0x0000000786200000, 0x0000000786300000|  0%| F|  |TAMS 0x0000000786200000| PB 0x0000000786200000| Untracked 
|  99|0x0000000786300000, 0x0000000786300000, 0x0000000786400000|  0%| F|  |TAMS 0x0000000786300000| PB 0x0000000786300000| Untracked 
| 100|0x0000000786400000, 0x0000000786400000, 0x0000000786500000|  0%| F|  |TAMS 0x0000000786400000| PB 0x0000000786400000| Untracked 
| 101|0x0000000786500000, 0x0000000786500000, 0x0000000786600000|  0%| F|  |TAMS 0x0000000786500000| PB 0x0000000786500000| Untracked 
| 102|0x0000000786600000, 0x0000000786600000, 0x0000000786700000|  0%| F|  |TAMS 0x0000000786600000| PB 0x0000000786600000| Untracked 
| 103|0x0000000786700000, 0x0000000786700000, 0x0000000786800000|  0%| F|  |TAMS 0x0000000786700000| PB 0x0000000786700000| Untracked 
| 104|0x0000000786800000, 0x0000000786800000, 0x0000000786900000|  0%| F|  |TAMS 0x0000000786800000| PB 0x0000000786800000| Untracked 
| 105|0x0000000786900000, 0x0000000786900000, 0x0000000786a00000|  0%| F|  |TAMS 0x0000000786900000| PB 0x0000000786900000| Untracked 
| 106|0x0000000786a00000, 0x0000000786a00000, 0x0000000786b00000|  0%| F|  |TAMS 0x0000000786a00000| PB 0x0000000786a00000| Untracked 
| 107|0x0000000786b00000, 0x0000000786b00000, 0x0000000786c00000|  0%| F|  |TAMS 0x0000000786b00000| PB 0x0000000786b00000| Untracked 
| 108|0x0000000786c00000, 0x0000000786c00000, 0x0000000786d00000|  0%| F|  |TAMS 0x0000000786c00000| PB 0x0000000786c00000| Untracked 
| 109|0x0000000786d00000, 0x0000000786d00000, 0x0000000786e00000|  0%| F|  |TAMS 0x0000000786d00000| PB 0x0000000786d00000| Untracked 
| 110|0x0000000786e00000, 0x0000000786e00000, 0x0000000786f00000|  0%| F|  |TAMS 0x0000000786e00000| PB 0x0000000786e00000| Untracked 
| 111|0x0000000786f00000, 0x0000000786f00000, 0x0000000787000000|  0%| F|  |TAMS 0x0000000786f00000| PB 0x0000000786f00000| Untracked 
| 112|0x0000000787000000, 0x0000000787000000, 0x0000000787100000|  0%| F|  |TAMS 0x0000000787000000| PB 0x0000000787000000| Untracked 
| 113|0x0000000787100000, 0x0000000787100000, 0x0000000787200000|  0%| F|  |TAMS 0x0000000787100000| PB 0x0000000787100000| Untracked 
| 114|0x0000000787200000, 0x0000000787200000, 0x0000000787300000|  0%| F|  |TAMS 0x0000000787200000| PB 0x0000000787200000| Untracked 
| 115|0x0000000787300000, 0x0000000787300000, 0x0000000787400000|  0%| F|  |TAMS 0x0000000787300000| PB 0x0000000787300000| Untracked 
| 116|0x0000000787400000, 0x0000000787400000, 0x0000000787500000|  0%| F|  |TAMS 0x0000000787400000| PB 0x0000000787400000| Untracked 
| 117|0x0000000787500000, 0x0000000787500000, 0x0000000787600000|  0%| F|  |TAMS 0x0000000787500000| PB 0x0000000787500000| Untracked 
| 118|0x0000000787600000, 0x0000000787600000, 0x0000000787700000|  0%| F|  |TAMS 0x0000000787600000| PB 0x0000000787600000| Untracked 
| 119|0x0000000787700000, 0x0000000787700000, 0x0000000787800000|  0%| F|  |TAMS 0x0000000787700000| PB 0x0000000787700000| Untracked 
| 120|0x0000000787800000, 0x0000000787800000, 0x0000000787900000|  0%| F|  |TAMS 0x0000000787800000| PB 0x0000000787800000| Untracked 
| 121|0x0000000787900000, 0x0000000787960a80, 0x0000000787a00000| 37%| S|CS|TAMS 0x0000000787900000| PB 0x0000000787900000| Complete 
| 122|0x0000000787a00000, 0x0000000787a00000, 0x0000000787b00000|  0%| F|  |TAMS 0x0000000787a00000| PB 0x0000000787a00000| Untracked 
| 123|0x0000000787b00000, 0x0000000787b00000, 0x0000000787c00000|  0%| F|  |TAMS 0x0000000787b00000| PB 0x0000000787b00000| Untracked 
| 124|0x0000000787c00000, 0x0000000787c00000, 0x0000000787d00000|  0%| F|  |TAMS 0x0000000787c00000| PB 0x0000000787c00000| Untracked 
| 125|0x0000000787d00000, 0x0000000787d00000, 0x0000000787e00000|  0%| F|  |TAMS 0x0000000787d00000| PB 0x0000000787d00000| Untracked 
| 126|0x0000000787e00000, 0x0000000787ecde80, 0x0000000787f00000| 80%| E|  |TAMS 0x0000000787e00000| PB 0x0000000787e00000| Complete 
| 127|0x0000000787f00000, 0x0000000788000000, 0x0000000788000000|100%| E|CS|TAMS 0x0000000787f00000| PB 0x0000000787f00000| Complete 
|2046|0x00000007ffe00000, 0x00000007fff00000, 0x00000007fff00000|100%| O|  |TAMS 0x00000007ffe00000| PB 0x00000007ffe00000| Untracked 
|2047|0x00000007fff00000, 0x00000007fff05fc8, 0x0000000800000000|  2%| O|  |TAMS 0x00000007fff00000| PB 0x00000007fff00000| Untracked 

Card table byte_map: [0x000000010afb3000,0x000000010b3b3000] _byte_map_base: 0x00000001073b3000

Marking Bits: (CMBitMap*) 0x00007fc60f009810
 Bits: [0x0000000121227000, 0x0000000123227000)

Polling page: 0x000000010a87d000

Metaspace:

Usage:
  Non-class:      9.98 MB used.
      Class:      1.24 MB used.
       Both:     11.22 MB used.

Virtual space:
  Non-class space:       64.00 MB reserved,      10.06 MB ( 16%) committed,  1 nodes.
      Class space:        1.00 GB reserved,       1.31 MB ( <1%) committed,  1 nodes.
             Both:        1.06 GB reserved,      11.38 MB (  1%) committed. 

Chunk freelists:
   Non-Class:  5.00 MB
       Class:  14.70 MB
        Both:  19.70 MB

MaxMetaspaceSize: unlimited
CompressedClassSpaceSize: 1.00 GB
Initial GC threshold: 21.00 MB
Current GC threshold: 21.00 MB
CDS: on
 - commit_granule_bytes: 65536.
 - commit_granule_words: 8192.
 - virtual_space_node_default_size: 8388608.
 - enlarge_chunks_in_place: 1.
 - use_allocation_guard: 0.


Internal statistics:

num_allocs_failed_limit: 0.
num_arena_births: 202.
num_arena_deaths: 0.
num_vsnodes_births: 2.
num_vsnodes_deaths: 0.
num_space_committed: 182.
num_space_uncommitted: 0.
num_chunks_returned_to_freelist: 0.
num_chunks_taken_from_freelist: 248.
num_chunk_merges: 0.
num_chunk_splits: 155.
num_chunks_enlarged: 81.
num_inconsistent_stats: 0.

CodeHeap 'non-profiled nmethods': size=120028Kb used=1553Kb max_used=1553Kb free=118475Kb
 bounds [0x0000000119cf0000, 0x0000000119f60000, 0x0000000121227000]
CodeHeap 'profiled nmethods': size=120028Kb used=3973Kb max_used=3973Kb free=116054Kb
 bounds [0x0000000112227000, 0x0000000112617000, 0x000000011975e000]
CodeHeap 'non-nmethods': size=5704Kb used=1634Kb max_used=1674Kb free=4070Kb
 bounds [0x000000011975e000, 0x00000001199ce000, 0x0000000119cf0000]
CodeCache: size=245760Kb, used=7160Kb, max_used=7200Kb, free=238599Kb
 total_blobs=3005, nmethods=2303, adapters=608, full_count=0
Compilation: enabled, stopped_count=0, restarted_count=0

Compilation events (20 events):
Event: 2882.758 Thread 0x00007fc60c846e00 2300   !   4       java.util.concurrent.locks.AbstractQueuedSynchronizer::reacquire (64 bytes)
Event: 2882.768 Thread 0x00007fc60c846e00 nmethod 2300 0x0000000119e72f90 code [0x0000000119e73140, 0x0000000119e73330]
Event: 2902.660 Thread 0x00007fc60c847600 2301 %     3       java.awt.EventDispatchThread::pumpEventsForFilter @ 10 (47 bytes)
Event: 2902.673 Thread 0x00007fc60c847600 nmethod 2301% 0x0000000112604690 code [0x0000000112604880, 0x0000000112604da0]
Event: 2953.753 Thread 0x00007fc60c847600 2302       3       java.awt.EventDispatchThread::pumpEventsForFilter (47 bytes)
Event: 2953.755 Thread 0x00007fc60c847600 nmethod 2302 0x0000000112604f90 code [0x0000000112605180, 0x00000001126055e0]
Event: 2962.607 Thread 0x00007fc60c847600 2303   !   3       java.lang.ref.ReferenceQueue::enqueue (32 bytes)
Event: 2962.607 Thread 0x00007fc60c846e00 2305       4       java.util.concurrent.locks.AbstractQueuedSynchronizer$ConditionObject::signalAll (34 bytes)
Event: 2962.607 Thread 0x00007fc60c847600 nmethod 2303 0x0000000112605790 code [0x00000001126059e0, 0x0000000112606370]
Event: 2962.607 Thread 0x00007fc60c847600 2304       3       java.lang.ref.ReferenceQueue::signal (10 bytes)
Event: 2962.608 Thread 0x00007fc60c847600 nmethod 2304 0x0000000112606710 code [0x0000000112606900, 0x0000000112606cf8]
Event: 2962.618 Thread 0x00007fc60c846e00 nmethod 2305 0x0000000119e73490 code [0x0000000119e73640, 0x0000000119e73d18]
Event: 3583.446 Thread 0x00007fc60c847600 2306       3       java.util.PriorityQueue::offer (58 bytes)
Event: 3583.470 Thread 0x00007fc60c847600 nmethod 2306 0x0000000112606e90 code [0x0000000112607080, 0x0000000112607468]
Event: 3583.470 Thread 0x00007fc60c847600 2307       3       java.util.PriorityQueue::siftUp (33 bytes)
Event: 3583.470 Thread 0x00007fc60c847600 nmethod 2307 0x0000000112607610 code [0x00000001126077c0, 0x00000001126079b8]
Event: 3583.470 Thread 0x00007fc60c847600 2308       3       java.util.PriorityQueue::siftUpComparable (52 bytes)
Event: 3583.472 Thread 0x00007fc60c847600 nmethod 2308 0x0000000112607a90 code [0x0000000112607c80, 0x00000001126083d8]
Event: 4744.693 Thread 0x00007fc60c846e00 2309 %     4       java.awt.EventDispatchThread::pumpEventsForFilter @ 10 (47 bytes)
Event: 4744.809 Thread 0x00007fc60c846e00 nmethod 2309% 0x0000000119e73f90 code [0x0000000119e74120, 0x0000000119e742c8]

GC Heap History (20 events):
Event: 3675.707 GC heap before
{Heap before GC invocations=6 (full 0):
 garbage-first heap   total 133120K, used 97250K [0x0000000780000000, 0x0000000800000000)
  region size 1024K, 76 young (77824K), 3 survivors (3072K)
 Metaspace       used 11488K, committed 11648K, reserved 1114112K
  class space    used 1267K, committed 1344K, reserved 1048576K
}
Event: 3675.770 GC heap after
{Heap after GC invocations=7 (full 0):
 garbage-first heap   total 133120K, used 22495K [0x0000000780000000, 0x0000000800000000)
  region size 1024K, 3 young (3072K), 3 survivors (3072K)
 Metaspace       used 11488K, committed 11648K, reserved 1114112K
  class space    used 1267K, committed 1344K, reserved 1048576K
}
Event: 4400.118 GC heap before
{Heap before GC invocations=7 (full 0):
 garbage-first heap   total 133120K, used 97247K [0x0000000780000000, 0x0000000800000000)
  region size 1024K, 76 young (77824K), 3 survivors (3072K)
 Metaspace       used 11488K, committed 11648K, reserved 1114112K
  class space    used 1267K, committed 1344K, reserved 1048576K
}
Event: 4400.452 GC heap after
{Heap after GC invocations=8 (full 0):
 garbage-first heap   total 133120K, used 22687K [0x0000000780000000, 0x0000000800000000)
  region size 1024K, 4 young (4096K), 4 survivors (4096K)
 Metaspace       used 11488K, committed 11648K, reserved 1114112K
  class space    used 1267K, committed 1344K, reserved 1048576K
}
Event: 5094.818 GC heap before
{Heap before GC invocations=8 (full 0):
 garbage-first heap   total 133120K, used 96415K [0x0000000780000000, 0x0000000800000000)
  region size 1024K, 76 young (77824K), 4 survivors (4096K)
 Metaspace       used 11488K, committed 11648K, reserved 1114112K
  class space    used 1267K, committed 1344K, reserved 1048576K
}
Event: 5094.922 GC heap after
{Heap after GC invocations=9 (full 0):
 garbage-first heap   total 133120K, used 22520K [0x0000000780000000, 0x0000000800000000)
  region size 1024K, 3 young (3072K), 3 survivors (3072K)
 Metaspace       used 11488K, committed 11648K, reserved 1114112K
  class space    used 1267K, committed 1344K, reserved 1048576K
}
Event: 5748.695 GC heap before
{Heap before GC invocations=9 (full 0):
 garbage-first heap   total 133120K, used 97272K [0x0000000780000000, 0x0000000800000000)
  region size 1024K, 76 young (77824K), 3 survivors (3072K)
 Metaspace       used 11488K, committed 11648K, reserved 1114112K
  class space    used 1267K, committed 1344K, reserved 1048576K
}
Event: 5748.768 GC heap after
{Heap after GC invocations=10 (full 0):
 garbage-first heap   total 133120K, used 22651K [0x0000000780000000, 0x0000000800000000)
  region size 1024K, 4 young (4096K), 4 survivors (4096K)
 Metaspace       used 11488K, committed 11648K, reserved 1114112K
  class space    used 1267K, committed 1344K, reserved 1048576K
}
Event: 6322.353 GC heap before
{Heap before GC invocations=10 (full 0):
 garbage-first heap   total 133120K, used 96379K [0x0000000780000000, 0x0000000800000000)
  region size 1024K, 76 young (77824K), 4 survivors (4096K)
 Metaspace       used 11488K, committed 11648K, reserved 1114112K
  class space    used 1267K, committed 1344K, reserved 1048576K
}
Event: 6322.456 GC heap after
{Heap after GC invocations=11 (full 0):
 garbage-first heap   total 133120K, used 22521K [0x0000000780000000, 0x0000000800000000)
  region size 1024K, 3 young (3072K), 3 survivors (3072K)
 Metaspace       used 11488K, committed 11648K, reserved 1114112K
  class space    used 1267K, committed 1344K, reserved 1048576K
}
Event: 7022.811 GC heap before
{Heap before GC invocations=11 (full 0):
 garbage-first heap   total 133120K, used 97273K [0x0000000780000000, 0x0000000800000000)
  region size 1024K, 76 young (77824K), 3 survivors (3072K)
 Metaspace       used 11488K, committed 11648K, reserved 1114112K
  class space    used 1267K, committed 1344K, reserved 1048576K
}
Event: 7036.167 GC heap after
{Heap after GC invocations=12 (full 0):
 garbage-first heap   total 133120K, used 22621K [0x0000000780000000, 0x0000000800000000)
  region size 1024K, 4 young (4096K), 4 survivors (4096K)
 Metaspace       used 11488K, committed 11648K, reserved 1114112K
  class space    used 1267K, committed 1344K, reserved 1048576K
}
Event: 7042.663 GC heap before
{Heap before GC invocations=12 (full 0):
 garbage-first heap   total 133120K, used 24669K [0x0000000780000000, 0x0000000800000000)
  region size 1024K, 6 young (6144K), 4 survivors (4096K)
 Metaspace       used 11488K, committed 11648K, reserved 1114112K
  class space    used 1267K, committed 1344K, reserved 1048576K
}
Event: 7042.735 GC heap after
{Heap after GC invocations=13 (full 0):
 garbage-first heap   total 133120K, used 22740K [0x0000000780000000, 0x0000000800000000)
  region size 1024K, 1 young (1024K), 1 survivors (1024K)
 Metaspace       used 11488K, committed 11648K, reserved 1114112K
  class space    used 1267K, committed 1344K, reserved 1048576K
}
Event: 7065.750 GC heap before
{Heap before GC invocations=13 (full 0):
 garbage-first heap   total 133120K, used 27860K [0x0000000780000000, 0x0000000800000000)
  region size 1024K, 6 young (6144K), 1 survivors (1024K)
 Metaspace       used 11488K, committed 11648K, reserved 1114112K
  class space    used 1267K, committed 1344K, reserved 1048576K
}
Event: 7065.812 GC heap after
{Heap after GC invocations=14 (full 0):
 garbage-first heap   total 133120K, used 22431K [0x0000000780000000, 0x0000000800000000)
  region size 1024K, 1 young (1024K), 1 survivors (1024K)
 Metaspace       used 11488K, committed 11648K, reserved 1114112K
  class space    used 1267K, committed 1344K, reserved 1048576K
}
Event: 7090.461 GC heap before
{Heap before GC invocations=14 (full 0):
 garbage-first heap   total 133120K, used 27551K [0x0000000780000000, 0x0000000800000000)
  region size 1024K, 6 young (6144K), 1 survivors (1024K)
 Metaspace       used 11488K, committed 11648K, reserved 1114112K
  class space    used 1267K, committed 1344K, reserved 1048576K
}
Event: 7090.557 GC heap after
{Heap after GC invocations=15 (full 0):
 garbage-first heap   total 133120K, used 22397K [0x0000000780000000, 0x0000000800000000)
  region size 1024K, 1 young (1024K), 1 survivors (1024K)
 Metaspace       used 11488K, committed 11648K, reserved 1114112K
  class space    used 1267K, committed 1344K, reserved 1048576K
}
Event: 7126.028 GC heap before
{Heap before GC invocations=15 (full 0):
 garbage-first heap   total 133120K, used 27517K [0x0000000780000000, 0x0000000800000000)
  region size 1024K, 6 young (6144K), 1 survivors (1024K)
 Metaspace       used 11488K, committed 11648K, reserved 1114112K
  class space    used 1267K, committed 1344K, reserved 1048576K
}
Event: 7126.063 GC heap after
{Heap after GC invocations=16 (full 0):
 garbage-first heap   total 133120K, used 22378K [0x0000000780000000, 0x0000000800000000)
  region size 1024K, 1 young (1024K), 1 survivors (1024K)
 Metaspace       used 11488K, committed 11648K, reserved 1114112K
  class space    used 1267K, committed 1344K, reserved 1048576K
}

Dll operation events (10 events):
Event: 0.029 Loaded shared library /Users/courtneysweeney/.p2/pool/plugins/org.eclipse.justj.openjdk.hotspot.jre.full.macosx.x86_64_21.0.9.v20251105-0741/jre/lib/libjava.dylib
Event: 0.226 Loaded shared library /Users/courtneysweeney/.p2/pool/plugins/org.eclipse.justj.openjdk.hotspot.jre.full.macosx.x86_64_21.0.9.v20251105-0741/jre/lib/libnio.dylib
Event: 0.307 Loaded shared library /Users/courtneysweeney/.p2/pool/plugins/org.eclipse.justj.openjdk.hotspot.jre.full.macosx.x86_64_21.0.9.v20251105-0741/jre/lib/libzip.dylib
Event: 0.314 Loaded shared library /Users/courtneysweeney/.p2/pool/plugins/org.eclipse.justj.openjdk.hotspot.jre.full.macosx.x86_64_21.0.9.v20251105-0741/jre/lib/libnet.dylib
Event: 0.433 Loaded shared library /Users/courtneysweeney/.p2/pool/plugins/org.eclipse.justj.openjdk.hotspot.jre.full.macosx.x86_64_21.0.9.v20251105-0741/jre/lib/libjimage.dylib
Event: 0.467 Loaded shared library /Users/courtneysweeney/.p2/pool/plugins/org.eclipse.justj.openjdk.hotspot.jre.full.macosx.x86_64_21.0.9.v20251105-0741/jre/lib/libawt.dylib
Event: 0.542 Loaded shared library /Users/courtneysweeney/.p2/pool/plugins/org.eclipse.justj.openjdk.hotspot.jre.full.macosx.x86_64_21.0.9.v20251105-0741/jre/lib/libawt_lwawt.dylib
Event: 0.622 Loaded shared library /Users/courtneysweeney/.p2/pool/plugins/org.eclipse.justj.openjdk.hotspot.jre.full.macosx.x86_64_21.0.9.v20251105-0741/jre/lib/libfontmanager.dylib
Event: 2.057 Loaded shared library /Users/courtneysweeney/.p2/pool/plugins/org.eclipse.justj.openjdk.hotspot.jre.full.macosx.x86_64_21.0.9.v20251105-0741/jre/lib/libosxui.dylib
Event: 2.305 Loaded shared library /Users/courtneysweeney/.p2/pool/plugins/org.eclipse.justj.openjdk.hotspot.jre.full.macosx.x86_64_21.0.9.v20251105-0741/jre/lib/libzip.dylib

Deoptimization events (20 events):
Event: 252.812 Thread 0x00007fc60d84ae00 DEOPT PACKING pc=0x0000000119e3d7e0 sp=0x000000030a0ab860
Event: 252.812 Thread 0x00007fc60d84ae00 DEOPT UNPACKING pc=0x00000001197b1f93 sp=0x000000030a0ab7f0 mode 2
Event: 252.950 Thread 0x00007fc60d84ae00 Uncommon trap: trap_request=0xffffff6e fr.pc=0x0000000119e40a60 relative=0x00000000000028e0
Event: 252.950 Thread 0x00007fc60d84ae00 Uncommon trap: reason=loop_limit_check action=maybe_recompile pc=0x0000000119e40a60 method=java.awt.EventDispatchThread.filterAndCheckEvent(Ljava/awt/AWTEvent;)Z @ 22 c2
Event: 252.950 Thread 0x00007fc60d84ae00 DEOPT PACKING pc=0x0000000119e40a60 sp=0x000000030a0ab890
Event: 252.950 Thread 0x00007fc60d84ae00 DEOPT UNPACKING pc=0x00000001197b1f93 sp=0x000000030a0ab810 mode 2
Event: 603.967 Thread 0x00007fc60d81bc00 Uncommon trap: trap_request=0xffffff45 fr.pc=0x0000000119e55180 relative=0x0000000000000c00
Event: 603.967 Thread 0x00007fc60d81bc00 Uncommon trap: reason=unstable_if action=reinterpret pc=0x0000000119e55180 method=java.util.concurrent.locks.AbstractQueuedSynchronizer.acquire(Ljava/util/concurrent/locks/AbstractQueuedSynchronizer$Node;IZZZJ)I @ 49 c2
Event: 603.968 Thread 0x00007fc60d81bc00 DEOPT PACKING pc=0x0000000119e55180 sp=0x00000003086b0980
Event: 603.969 Thread 0x00007fc60d81bc00 DEOPT UNPACKING pc=0x00000001197b1f93 sp=0x00000003086b0900 mode 2
Event: 629.681 Thread 0x00007fc60e909c00 DEOPT PACKING pc=0x00000001125881d6 sp=0x000000030a946a10
Event: 629.682 Thread 0x00007fc60e909c00 DEOPT UNPACKING pc=0x00000001197b2710 sp=0x000000030a945ed8 mode 0
Event: 2241.976 Thread 0x00007fc60d84ae00 Uncommon trap: trap_request=0xfffffff4 fr.pc=0x0000000119dbb7d4 relative=0x0000000000002594
Event: 2241.976 Thread 0x00007fc60d84ae00 Uncommon trap: reason=null_check action=make_not_entrant pc=0x0000000119dbb7d4 method=sun.java2d.pipe.BufferedContext.validate(Lsun/java2d/pipe/hw/AccelSurface;Lsun/java2d/pipe/hw/AccelSurface;Lsun/java2d/pipe/Region;Ljava/awt/Composite;Ljava/awt/geom/Aff
Event: 2241.982 Thread 0x00007fc60d84ae00 DEOPT PACKING pc=0x0000000119dbb7d4 sp=0x000000030a0ab520
Event: 2241.983 Thread 0x00007fc60d84ae00 DEOPT UNPACKING pc=0x00000001197b1f93 sp=0x000000030a0ab4b8 mode 2
Event: 2599.740 Thread 0x00007fc60e8e0800 DEOPT PACKING pc=0x00000001125f26a8 sp=0x0000000309ea5990
Event: 2599.741 Thread 0x00007fc60e8e0800 DEOPT UNPACKING pc=0x00000001197b2710 sp=0x0000000309ea4ef0 mode 0
Event: 5118.887 Thread 0x00007fc60d84ae00 DEOPT PACKING pc=0x0000000112604cf6 sp=0x000000030a0ab900
Event: 5118.887 Thread 0x00007fc60d84ae00 DEOPT UNPACKING pc=0x00000001197b2710 sp=0x000000030a0aae28 mode 0

Classes loaded (20 events):
Event: 6.750 Loading class javax/swing/plaf/basic/BasicSplitPaneUI$Actions
Event: 6.750 Loading class javax/swing/plaf/basic/BasicSplitPaneUI$Actions done
Event: 6.750 Loading class javax/swing/JComponent$ActionStandin
Event: 6.750 Loading class javax/swing/JComponent$ActionStandin done
Event: 8.171 Loading class javax/swing/KeyboardManager
Event: 8.171 Loading class javax/swing/KeyboardManager done
Event: 8.171 Loading class javax/swing/Popup$HeavyWeightWindow
Event: 8.171 Loading class sun/awt/ModalExclude
Event: 8.171 Loading class sun/awt/ModalExclude done
Event: 8.171 Loading class javax/swing/JWindow
Event: 8.171 Loading class javax/swing/JWindow done
Event: 8.171 Loading class javax/swing/Popup$HeavyWeightWindow done
Event: 10.025 Loading class javax/swing/Timer$1
Event: 10.025 Loading class javax/swing/Timer$1 done
Event: 13.525 Loading class java/awt/LightweightDispatcher$2
Event: 13.525 Loading class java/awt/LightweightDispatcher$2 done
Event: 60.762 Loading class java/awt/image/BufferedImageOp
Event: 60.763 Loading class java/awt/image/BufferedImageOp done
Event: 112.020 Loading class java/security/DomainCombiner
Event: 112.030 Loading class java/security/DomainCombiner done

Classes unloaded (0 events):
No events

Classes redefined (0 events):
No events

Internal exceptions (20 events):
Event: 2.108 Thread 0x00007fc60d80a000 Exception <a 'java/lang/NoSuchMethodError'{0x0000000787b46c78}: 'java.lang.Object java.lang.invoke.DirectMethodHandle$Holder.newInvokeSpecial(java.lang.Object, java.lang.Object, java.lang.Object, java.lang.Object, java.lang.Object)'> (0x0000000787b46c78) 
thrown [src/hotspot/share/interpreter/linkResolver.cpp, line 773]
Event: 2.119 Thread 0x00007fc60d80a000 Exception <a 'java/lang/NoSuchMethodError'{0x0000000787b73280}: 'java.lang.Object java.lang.invoke.DirectMethodHandle$Holder.invokeStatic(java.lang.Object, int, java.lang.Object)'> (0x0000000787b73280) 
thrown [src/hotspot/share/interpreter/linkResolver.cpp, line 773]
Event: 2.126 Thread 0x00007fc60d80a000 Exception <a 'java/lang/ClassNotFoundException'{0x0000000787a164c0}: com/apple/laf/resources/spi/aquaProvider> (0x0000000787a164c0) 
thrown [src/hotspot/share/classfile/systemDictionary.cpp, line 312]
Event: 2.158 Thread 0x00007fc60d80a000 Exception <a 'java/lang/ClassNotFoundException'{0x0000000787a7b300}: com/sun/swing/internal/plaf/basic/resources/spi/basicProvider> (0x0000000787a7b300) 
thrown [src/hotspot/share/classfile/systemDictionary.cpp, line 312]
Event: 2.174 Thread 0x00007fc60d80a000 Exception <a 'java/lang/NoSuchMethodError'{0x0000000787a9ba40}: 'int java.lang.invoke.Invokers$Holder.invokeExact_MT(java.lang.Object, java.lang.Object)'> (0x0000000787a9ba40) 
thrown [src/hotspot/share/interpreter/linkResolver.cpp, line 773]
Event: 2.882 Thread 0x00007fc60d80a000 Exception <a 'java/io/FileNotFoundException'{0x00000007857c0ca0}> (0x00000007857c0ca0) 
thrown [src/hotspot/share/prims/jni.cpp, line 520]
Event: 2.993 Thread 0x00007fc60ea02e00 Exception <a 'java/lang/NoSuchMethodError'{0x0000000785562e28}: 'java.lang.Object java.lang.invoke.DirectMethodHandle$Holder.newInvokeSpecial(java.lang.Object, java.lang.Object, java.lang.Object, int, int, int, int, int)'> (0x0000000785562e28) 
thrown [src/hotspot/share/interpreter/linkResolver.cpp, line 773]
Event: 3.030 Thread 0x00007fc60d80a000 Exception <a 'java/lang/NoSuchMethodError'{0x00000007855dfd00}: 'void java.lang.invoke.Invokers$Holder.invokeExact_MT(java.lang.Object, java.lang.Object, java.lang.Object, java.lang.Object)'> (0x00000007855dfd00) 
thrown [src/hotspot/share/interpreter/linkResolver.cpp, line 773]
Event: 3.050 Thread 0x00007fc60d80a000 Exception <a 'java/lang/NoSuchMethodError'{0x00000007855eb990}: 'java.lang.Object java.lang.invoke.DirectMethodHandle$Holder.newInvokeSpecial(java.lang.Object, java.lang.Object, java.lang.Object, int, java.lang.Object)'> (0x00000007855eb990) 
thrown [src/hotspot/share/interpreter/linkResolver.cpp, line 773]
Event: 3.052 Thread 0x00007fc60d80a000 Exception <a 'java/lang/NoSuchMethodError'{0x00000007855f2e58}: 'java.lang.Object java.lang.invoke.Invokers$Holder.linkToTargetMethod(java.lang.Object, java.lang.Object, int, java.lang.Object, java.lang.Object)'> (0x00000007855f2e58) 
thrown [src/hotspot/share/interpreter/linkResolver.cpp, line 773]
Event: 3.110 Thread 0x00007fc60d80a000 Exception <a 'java/lang/NoSuchMethodError'{0x00000007855f6f60}: 'void java.lang.invoke.DirectMethodHandle$Holder.invokeStatic(java.lang.Object, int, long)'> (0x00000007855f6f60) 
thrown [src/hotspot/share/interpreter/linkResolver.cpp, line 773]
Event: 3.126 Thread 0x00007fc60d84ae00 Exception <a 'java/lang/NoSuchMethodError'{0x00000007855839e0}: 'void java.lang.invoke.DirectMethodHandle$Holder.invokeStatic(java.lang.Object, long)'> (0x00000007855839e0) 
thrown [src/hotspot/share/interpreter/linkResolver.cpp, line 773]
Event: 3.129 Thread 0x00007fc60d80a000 Exception <a 'java/lang/NoSuchMethodError'{0x000000078543a540}: 'java.lang.Object java.lang.invoke.Invokers$Holder.linkToTargetMethod(int, int, int, int, java.lang.Object)'> (0x000000078543a540) 
thrown [src/hotspot/share/interpreter/linkResolver.cpp, line 773]
Event: 3.131 Thread 0x00007fc60d80a000 Exception <a 'java/lang/NoSuchMethodError'{0x000000078543dcb0}: 'void java.lang.invoke.DirectMethodHandle$Holder.invokeStatic(java.lang.Object, java.lang.Object, long)'> (0x000000078543dcb0) 
thrown [src/hotspot/share/interpreter/linkResolver.cpp, line 773]
Event: 3.147 Thread 0x00007fc60d81bc00 Exception <a 'java/lang/NoSuchMethodError'{0x00000007854b5198}: 'void java.lang.invoke.DirectMethodHandle$Holder.invokeSpecial(java.lang.Object, java.lang.Object, long)'> (0x00000007854b5198) 
thrown [src/hotspot/share/interpreter/linkResolver.cpp, line 773]
Event: 3.860 Thread 0x00007fc60d80a000 Exception <a 'java/lang/NoSuchMethodError'{0x0000000787f59758}: 'void java.lang.invoke.DirectMethodHandle$Holder.invokeStatic(java.lang.Object, long, long)'> (0x0000000787f59758) 
thrown [src/hotspot/share/interpreter/linkResolver.cpp, line 773]
Event: 3.864 Thread 0x00007fc60d80a000 Exception <a 'java/lang/NoSuchMethodError'{0x0000000787f5e5d8}: 'java.lang.Object java.lang.invoke.DirectMethodHandle$Holder.newInvokeSpecial(java.lang.Object, long)'> (0x0000000787f5e5d8) 
thrown [src/hotspot/share/interpreter/linkResolver.cpp, line 773]
Event: 3.867 Thread 0x00007fc60d80a000 Exception <a 'java/lang/NoSuchMethodError'{0x0000000787f67d08}: 'java.lang.Object java.lang.invoke.DirectMethodHandle$Holder.newInvokeSpecial(java.lang.Object, java.lang.Object, int)'> (0x0000000787f67d08) 
thrown [src/hotspot/share/interpreter/linkResolver.cpp, line 773]
Event: 6.744 Thread 0x00007fc60d84ae00 Exception <a 'java/lang/NoSuchMethodError'{0x0000000787cd8d10}: 'void java.lang.invoke.DirectMethodHandle$Holder.invokeStatic(java.lang.Object, java.lang.Object)'> (0x0000000787cd8d10) 
thrown [src/hotspot/share/interpreter/linkResolver.cpp, line 773]
Event: 2241.975 Thread 0x00007fc60d84ae00 Implicit null exception at 0x0000000119db97b5 to 0x0000000119dbb7ac

ZGC Phase Switch (0 events):
No events

VM Operations (20 events):
Event: 6972.346 Executing VM operation: RendezvousGCThreads
Event: 6972.346 Executing VM operation: RendezvousGCThreads done
Event: 7022.365 Executing VM operation: G1CollectForAllocation (G1 Evacuation Pause)
Event: 7036.185 Executing VM operation: G1CollectForAllocation (G1 Evacuation Pause) done
Event: 7036.209 Executing VM operation: HandshakeAllThreads (HandshakeForDeflation)
Event: 7036.242 Executing VM operation: HandshakeAllThreads (HandshakeForDeflation) done
Event: 7036.242 Executing VM operation: RendezvousGCThreads
Event: 7036.242 Executing VM operation: RendezvousGCThreads done
Event: 7042.650 Executing VM operation: G1CollectForAllocation (G1 Evacuation Pause)
Event: 7042.735 Executing VM operation: G1CollectForAllocation (G1 Evacuation Pause) done
Event: 7065.750 Executing VM operation: G1CollectForAllocation (G1 Evacuation Pause)
Event: 7065.812 Executing VM operation: G1CollectForAllocation (G1 Evacuation Pause) done
Event: 7090.411 Executing VM operation: G1CollectForAllocation (G1 Evacuation Pause)
Event: 7090.566 Executing VM operation: G1CollectForAllocation (G1 Evacuation Pause) done
Event: 7096.302 Executing VM operation: HandshakeAllThreads (HandshakeForDeflation)
Event: 7096.303 Executing VM operation: HandshakeAllThreads (HandshakeForDeflation) done
Event: 7096.303 Executing VM operation: RendezvousGCThreads
Event: 7096.303 Executing VM operation: RendezvousGCThreads done
Event: 7126.018 Executing VM operation: G1CollectForAllocation (G1 Evacuation Pause)
Event: 7126.064 Executing VM operation: G1CollectForAllocation (G1 Evacuation Pause) done

Memory protections (20 events):
Event: 0.193 Protecting memory [0x000000030905f000,0x0000000309063000] with protection modes 0
Event: 0.193 Protecting memory [0x0000000309162000,0x0000000309166000] with protection modes 0
Event: 0.198 Protecting memory [0x0000000309265000,0x0000000309269000] with protection modes 0
Event: 0.199 Protecting memory [0x0000000309368000,0x000000030936c000] with protection modes 0
Event: 0.199 Protecting memory [0x000000030946b000,0x000000030946f000] with protection modes 0
Event: 0.200 Protecting memory [0x000000030956e000,0x0000000309572000] with protection modes 0
Event: 0.201 Protecting memory [0x0000000309671000,0x0000000309675000] with protection modes 0
Event: 0.303 Protecting memory [0x0000000309774000,0x0000000309778000] with protection modes 0
Event: 0.410 Protecting memory [0x0000000309877000,0x000000030987b000] with protection modes 0
Event: 0.648 Protecting memory [0x0000000307eb6000,0x0000000307eba000] with protection modes 0
Event: 0.856 Protecting memory [0x000000030997a000,0x000000030997e000] with protection modes 0
Event: 2.005 Protecting memory [0x0000000309da6000,0x0000000309daa000] with protection modes 0
Event: 2.019 Protecting memory [0x0000000309ea9000,0x0000000309ead000] with protection modes 0
Event: 2.241 Protecting memory [0x0000000309fac000,0x0000000309fb0000] with protection modes 0
Event: 2.885 Protecting memory [0x000000030a5be000,0x000000030a5c2000] with protection modes 0
Event: 3.019 Protecting memory [0x000000030a6c1000,0x000000030a6c5000] with protection modes 0
Event: 3.880 Protecting memory [0x000000030a847000,0x000000030a84b000] with protection modes 0
Event: 3.885 Protecting memory [0x0000000308739000,0x000000030873d000] with protection modes 3
Event: 3.893 Protecting memory [0x0000000308739000,0x000000030873d000] with protection modes 0
Event: 10.339 Protecting memory [0x000000030a5be000,0x000000030a5c2000] with protection modes 3

Nmethod flushes (0 events):
No events

Events (20 events):
Event: 0.193 Thread 0x00007fc60d80a000 Thread added: 0x00007fc60d819400
Event: 0.193 Thread 0x00007fc60d80a000 Thread added: 0x00007fc60c843000
Event: 0.198 Thread 0x00007fc60d80a000 Thread added: 0x00007fc60e04e200
Event: 0.199 Thread 0x00007fc60d80a000 Thread added: 0x00007fc60c846600
Event: 0.199 Thread 0x00007fc60d80a000 Thread added: 0x00007fc60e050c00
Event: 0.200 Thread 0x00007fc60d80a000 Thread added: 0x00007fc60c846e00
Event: 0.201 Thread 0x00007fc60d80a000 Thread added: 0x00007fc60c847600
Event: 0.303 Thread 0x00007fc60d80a000 Thread added: 0x00007fc60e831600
Event: 0.410 Thread 0x00007fc60d80a000 Thread added: 0x00007fc60d818000
Event: 0.648 Thread 0x00007fc60d81bc00 Thread added: 0x00007fc60d81bc00
Event: 0.856 Thread 0x00007fc60d81bc00 Thread added: 0x00007fc60c9b6400
Event: 2.005 Thread 0x00007fc60d80a000 Thread added: 0x00007fc60e8e0800
Event: 2.019 Thread 0x00007fc60d80a000 Thread added: 0x00007fc60ca29e00
Event: 2.241 Thread 0x00007fc60d80a000 Thread added: 0x00007fc60d84ae00
Event: 2.885 Thread 0x00007fc60d80a000 Thread added: 0x00007fc60ea02e00
Event: 3.019 Thread 0x00007fc60d80a000 Thread added: 0x00007fc60e8f4800
Event: 3.880 Thread 0x00007fc60d80a000 Thread added: 0x00007fc60e909c00
Event: 3.885 Thread 0x00007fc60d80a000 Thread exited: 0x00007fc60d80a000
Event: 3.893 Thread 0x00007fc60e070c00 Thread added: 0x00007fc60e070c00
Event: 10.340 Thread 0x00007fc60ea02e00 Thread exited: 0x00007fc60ea02e00


Dynamic libraries:
0x000000010a821000 	/Users/courtneysweeney/.p2/pool/plugins/org.eclipse.justj.openjdk.hotspot.jre.full.macosx.x86_64_21.0.9.v20251105-0741/jre/lib/libjli.dylib
0x00007ff82435c000 	/System/Library/Frameworks/Cocoa.framework/Versions/A/Cocoa
0x00007ff80a3d7000 	/System/Library/Frameworks/AppKit.framework/Versions/C/AppKit
0x00007ff80d95f000 	/System/Library/Frameworks/CoreData.framework/Versions/A/CoreData
0x00007ff807a97000 	/System/Library/Frameworks/Foundation.framework/Versions/C/Foundation
0x00007ff815492000 	/usr/lib/libSystem.B.dylib
0x00007ff80b92a000 	/System/Library/PrivateFrameworks/UIFoundation.framework/Versions/A/UIFoundation
0x00007ffb192a7000 	/System/Library/PrivateFrameworks/CollectionViewCore.framework/Versions/A/CollectionViewCore
0x00007ff81cff5000 	/System/Library/PrivateFrameworks/RemoteViewServices.framework/Versions/A/RemoteViewServices
0x00007ff812b89000 	/System/Library/PrivateFrameworks/XCTTargetBootstrap.framework/Versions/A/XCTTargetBootstrap
0x00007ff818155000 	/System/Library/PrivateFrameworks/InternationalSupport.framework/Versions/A/InternationalSupport
0x00007ff8184a4000 	/System/Library/PrivateFrameworks/UserActivity.framework/Versions/A/UserActivity
0x00007ffd056c3000 	/System/Library/PrivateFrameworks/UIIntelligenceSupport.framework/Versions/A/UIIntelligenceSupport
0x00007ffb0fe1f000 	/System/Library/Frameworks/SwiftUICore.framework/Versions/A/SwiftUICore
0x00007ffd0a2b1000 	/System/Library/PrivateFrameworks/WritingTools.framework/Versions/A/WritingTools
0x00007ffd09406000 	/System/Library/PrivateFrameworks/WindowManagement.framework/Versions/A/WindowManagement
0x00007ff807723000 	/System/Library/Frameworks/SystemConfiguration.framework/Versions/A/SystemConfiguration
0x00007ff81748d000 	/usr/lib/libspindump.dylib
0x00007ff80bb06000 	/System/Library/Frameworks/UniformTypeIdentifiers.framework/Versions/A/UniformTypeIdentifiers
0x00007ff81477f000 	/usr/lib/libbsm.0.dylib
0x00007ff810749000 	/usr/lib/libapp_launch_measurement.dylib
0x00007ff80f3bf000 	/System/Library/PrivateFrameworks/CoreAnalytics.framework/Versions/A/CoreAnalytics
0x00007ff81074c000 	/System/Library/PrivateFrameworks/CoreAutoLayout.framework/Versions/A/CoreAutoLayout
0x00007ff8121d3000 	/System/Library/Frameworks/Metal.framework/Versions/A/Metal
0x00007ff813441000 	/usr/lib/liblangid.dylib
0x00007ff812b8e000 	/System/Library/PrivateFrameworks/CoreSVG.framework/Versions/A/CoreSVG
0x00007ff80c537000 	/System/Library/PrivateFrameworks/SkyLight.framework/Versions/A/SkyLight
0x00007ff80ca04000 	/System/Library/Frameworks/CoreGraphics.framework/Versions/A/CoreGraphics
0x00007ff81d6e4000 	/System/Library/Frameworks/Accelerate.framework/Versions/A/Accelerate
0x00007ff8172cd000 	/System/Library/PrivateFrameworks/IconServices.framework/Versions/A/IconServices
0x00007ff8121b2000 	/System/Library/Frameworks/IOSurface.framework/Versions/A/IOSurface
0x00007ff80f3ed000 	/usr/lib/libDiagnosticMessagesClient.dylib
0x00007ff81539e000 	/usr/lib/libz.1.dylib
0x00007ff8218a4000 	/System/Library/Frameworks/ApplicationServices.framework/Versions/A/ApplicationServices
0x00007ff812b76000 	/System/Library/PrivateFrameworks/DFRFoundation.framework/Versions/A/DFRFoundation
0x00007ff809c87000 	/usr/lib/libicucore.A.dylib
0x00007ff81950d000 	/System/Library/Frameworks/AudioToolbox.framework/Versions/A/AudioToolbox
0x00007ff81845d000 	/System/Library/PrivateFrameworks/DataDetectorsCore.framework/Versions/A/DataDetectorsCore
0x00007ff91321f000 	/System/Library/PrivateFrameworks/TextInput.framework/Versions/A/TextInput
0x00007ff80c48a000 	/usr/lib/libMobileGestalt.dylib
0x00007ff812894000 	/System/Library/Frameworks/Carbon.framework/Versions/A/Frameworks/HIToolbox.framework/Versions/A/HIToolbox
0x00007ff81005a000 	/System/Library/Frameworks/QuartzCore.framework/Versions/A/QuartzCore
0x00007ff8098a3000 	/System/Library/Frameworks/Security.framework/Versions/A/Security
0x00007ff81d02d000 	/System/Library/Frameworks/Carbon.framework/Versions/A/Frameworks/SpeechRecognition.framework/Versions/A/SpeechRecognition
0x00007ff810455000 	/System/Library/PrivateFrameworks/CoreUI.framework/Versions/A/CoreUI
0x00007ff809161000 	/System/Library/Frameworks/CoreAudio.framework/Versions/A/CoreAudio
0x00007ff80f4d4000 	/System/Library/Frameworks/DiskArbitration.framework/Versions/A/DiskArbitration
0x00007ff8178d4000 	/System/Library/PrivateFrameworks/MultitouchSupport.framework/Versions/A/MultitouchSupport
0x00007ff80c489000 	/usr/lib/libenergytrace.dylib
0x00007ff9075c9000 	/System/Library/PrivateFrameworks/RenderBox.framework/Versions/A/RenderBox
0x00007ff80a2a6000 	/System/Library/Frameworks/IOKit.framework/Versions/A/IOKit
0x00007ff81d438000 	/System/Library/Frameworks/CoreServices.framework/Versions/A/CoreServices
0x00007ff8106e0000 	/System/Library/PrivateFrameworks/PerformanceAnalysis.framework/Versions/A/PerformanceAnalysis
0x00007ffb08c1e000 	/System/Library/Frameworks/OpenGL.framework/Versions/A/OpenGL
0x00007ff810796000 	/usr/lib/libxml2.2.dylib
0x00007ff814671000 	/System/Library/PrivateFrameworks/MobileKeyBag.framework/Versions/A/MobileKeyBag
0x00007ff80656e000 	/usr/lib/libobjc.A.dylib
0x00007ff806886000 	/usr/lib/libc++.1.dylib
0x00007ff81d3b3000 	/System/Library/Frameworks/Accessibility.framework/Versions/A/Accessibility
0x00007ff80d2f7000 	/System/Library/Frameworks/ColorSync.framework/Versions/A/ColorSync
0x00007ff8069cc000 	/System/Library/Frameworks/CoreFoundation.framework/Versions/A/CoreFoundation
0x00007ff812f5d000 	/System/Library/Frameworks/CoreImage.framework/Versions/A/CoreImage
0x00007ff808f28000 	/System/Library/Frameworks/CoreText.framework/Versions/A/CoreText
0x00007ffb0af91000 	/System/Library/Frameworks/CoreTransferable.framework/Versions/A/CoreTransferable
0x00007ffb0b435000 	/System/Library/Frameworks/DataDetection.framework/Versions/A/DataDetection
0x00007ffb0b438000 	/System/Library/Frameworks/DeveloperToolsSupport.framework/Versions/A/DeveloperToolsSupport
0x00007ff812bc6000 	/System/Library/Frameworks/ImageIO.framework/Versions/A/ImageIO
0x00007ffb10985000 	/System/Library/Frameworks/Symbols.framework/Versions/A/Symbols
0x00007ffa1a8b2000 	/System/Library/PrivateFrameworks/FeatureFlags.framework/Versions/A/FeatureFlags
0x00007ff815497000 	/System/Library/PrivateFrameworks/SoftLinking.framework/Versions/A/SoftLinking
0x00007ffa0641e000 	/usr/lib/swift/libswiftAccelerate.dylib
0x00007ff818f4c000 	/usr/lib/swift/libswiftCore.dylib
0x00007ff90f70c000 	/usr/lib/swift/libswiftCoreFoundation.dylib
0x00007ff90f759000 	/usr/lib/swift/libswiftCoreImage.dylib
0x00007ff90cd2f000 	/usr/lib/swift/libswiftDarwin.dylib
0x00007ffd11330000 	/usr/lib/swift/libswiftDataDetection.dylib
0x00007ff81f20f000 	/usr/lib/swift/libswiftDispatch.dylib
0x00007ff90f75a000 	/usr/lib/swift/libswiftIOKit.dylib
0x00007ff91c5e8000 	/usr/lib/swift/libswiftMetal.dylib
0x00007ffa0b90c000 	/usr/lib/swift/libswiftOSLog.dylib
0x00007ff821d6b000 	/usr/lib/swift/libswiftObjectiveC.dylib
0x00007ffd1135a000 	/usr/lib/swift/libswiftObservation.dylib
0x00007ff921a35000 	/usr/lib/swift/libswiftQuartzCore.dylib
0x00007ffa0640f000 	/usr/lib/swift/libswiftUniformTypeIdentifiers.dylib
0x00007ff90f71c000 	/usr/lib/swift/libswiftXPC.dylib
0x00007ffd11459000 	/usr/lib/swift/libswift_Builtin_float.dylib
0x00007ffd1145c000 	/usr/lib/swift/libswift_Concurrency.dylib
0x00007ffd115a5000 	/usr/lib/swift/libswift_StringProcessing.dylib
0x00007ffd1162a000 	/usr/lib/swift/libswift_errno.dylib
0x00007ffd1162c000 	/usr/lib/swift/libswift_math.dylib
0x00007ffd1162f000 	/usr/lib/swift/libswift_signal.dylib
0x00007ffd11630000 	/usr/lib/swift/libswift_stdio.dylib
0x00007ffd11631000 	/usr/lib/swift/libswift_time.dylib
0x00007ff821d6f000 	/usr/lib/swift/libswiftos.dylib
0x00007ff913172000 	/usr/lib/swift/libswiftsimd.dylib
0x00007ffd11632000 	/usr/lib/swift/libswiftsys_time.dylib
0x00007ffd11633000 	/usr/lib/swift/libswiftunistd.dylib
0x00007ff81568f000 	/usr/lib/libcompression.dylib
0x00007ff818097000 	/System/Library/PrivateFrameworks/TextureIO.framework/Versions/A/TextureIO
0x00007ff816ec2000 	/usr/lib/libate.dylib
0x00007ff81548c000 	/usr/lib/system/libcache.dylib
0x00007ff815445000 	/usr/lib/system/libcommonCrypto.dylib
0x00007ff81546f000 	/usr/lib/system/libcompiler_rt.dylib
0x00007ff815463000 	/usr/lib/system/libcopyfile.dylib
0x00007ff8066b4000 	/usr/lib/system/libcorecrypto.dylib
0x00007ff8067b2000 	/usr/lib/system/libdispatch.dylib
0x00007ff806965000 	/usr/lib/system/libdyld.dylib
0x00007ff815482000 	/usr/lib/system/libkeymgr.dylib
0x00007ff81542a000 	/usr/lib/system/libmacho.dylib
0x00007ff81475a000 	/usr/lib/system/libquarantine.dylib
0x00007ff81547f000 	/usr/lib/system/libremovefile.dylib
0x00007ff80c4ff000 	/usr/lib/system/libsystem_asl.dylib
0x00007ff80664e000 	/usr/lib/system/libsystem_blocks.dylib
0x00007ff8067fd000 	/usr/lib/system/libsystem_c.dylib
0x00007ff815477000 	/usr/lib/system/libsystem_collections.dylib
0x00007ff813430000 	/usr/lib/system/libsystem_configuration.dylib
0x00007ff812183000 	/usr/lib/system/libsystem_containermanager.dylib
0x00007ff814fe7000 	/usr/lib/system/libsystem_coreservices.dylib
0x00007ff809f30000 	/usr/lib/system/libsystem_darwin.dylib
0x00007ffd1178c000 	/usr/lib/system/libsystem_darwindirectory.dylib
0x00007ff815483000 	/usr/lib/system/libsystem_dnssd.dylib
0x00007ffd11791000 	/usr/lib/system/libsystem_eligibility.dylib
0x00007ff8067fa000 	/usr/lib/system/libsystem_featureflags.dylib
0x00007ff80699e000 	/usr/lib/system/libsystem_info.dylib
0x00007ff8153b2000 	/usr/lib/system/libsystem_m.dylib
0x00007ff806767000 	/usr/lib/system/libsystem_malloc.dylib
0x00007ff80c46f000 	/usr/lib/system/libsystem_networkextension.dylib
0x00007ff80a36c000 	/usr/lib/system/libsystem_notify.dylib
0x00007ff813434000 	/usr/lib/system/libsystem_sandbox.dylib
0x00007ffd11799000 	/usr/lib/system/libsystem_sanitizers.dylib
0x00007ff81547c000 	/usr/lib/system/libsystem_secinit.dylib
0x00007ff80691c000 	/usr/lib/system/libsystem_kernel.dylib
0x00007ff806994000 	/usr/lib/system/libsystem_platform.dylib
0x00007ff806959000 	/usr/lib/system/libsystem_pthread.dylib
0x00007ff80e2a5000 	/usr/lib/system/libsystem_symptoms.dylib
0x00007ff806699000 	/usr/lib/system/libsystem_trace.dylib
0x00007ff815452000 	/usr/lib/system/libunwind.dylib
0x00007ff806652000 	/usr/lib/system/libxpc.dylib
0x00007ff806905000 	/usr/lib/libc++abi.dylib
0x00007ffd101eb000 	/usr/lib/libRosetta.dylib
0x00007ff80a224000 	/System/Library/PrivateFrameworks/CoreServicesInternal.framework/Versions/A/CoreServicesInternal
0x00007ff81545b000 	/usr/lib/liboah.dylib
0x00007ff815494000 	/usr/lib/libfakelink.dylib
0x00007ff82137b000 	/System/Library/PrivateFrameworks/DiskImages.framework/Versions/A/DiskImages
0x00007ff90c867000 	/System/Library/Frameworks/NetFS.framework/Versions/A/NetFS
0x00007ff80c0c8000 	/System/Library/Frameworks/CFNetwork.framework/Versions/A/CFNetwork
0x00007ff810713000 	/System/Library/Frameworks/CoreServices.framework/Versions/A/Frameworks/FSEvents.framework/Versions/A/FSEvents
0x00007ff809f3b000 	/System/Library/Frameworks/CoreServices.framework/Versions/A/Frameworks/CarbonCore.framework/Versions/A/CarbonCore
0x00007ff80f44c000 	/System/Library/Frameworks/CoreServices.framework/Versions/A/Frameworks/Metadata.framework/Versions/A/Metadata
0x00007ff814fee000 	/System/Library/Frameworks/CoreServices.framework/Versions/A/Frameworks/OSServices.framework/Versions/A/OSServices
0x00007ff8155c1000 	/System/Library/Frameworks/CoreServices.framework/Versions/A/Frameworks/SearchKit.framework/Versions/A/SearchKit
0x00007ff80e225000 	/System/Library/Frameworks/CoreServices.framework/Versions/A/Frameworks/AE.framework/Versions/A/AE
0x00007ff806e7f000 	/System/Library/Frameworks/CoreServices.framework/Versions/A/Frameworks/LaunchServices.framework/Versions/A/LaunchServices
0x00007ff816bf9000 	/System/Library/Frameworks/CoreServices.framework/Versions/A/Frameworks/DictionaryServices.framework/Versions/A/DictionaryServices
0x00007ff810721000 	/System/Library/Frameworks/CoreServices.framework/Versions/A/Frameworks/SharedFileList.framework/Versions/A/SharedFileList
0x00007ff815643000 	/usr/lib/libapple_nghttp2.dylib
0x00007ff80de8a000 	/usr/lib/libsqlite3.dylib
0x00007ff819b63000 	/System/Library/Frameworks/GSS.framework/Versions/A/GSS
0x00007ff80e1c0000 	/System/Library/PrivateFrameworks/RunningBoardServices.framework/Versions/A/RunningBoardServices
0x00007ff80e2ad000 	/System/Library/Frameworks/Network.framework/Versions/A/Network
0x00007ff81542e000 	/usr/lib/system/libkxld.dylib
0x00007ffb15313000 	/System/Library/PrivateFrameworks/AppleKeyStore.framework/Versions/A/AppleKeyStore
0x00007ffd100b8000 	/usr/lib/libCoreEntitlements.dylib
0x00007ffc0f5aa000 	/System/Library/PrivateFrameworks/MessageSecurity.framework/Versions/A/MessageSecurity
0x00007ff80de70000 	/System/Library/PrivateFrameworks/ProtocolBuffer.framework/Versions/A/ProtocolBuffer
0x00007ff814fcd000 	/System/Library/PrivateFrameworks/AppleFSCompression.framework/Versions/A/AppleFSCompression
0x00007ff814767000 	/usr/lib/libcoretls.dylib
0x00007ff816c67000 	/usr/lib/libcoretls_cfhelpers.dylib
0x00007ff815689000 	/usr/lib/libpam.2.dylib
0x00007ff816ce1000 	/usr/lib/libxar.1.dylib
0x00007ff8154e6000 	/usr/lib/libarchive.2.dylib
0x00007ff81b2a7000 	/System/Library/Frameworks/Combine.framework/Versions/A/Combine
0x00007ffb192ce000 	/System/Library/PrivateFrameworks/CollectionsInternal.framework/Versions/A/CollectionsInternal
0x00007ffc17a02000 	/System/Library/PrivateFrameworks/ReflectionInternal.framework/Versions/A/ReflectionInternal
0x00007ffc185ac000 	/System/Library/PrivateFrameworks/RuntimeInternal.framework/Versions/A/RuntimeInternal
0x00007ffd113ed000 	/usr/lib/swift/libswiftSystem.dylib
0x00007ff81343c000 	/System/Library/PrivateFrameworks/AppleSystemInfo.framework/Versions/A/AppleSystemInfo
0x00007ff90f5fe000 	/System/Library/PrivateFrameworks/LoggingSupport.framework/Versions/A/LoggingSupport
0x00007ff81e398000 	/System/Library/PrivateFrameworks/PowerLog.framework/Versions/A/PowerLog
0x00007ffb0fcf6000 	/System/Library/Frameworks/SwiftData.framework/Versions/A/SwiftData
0x00007ff81090b000 	/System/Library/PrivateFrameworks/UserManagement.framework/Versions/A/UserManagement
0x00007ff80bfee000 	/usr/lib/libboringssl.dylib
0x00007ff80e295000 	/usr/lib/libdns_services.dylib
0x00007ff90e807000 	/usr/lib/libquic.dylib
0x00007ff818ed4000 	/usr/lib/libusrtcp.dylib
0x00007ffa13ac4000 	/System/Library/PrivateFrameworks/InternalSwiftProtobuf.framework/Versions/A/InternalSwiftProtobuf
0x00007ffd11331000 	/usr/lib/swift/libswiftDistributed.dylib
0x00007ffd113e3000 	/usr/lib/swift/libswiftSynchronization.dylib
0x00007ff80c0c7000 	/usr/lib/libnetwork.dylib
0x00007ff92075c000 	/System/Library/PrivateFrameworks/OSAnalytics.framework/Versions/A/OSAnalytics
0x00007ff815621000 	/System/Library/PrivateFrameworks/AppleSauce.framework/Versions/A/AppleSauce
0x00007ff81f9a3000 	/System/Library/PrivateFrameworks/CoreSymbolication.framework/Versions/A/CoreSymbolication
0x00007ffa0f450000 	/System/Library/PrivateFrameworks/Symbolication.framework/Versions/A/Symbolication
0x00007ff81f983000 	/System/Library/PrivateFrameworks/DebugSymbols.framework/Versions/A/DebugSymbols
0x00007ffd0ff77000 	/usr/lib/libAppleArchive.dylib
0x00007ff814fd8000 	/usr/lib/libbz2.1.0.dylib
0x00007ff816c47000 	/usr/lib/liblzma.5.dylib
0x00007ff81446f000 	/System/Library/PrivateFrameworks/IOMobileFramebuffer.framework/Versions/A/IOMobileFramebuffer
0x00007ff90f68c000 	/System/Library/PrivateFrameworks/MallocStackLogging.framework/Versions/A/MallocStackLogging
0x00007ff816ff9000 	/System/Library/PrivateFrameworks/CrashReporterSupport.framework/Versions/A/CrashReporterSupport
0x00007ff8074d8000 	/System/Library/PrivateFrameworks/Lexicon.framework/Versions/A/Lexicon
0x00007ffc083f5000 	/System/Library/PrivateFrameworks/IO80211.framework/Versions/A/IO80211
0x00007ff81f485000 	/System/Library/PrivateFrameworks/FrontBoardServices.framework/Versions/A/FrontBoardServices
0x00007ff814699000 	/System/Library/Frameworks/SecurityFoundation.framework/Versions/A/SecurityFoundation
0x00007ff8147ea000 	/usr/lib/libgermantok.dylib
0x00007ff813551000 	/System/Library/PrivateFrameworks/LinguisticData.framework/Versions/A/LinguisticData
0x00007ff80e0dd000 	/System/Library/PrivateFrameworks/BaseBoard.framework/Versions/A/BaseBoard
0x00007ff81f553000 	/System/Library/PrivateFrameworks/BoardServices.framework/Versions/A/BoardServices
0x00007ff81468c000 	/System/Library/PrivateFrameworks/AssertionServices.framework/Versions/A/AssertionServices
0x00007ff8211b4000 	/System/Library/PrivateFrameworks/BackBoardServices.framework/Versions/A/BackBoardServices
0x00007ff8125ce000 	/System/Library/PrivateFrameworks/FontServices.framework/libFontParser.dylib
0x00007ff80c517000 	/System/Library/PrivateFrameworks/TCC.framework/Versions/A/TCC
0x00007ff824d39000 	/System/Library/PrivateFrameworks/IOSurfaceAccelerator.framework/Versions/A/IOSurfaceAccelerator
0x00007ff8178d2000 	/System/Library/PrivateFrameworks/WatchdogClient.framework/Versions/A/WatchdogClient
0x00007ff808a3b000 	/System/Library/Frameworks/CoreDisplay.framework/Versions/A/CoreDisplay
0x00007ff81247a000 	/System/Library/Frameworks/CoreMedia.framework/Versions/A/CoreMedia
0x00007ff8121ca000 	/System/Library/PrivateFrameworks/IOAccelerator.framework/Versions/A/IOAccelerator
0x00007ff810879000 	/System/Library/Frameworks/CoreVideo.framework/Versions/A/CoreVideo
0x00007ff815687000 	/System/Library/Frameworks/MetalPerformanceShaders.framework/Versions/A/MetalPerformanceShaders
0x00007ffc16e53000 	/System/Library/PrivateFrameworks/ProDisplayLibrary.framework/Versions/A/ProDisplayLibrary
0x00007ff817918000 	/System/Library/Frameworks/VideoToolbox.framework/Versions/A/VideoToolbox
0x00007ff81343b000 	/System/Library/PrivateFrameworks/AggregateDictionary.framework/Versions/A/AggregateDictionary
0x00007ff816c69000 	/System/Library/PrivateFrameworks/APFS.framework/Versions/A/APFS
0x00007ff816cef000 	/usr/lib/libutil.dylib
0x00007ffc20bfa000 	/System/Library/PrivateFrameworks/SwiftASN1Internal.framework/Versions/A/SwiftASN1Internal
0x00007ff80f4dc000 	/System/Library/Frameworks/Accelerate.framework/Versions/A/Frameworks/vImage.framework/Versions/A/vImage
0x00007ff81d40f000 	/System/Library/Frameworks/Accelerate.framework/Versions/A/Frameworks/vecLib.framework/Versions/A/vecLib
0x00007ff816d24000 	/System/Library/Frameworks/Accelerate.framework/Versions/A/Frameworks/vecLib.framework/Versions/A/libvMisc.dylib
0x00007ff807306000 	/System/Library/Frameworks/Accelerate.framework/Versions/A/Frameworks/vecLib.framework/Versions/A/libBLAS.dylib
0x00007ff819746000 	/System/Library/Frameworks/ApplicationServices.framework/Versions/A/Frameworks/ATS.framework/Versions/A/ATS
0x00007ff80d4ac000 	/System/Library/Frameworks/ApplicationServices.framework/Versions/A/Frameworks/HIServices.framework/Versions/A/HIServices
0x00007ff818024000 	/System/Library/Frameworks/ApplicationServices.framework/Versions/A/Frameworks/PrintCore.framework/Versions/A/PrintCore
0x00007ff819b2d000 	/System/Library/Frameworks/ApplicationServices.framework/Versions/A/Frameworks/QD.framework/Versions/A/QD
0x00007ff819b25000 	/System/Library/Frameworks/ApplicationServices.framework/Versions/A/Frameworks/ColorSyncLegacy.framework/Versions/A/ColorSyncLegacy
0x00007ff81971c000 	/System/Library/Frameworks/ApplicationServices.framework/Versions/A/Frameworks/SpeechSynthesis.framework/Versions/A/SpeechSynthesis
0x00007ff81443e000 	/System/Library/PrivateFrameworks/CoreEmoji.framework/Versions/A/CoreEmoji
0x00007ffb1f3a1000 	/System/Library/PrivateFrameworks/FontServices.framework/Versions/A/FontServices
0x00007ff81743c000 	/System/Library/PrivateFrameworks/OTSVG.framework/Versions/A/OTSVG
0x00007ff810408000 	/System/Library/Frameworks/ApplicationServices.framework/Versions/A/Frameworks/ATS.framework/Versions/A/Resources/libFontRegistry.dylib
0x00007ffd1072f000 	/usr/lib/libhvf.dylib
0x00007ffc13439000 	/System/Library/PrivateFrameworks/ParsingInternal.framework/Versions/A/ParsingInternal
0x00007ffd11376000 	/usr/lib/swift/libswiftRegexBuilder.dylib
0x00007ffd114f7000 	/usr/lib/swift/libswift_RegexParser.dylib
0x00007ff81779e000 	/System/Library/PrivateFrameworks/AppleJPEG.framework/Versions/A/AppleJPEG
0x00007ff81725c000 	/usr/lib/libexpat.1.dylib
0x00007ff817eed000 	/System/Library/Frameworks/ImageIO.framework/Versions/A/Resources/libPng.dylib
0x00007ff817f1b000 	/System/Library/Frameworks/ImageIO.framework/Versions/A/Resources/libTIFF.dylib
0x00007ff81800f000 	/System/Library/Frameworks/ImageIO.framework/Versions/A/Resources/libGIF.dylib
0x00007ff8177eb000 	/System/Library/Frameworks/ImageIO.framework/Versions/A/Resources/libJP2.dylib
0x00007ff817faf000 	/System/Library/Frameworks/ImageIO.framework/Versions/A/Resources/libJPEG.dylib
0x00007ff817fa6000 	/System/Library/Frameworks/ImageIO.framework/Versions/A/Resources/libRadiance.dylib
0x00007ffb2447c000 	/System/Library/PrivateFrameworks/GPUCompiler.framework/Versions/32023/Libraries/libllvm-flatbuffers.dylib
0x00007ffb1f46c000 	/System/Library/PrivateFrameworks/FramePacing.framework/Versions/A/FramePacing
0x00007ffb08c12000 	/System/Library/Frameworks/OpenGL.framework/Versions/A/Libraries/libCoreFSCache.dylib
0x00007ffb20084000 	/System/Library/PrivateFrameworks/GPUCompiler.framework/Versions/32023/Libraries/libGPUCompilerUtils.dylib
0x00007ffb1f3a2000 	/System/Library/PrivateFrameworks/FontServices.framework/libXTFontStaticRegistryData.dylib
0x00007ffc1612f000 	/System/Library/PrivateFrameworks/PhotosensitivityProcessing.framework/Versions/A/PhotosensitivityProcessing
0x00007ffb098cf000 	/System/Library/Frameworks/OpenCL.framework/Versions/A/OpenCL
0x00007ff81742d000 	/System/Library/PrivateFrameworks/GraphVisualizer.framework/Versions/A/GraphVisualizer
0x00007ffb08c70000 	/System/Library/Frameworks/OpenGL.framework/Versions/A/Libraries/libGLU.dylib
0x00007ffb08c31000 	/System/Library/Frameworks/OpenGL.framework/Versions/A/Libraries/libGFXShared.dylib
0x00007ffb08e2d000 	/System/Library/Frameworks/OpenGL.framework/Versions/A/Libraries/libGL.dylib
0x00007ffb08c3a000 	/System/Library/Frameworks/OpenGL.framework/Versions/A/Libraries/libGLImage.dylib
0x00007ffb08c2e000 	/System/Library/Frameworks/OpenGL.framework/Versions/A/Libraries/libCVMSPluginSupport.dylib
0x00007ffb08c19000 	/System/Library/Frameworks/OpenGL.framework/Versions/A/Libraries/libCoreVMClient.dylib
0x00007ff813375000 	/System/Library/Frameworks/MetalPerformanceShaders.framework/Versions/A/Frameworks/MPSCore.framework/Versions/A/MPSCore
0x00007ff814f28000 	/System/Library/Frameworks/MetalPerformanceShaders.framework/Versions/A/Frameworks/MPSImage.framework/Versions/A/MPSImage
0x00007ff814803000 	/System/Library/Frameworks/MetalPerformanceShaders.framework/Versions/A/Frameworks/MPSNeuralNetwork.framework/Versions/A/MPSNeuralNetwork
0x00007ff814d63000 	/System/Library/Frameworks/MetalPerformanceShaders.framework/Versions/A/Frameworks/MPSMatrix.framework/Versions/A/MPSMatrix
0x00007ff814b19000 	/System/Library/Frameworks/MetalPerformanceShaders.framework/Versions/A/Frameworks/MPSRayIntersector.framework/Versions/A/MPSRayIntersector
0x00007ff814da2000 	/System/Library/Frameworks/MetalPerformanceShaders.framework/Versions/A/Frameworks/MPSNDArray.framework/Versions/A/MPSNDArray
0x00007ffb0d005000 	/System/Library/Frameworks/MetalPerformanceShaders.framework/Versions/A/Frameworks/MPSFunctions.framework/Versions/A/MPSFunctions
0x00007ffb0cfe7000 	/System/Library/Frameworks/MetalPerformanceShaders.framework/Versions/A/Frameworks/MPSBenchmarkLoop.framework/Versions/A/MPSBenchmarkLoop
0x00007ff807177000 	/System/Library/PrivateFrameworks/MetalTools.framework/Versions/A/MetalTools
0x00007ff9146bf000 	/System/Library/PrivateFrameworks/IOAccelMemoryInfo.framework/Versions/A/IOAccelMemoryInfo
0x00007ff921e3b000 	/System/Library/PrivateFrameworks/kperf.framework/Versions/A/kperf
0x00007ff90f6ee000 	/System/Library/PrivateFrameworks/GPURawCounter.framework/Versions/A/GPURawCounter
0x00007ff817fe0000 	/System/Library/Frameworks/ApplicationServices.framework/Versions/A/Frameworks/ATSUI.framework/Versions/A/ATSUI
0x00007ff819ab7000 	/usr/lib/libcups.2.dylib
0x00007ff819b54000 	/System/Library/Frameworks/Kerberos.framework/Versions/A/Kerberos
0x00007ff8197bf000 	/usr/lib/libresolv.9.dylib
0x00007ff8154ce000 	/usr/lib/libiconv.2.dylib
0x00007ff817494000 	/System/Library/PrivateFrameworks/Heimdal.framework/Versions/A/Heimdal
0x00007ff821cc3000 	/System/Library/Frameworks/Kerberos.framework/Versions/A/Libraries/libHeimdalProxy.dylib
0x00007ff817278000 	/usr/lib/libheimdal-asn1.dylib
0x00007ff8106eb000 	/System/Library/Frameworks/OpenDirectory.framework/Versions/A/OpenDirectory
0x00007ff819bac000 	/System/Library/PrivateFrameworks/CommonAuth.framework/Versions/A/CommonAuth
0x00007ff8106f7000 	/System/Library/Frameworks/OpenDirectory.framework/Versions/A/Frameworks/CFOpenDirectory.framework/Versions/A/CFOpenDirectory
0x00007ff815429000 	/usr/lib/libcharset.1.dylib
0x00007ffb0a03b000 	/System/Library/Frameworks/AVFAudio.framework/Versions/A/AVFAudio
0x00007ff908f4b000 	/System/Library/PrivateFrameworks/AXCoreUtilities.framework/Versions/A/AXCoreUtilities
0x00007ffc0b6bb000 	/System/Library/PrivateFrameworks/IsolatedCoreAudioClient.framework/Versions/A/IsolatedCoreAudioClient
0x00007ff819704000 	/usr/lib/libAudioStatistics.dylib
0x00007ff812456000 	/System/Library/PrivateFrameworks/caulk.framework/Versions/A/caulk
0x00007ff808b66000 	/System/Library/PrivateFrameworks/AudioToolboxCore.framework/Versions/A/AudioToolboxCore
0x00007ff824162000 	/System/Library/Frameworks/CoreMIDI.framework/Versions/A/CoreMIDI
0x00007ff8196ab000 	/System/Library/PrivateFrameworks/AudioSession.framework/Versions/A/AudioSession
0x00007ff81b02b000 	/System/Library/Frameworks/IOBluetooth.framework/Versions/A/IOBluetooth
0x00007ff817364000 	/System/Library/PrivateFrameworks/MediaExperience.framework/Versions/A/MediaExperience
0x00007ffc23641000 	/System/Library/PrivateFrameworks/Tightbeam.framework/Versions/A/Tightbeam
0x00007ffb19c8f000 	/System/Library/PrivateFrameworks/CoreAudioOrchestration.framework/Versions/A/CoreAudioOrchestration
0x00007ffa06a53000 	/System/Library/PrivateFrameworks/AFKUser.framework/Versions/A/AFKUser
0x00007ff90f6f2000 	/usr/lib/swift/libswiftCoreAudio.dylib
0x00007ff817482000 	/System/Library/PrivateFrameworks/AppServerSupport.framework/Versions/A/AppServerSupport
0x00007ff819b37000 	/System/Library/PrivateFrameworks/perfdata.framework/Versions/A/perfdata
0x00007ff90e8f4000 	/System/Library/PrivateFrameworks/SystemPolicy.framework/Versions/A/SystemPolicy
0x00007ff8199d6000 	/usr/lib/libSMC.dylib
0x00007ff817eb8000 	/usr/lib/libAudioToolboxUtility.dylib
0x00007ff819b45000 	/usr/lib/libperfcheck.dylib
0x00007ffb1618c000 	/System/Library/PrivateFrameworks/AudioAnalytics.framework/Versions/A/AudioAnalytics
0x00007ffa13899000 	/System/Library/Frameworks/OSLog.framework/Versions/A/OSLog
0x00007ff90f6bc000 	/usr/lib/libmis.dylib
0x00007ff8194cc000 	/System/Library/PrivateFrameworks/AudioSession.framework/libSessionUtility.dylib
0x00007ff818015000 	/System/Library/PrivateFrameworks/CMCaptureCore.framework/Versions/A/CMCaptureCore
0x00007ffb0b558000 	/System/Library/Frameworks/ExtensionFoundation.framework/Versions/A/ExtensionFoundation
0x00007ff81fab5000 	/System/Library/PrivateFrameworks/CoreTime.framework/Versions/A/CoreTime
0x00007ff81714c000 	/System/Library/PrivateFrameworks/PlugInKit.framework/Versions/A/PlugInKit
0x00007ff81e29e000 	/System/Library/Frameworks/CoreBluetooth.framework/Versions/A/CoreBluetooth
0x00007ff821cc4000 	/System/Library/Frameworks/AudioUnit.framework/Versions/A/AudioUnit
0x00007ff8144fb000 	/System/Library/PrivateFrameworks/CoreUtils.framework/Versions/A/CoreUtils
0x00007ffb1ce1d000 	/System/Library/PrivateFrameworks/CoreUtilsExtras.framework/Versions/A/CoreUtilsExtras
0x00007ff81d731000 	/System/Library/Frameworks/MediaAccessibility.framework/Versions/A/MediaAccessibility
0x00007ff917aa3000 	/System/Library/PrivateFrameworks/AttributeGraph.framework/Versions/A/AttributeGraph
0x00007ffd0fef8000 	/usr/lib/libAXSafeCategoryBundle.dylib
0x00007ff908ff0000 	/usr/lib/libAccessibility.dylib
0x00007ff814249000 	/System/Library/Frameworks/Accelerate.framework/Versions/A/Frameworks/vecLib.framework/Versions/A/libvDSP.dylib
0x00007ff815773000 	/System/Library/Frameworks/Accelerate.framework/Versions/A/Frameworks/vecLib.framework/Versions/A/libLAPACK.dylib
0x00007ff8147ed000 	/System/Library/Frameworks/Accelerate.framework/Versions/A/Frameworks/vecLib.framework/Versions/A/libLinearAlgebra.dylib
0x00007ff81565e000 	/System/Library/Frameworks/Accelerate.framework/Versions/A/Frameworks/vecLib.framework/Versions/A/libSparseBLAS.dylib
0x00007ff81576d000 	/System/Library/Frameworks/Accelerate.framework/Versions/A/Frameworks/vecLib.framework/Versions/A/libQuadrature.dylib
0x00007ff813557000 	/System/Library/Frameworks/Accelerate.framework/Versions/A/Frameworks/vecLib.framework/Versions/A/libBNNS.dylib
0x00007ff8075dc000 	/System/Library/Frameworks/Accelerate.framework/Versions/A/Frameworks/vecLib.framework/Versions/A/libSparse.dylib
0x00007ffc0ca8d000 	/System/Library/PrivateFrameworks/MIL.framework/Versions/A/MIL
0x00007ff817f9f000 	/System/Library/PrivateFrameworks/GPUWrangler.framework/Versions/A/GPUWrangler
0x00007ff817f83000 	/System/Library/PrivateFrameworks/IOPresentment.framework/Versions/A/IOPresentment
0x00007ff817fa9000 	/System/Library/PrivateFrameworks/DSExternalDisplay.framework/Versions/A/DSExternalDisplay
0x00007ffa13caa000 	/System/Library/PrivateFrameworks/HIDDisplay.framework/Versions/A/HIDDisplay
0x00007ff90825f000 	/System/Library/PrivateFrameworks/HID.framework/Versions/A/HID
0x00007ffd07119000 	/System/Library/PrivateFrameworks/VideoToolboxParavirtualizationSupport.framework/Versions/A/VideoToolboxParavirtualizationSupport
0x00007ff81720e000 	/System/Library/PrivateFrameworks/AppleVA.framework/Versions/A/AppleVA
0x00007ff81f600000 	/System/Library/PrivateFrameworks/GraphicsServices.framework/Versions/A/GraphicsServices
0x00007ff819d22000 	/System/Library/PrivateFrameworks/CorePhoneNumbers.framework/Versions/A/CorePhoneNumbers
0x00007ff81e47a000 	/System/Library/PrivateFrameworks/MediaKit.framework/Versions/A/MediaKit
0x00007ff81e3d4000 	/System/Library/Frameworks/DiscRecording.framework/Versions/A/DiscRecording
0x00007ff819b1a000 	/System/Library/PrivateFrameworks/NetAuth.framework/Versions/A/NetAuth
0x00007ff8108cd000 	/System/Library/PrivateFrameworks/login.framework/Versions/A/Frameworks/loginsupport.framework/Versions/A/loginsupport
0x00007ff817281000 	/System/Library/PrivateFrameworks/IconFoundation.framework/Versions/A/IconFoundation
0x00007ff816ff0000 	/usr/lib/libIOReport.dylib
0x00007ffb15dbd000 	/System/Library/PrivateFrameworks/AppleMobileFileIntegrity.framework/Versions/A/AppleMobileFileIntegrity
0x00007ffd10246000 	/usr/lib/libTLE.dylib
0x00007ffa231e5000 	/System/Library/PrivateFrameworks/ConfigProfileHelper.framework/Versions/A/ConfigProfileHelper
0x00007ff81478f000 	/usr/lib/libmecab.dylib
0x00007ff8077a9000 	/usr/lib/libCRFSuite.dylib
0x00007ff813443000 	/System/Library/PrivateFrameworks/CoreNLP.framework/Versions/A/CoreNLP
0x00007ff815619000 	/usr/lib/libThaiTokenizer.dylib
0x00007ff81475d000 	/usr/lib/libCheckFix.dylib
0x00007ff80f3ef000 	/System/Library/PrivateFrameworks/MetadataUtilities.framework/Versions/A/MetadataUtilities
0x00007ffc08bec000 	/System/Library/PrivateFrameworks/InstalledContentLibrary.framework/Versions/A/InstalledContentLibrary
0x00007ff80a265000 	/System/Library/PrivateFrameworks/CoreServicesStore.framework/Versions/A/CoreServicesStore
0x00007ff921f3b000 	/System/Library/PrivateFrameworks/MobileSystemServices.framework/Versions/A/MobileSystemServices
0x00007ff816cf3000 	/usr/lib/libxslt.1.dylib
0x00007ff814723000 	/System/Library/PrivateFrameworks/BackgroundTaskManagement.framework/Versions/A/BackgroundTaskManagement
0x00007ff821528000 	/usr/lib/libcurl.4.dylib
0x00007ffd105d9000 	/usr/lib/libcrypto.46.dylib
0x00007ffd11110000 	/usr/lib/libssl.48.dylib
0x00007ff82120e000 	/System/Library/Frameworks/LDAP.framework/Versions/A/LDAP
0x00007ff821248000 	/System/Library/PrivateFrameworks/TrustEvaluationAgent.framework/Versions/A/TrustEvaluationAgent
0x00007ff8197dc000 	/usr/lib/libsasl2.2.dylib
0x00007ff90cd2e000 	/usr/lib/swift/libswiftCoreGraphics.dylib
0x00007ff81dd4e000 	/usr/lib/swift/libswiftFoundation.dylib
0x00007ffa22c73000 	/usr/lib/swift/libswiftSwiftOnoneSupport.dylib
0x00007ffa0fb5e000 	/System/Library/PrivateFrameworks/CoreMaterial.framework/Versions/A/CoreMaterial
0x00007ffc18694000 	/System/Library/PrivateFrameworks/SFSymbols.framework/Versions/A/SFSymbols
0x00007ff81d01d000 	/System/Library/PrivateFrameworks/SpeechRecognitionCore.framework/Versions/A/SpeechRecognitionCore
0x000000010bb59000 	/Users/courtneysweeney/.p2/pool/plugins/org.eclipse.justj.openjdk.hotspot.jre.full.macosx.x86_64_21.0.9.v20251105-0741/jre/lib/server/libjvm.dylib
0x000000010a8f9000 	/Users/courtneysweeney/.p2/pool/plugins/org.eclipse.justj.openjdk.hotspot.jre.full.macosx.x86_64_21.0.9.v20251105-0741/jre/lib/libjimage.dylib
0x000000010a981000 	/Users/courtneysweeney/.p2/pool/plugins/org.eclipse.justj.openjdk.hotspot.jre.full.macosx.x86_64_21.0.9.v20251105-0741/jre/lib/libjava.dylib
0x000000010b52b000 	/Users/courtneysweeney/.p2/pool/plugins/org.eclipse.justj.openjdk.hotspot.jre.full.macosx.x86_64_21.0.9.v20251105-0741/jre/lib/libnio.dylib
0x000000010b565000 	/Users/courtneysweeney/.p2/pool/plugins/org.eclipse.justj.openjdk.hotspot.jre.full.macosx.x86_64_21.0.9.v20251105-0741/jre/lib/libnet.dylib
0x000000010b689000 	/Users/courtneysweeney/.p2/pool/plugins/org.eclipse.justj.openjdk.hotspot.jre.full.macosx.x86_64_21.0.9.v20251105-0741/jre/lib/libzip.dylib
0x000000010b7f6000 	/Users/courtneysweeney/.p2/pool/plugins/org.eclipse.justj.openjdk.hotspot.jre.full.macosx.x86_64_21.0.9.v20251105-0741/jre/lib/libawt.dylib
0x000000010ba2b000 	/Users/courtneysweeney/.p2/pool/plugins/org.eclipse.justj.openjdk.hotspot.jre.full.macosx.x86_64_21.0.9.v20251105-0741/jre/lib/libmlib_image.dylib
0x00007ffb0c27f000 	/System/Library/Frameworks/JavaRuntimeSupport.framework/Versions/A/JavaRuntimeSupport
0x00007ff90e33d000 	/System/Library/Frameworks/Carbon.framework/Versions/A/Carbon
0x00007ff904b9d000 	/System/Library/Frameworks/Carbon.framework/Versions/A/Frameworks/CommonPanels.framework/Versions/A/CommonPanels
0x00007ff821515000 	/System/Library/Frameworks/Carbon.framework/Versions/A/Frameworks/Help.framework/Versions/A/Help
0x00007ff904ba1000 	/System/Library/Frameworks/Carbon.framework/Versions/A/Frameworks/ImageCapture.framework/Versions/A/ImageCapture
0x00007ff904b7f000 	/System/Library/Frameworks/Carbon.framework/Versions/A/Frameworks/OpenScripting.framework/Versions/A/OpenScripting
0x00007ff904b9c000 	/System/Library/Frameworks/Carbon.framework/Versions/A/Frameworks/Ink.framework/Versions/A/Ink
0x00007ff904b99000 	/System/Library/Frameworks/Carbon.framework/Versions/A/Frameworks/SecurityHI.framework/Versions/A/SecurityHI
0x0000000125357000 	/Users/courtneysweeney/.p2/pool/plugins/org.eclipse.justj.openjdk.hotspot.jre.full.macosx.x86_64_21.0.9.v20251105-0741/jre/lib/libawt_lwawt.dylib
0x000000010b783000 	/Users/courtneysweeney/.p2/pool/plugins/org.eclipse.justj.openjdk.hotspot.jre.full.macosx.x86_64_21.0.9.v20251105-0741/jre/lib/libosxapp.dylib
0x00007ff90cd8e000 	/System/Library/Frameworks/ExceptionHandling.framework/Versions/A/ExceptionHandling
0x000000012578a000 	/Users/courtneysweeney/.p2/pool/plugins/org.eclipse.justj.openjdk.hotspot.jre.full.macosx.x86_64_21.0.9.v20251105-0741/jre/lib/libfontmanager.dylib
0x0000000125633000 	/Users/courtneysweeney/.p2/pool/plugins/org.eclipse.justj.openjdk.hotspot.jre.full.macosx.x86_64_21.0.9.v20251105-0741/jre/lib/libfreetype.dylib
0x00007ff8105c2000 	/System/Library/PrivateFrameworks/ViewBridge.framework/Versions/A/ViewBridge
0x0000000125d74000 	/usr/lib/libobjc-trampolines.dylib
0x00007ff918a31000 	/System/Library/CoreServices/RawCamera.bundle/Contents/MacOS/RawCamera
0x00007ff821ce3000 	/System/Library/PrivateFrameworks/StreamingZip.framework/Versions/A/StreamingZip
0x00007ff819bbb000 	/System/Library/PrivateFrameworks/MobileAsset.framework/Versions/A/MobileAsset
0x00007ff9163e6000 	/System/Library/PrivateFrameworks/SoftwareUpdateCoreSupport.framework/Versions/A/SoftwareUpdateCoreSupport
0x00007ff91dd09000 	/System/Library/PrivateFrameworks/SoftwareUpdateCoreConnect.framework/Versions/A/SoftwareUpdateCoreConnect
0x00007ff821464000 	/System/Library/PrivateFrameworks/RemoteServiceDiscovery.framework/Versions/A/RemoteServiceDiscovery
0x00007ff91604d000 	/System/Library/PrivateFrameworks/MSUDataAccessor.framework/Versions/A/MSUDataAccessor
0x00007ff911786000 	/usr/lib/libbootpolicy.dylib
0x00007ff821479000 	/System/Library/PrivateFrameworks/RemoteXPC.framework/Versions/A/RemoteXPC
0x00007ff91d221000 	/usr/lib/libFDR.dylib
0x00007ff923458000 	/usr/lib/libamsupport.dylib
0x00007ffb14c1c000 	/System/Library/PrivateFrameworks/AppleDeviceQuerySupport.framework/Versions/A/AppleDeviceQuerySupport
0x00007ffa0660b000 	/usr/lib/libpartition2_dynamic.dylib
0x00007ffb14fe1000 	/System/Library/PrivateFrameworks/AppleJPEGXL.framework/Versions/A/AppleJPEGXL
0x00007ff820f02000 	/System/Library/PrivateFrameworks/CoreWiFi.framework/Versions/A/CoreWiFi
0x00007ffd10c06000 	/usr/lib/libmrc.dylib
0x00007ffc08459000 	/System/Library/PrivateFrameworks/IPConfiguration.framework/Versions/A/IPConfiguration
0x00007ffa0fb25000 	/System/Library/PrivateFrameworks/Netrb.framework/Versions/A/Netrb
0x00007ffa1a931000 	/System/Library/PrivateFrameworks/WiFiPeerToPeer.framework/Versions/A/WiFiPeerToPeer
0x00007ff815200000 	/System/Library/Frameworks/UserNotifications.framework/Versions/A/UserNotifications
0x00007ff819d2b000 	/usr/lib/libTelephonyUtilDynamic.dylib
0x00007ff818513000 	/System/Library/Frameworks/MediaToolbox.framework/Versions/A/MediaToolbox
0x00007ff81e956000 	/System/Library/PrivateFrameworks/CoreAVCHD.framework/Versions/A/CoreAVCHD
0x00007ff81e952000 	/System/Library/PrivateFrameworks/Mangrove.framework/Versions/A/Mangrove
0x00007ffb17a1b000 	/System/Library/PrivateFrameworks/CMPhoto.framework/Versions/A/CMPhoto
0x00007ff81f055000 	/System/Library/Frameworks/CoreTelephony.framework/Versions/A/CoreTelephony
0x00007ff81f855000 	/System/Library/PrivateFrameworks/AppleVPA.framework/Versions/A/AppleVPA
0x00007ff81e597000 	/System/Library/PrivateFrameworks/CoreAUC.framework/Versions/A/CoreAUC
0x00007ff915a09000 	/System/Library/Frameworks/Accelerate.framework/Versions/A/Frameworks/vImage.framework/Versions/A/Libraries/libCGInterfaces.dylib
0x00007ffd0fefc000 	/usr/lib/libAccessibilityBaseImplementations.dylib
0x00007ffd0a2b5000 	/System/Library/PrivateFrameworks/WritingToolsUI.framework/Versions/A/WritingToolsUI
0x00007ffc055fb000 	/System/Library/PrivateFrameworks/GenerativeAssistantSettings.framework/Versions/A/GenerativeAssistantSettings
0x00007ffc217c3000 	/System/Library/PrivateFrameworks/TextComposer.framework/Versions/A/TextComposer
0x00007ff90f712000 	/usr/lib/swift/libswiftIntents.dylib
0x00007ffd11385000 	/usr/lib/swift/libswiftSpatial.dylib
0x00007ffb0a189000 	/System/Library/Frameworks/AppIntents.framework/Versions/A/AppIntents
0x00007ff91684e000 	/System/Library/Frameworks/SwiftUI.framework/Versions/A/SwiftUI
0x00007ff90ce03000 	/System/Library/Frameworks/WebKit.framework/Versions/A/WebKit
0x00007ffb11559000 	/System/Library/Frameworks/_AuthenticationServices_SwiftUI.framework/Versions/A/_AuthenticationServices_SwiftUI
0x00007ffb13b58000 	/System/Library/PrivateFrameworks/Anvil.framework/Versions/A/Anvil
0x00007ff915ec7000 	/System/Library/PrivateFrameworks/AppStoreDaemon.framework/Versions/A/AppStoreDaemon
0x00007ff8243a3000 	/System/Library/PrivateFrameworks/AppleMediaServices.framework/Versions/A/AppleMediaServices
0x00007ff9128b7000 	/System/Library/PrivateFrameworks/AppleMediaServicesUI.framework/Versions/A/AppleMediaServicesUI
0x00007ffc055da000 	/System/Library/PrivateFrameworks/GenerativeAssistantCommon.framework/Versions/A/GenerativeAssistantCommon
0x00007ffa22363000 	/System/Library/PrivateFrameworks/JetEngine.framework/Versions/A/JetEngine
0x00007ffc0c47b000 	/System/Library/PrivateFrameworks/LinkMetadata.framework/Versions/A/LinkMetadata
0x00007ff91007c000 	/System/Library/PrivateFrameworks/OnBoardingKit.framework/Versions/A/OnBoardingKit
0x00007ffc1940f000 	/System/Library/PrivateFrameworks/Settings.framework/Versions/A/Settings
0x00007ff81524b000 	/System/Library/Frameworks/CoreSpotlight.framework/Versions/A/CoreSpotlight
0x00007ffc0c680000 	/System/Library/PrivateFrameworks/LinkServices.framework/Versions/A/LinkServices
0x00007ffb1d941000 	/System/Library/PrivateFrameworks/DoNotDisturb.framework/Versions/A/DoNotDisturb
0x00007ff9147cb000 	/System/Library/PrivateFrameworks/IntentsCore.framework/Versions/A/IntentsCore
0x00007ffb16475000 	/System/Library/PrivateFrameworks/AvailabilityKit.framework/Versions/A/AvailabilityKit
0x00007ffb13d59000 	/System/Library/PrivateFrameworks/AppIntentSchemas.framework/Versions/A/AppIntentSchemas
0x00007ffc204da000 	/System/Library/PrivateFrameworks/StatusKit.framework/Versions/A/StatusKit
0x00007ffc17983000 	/System/Library/PrivateFrameworks/RecapPerformanceTesting.framework/Versions/A/RecapPerformanceTesting
0x00007ff91006e000 	/System/Library/PrivateFrameworks/SignpostCollection.framework/Versions/A/SignpostCollection
0x00007ffd10245000 	/usr/lib/libSpatial.dylib
0x00007ff823d6f000 	/System/Library/Frameworks/WebKit.framework/Versions/A/Frameworks/WebKitLegacy.framework/Versions/A/WebKitLegacy
0x00007ff821b3a000 	/System/Library/PrivateFrameworks/CorePrediction.framework/Versions/A/CorePrediction
0x00007ff81139b000 	/System/Library/Frameworks/WebKit.framework/Versions/A/Frameworks/WebCore.framework/Versions/A/Frameworks/libwebrtc.dylib
0x00007ff90cd91000 	/System/Library/PrivateFrameworks/SafariSafeBrowsing.framework/Versions/A/SafariSafeBrowsing
0x00007ff819867000 	/System/Library/Frameworks/SecurityInterface.framework/Versions/A/SecurityInterface
0x00007ff91007b000 	/System/Library/PrivateFrameworks/WebInspectorUI.framework/Versions/A/WebInspectorUI
0x00007ff904ba3000 	/System/Library/Frameworks/JavaScriptCore.framework/Versions/A/JavaScriptCore
0x00007ff909019000 	/System/Library/Frameworks/WebKit.framework/Versions/A/Frameworks/WebCore.framework/Versions/A/WebCore
0x00007ffb0ab21000 	/System/Library/Frameworks/BrowserEngineCore.framework/Versions/A/BrowserEngineCore
0x00007ffb11119000 	/System/Library/Frameworks/WebKit.framework/Versions/A/Frameworks/WebCore.framework/Versions/A/Frameworks/libANGLE-shared.dylib
0x00007ffd08fdd000 	/System/Library/PrivateFrameworks/WebGPU.framework/Versions/A/WebGPU
0x00007ff911eed000 	/System/Library/Frameworks/SceneKit.framework/Versions/A/SceneKit
0x00007ff9227ac000 	/System/Library/Frameworks/ModelIO.framework/Versions/A/ModelIO
0x00007ff81b1eb000 	/System/Library/Frameworks/MetalKit.framework/Versions/A/MetalKit
0x00007ff81d33f000 	/System/Library/Frameworks/GLKit.framework/Versions/A/GLKit
0x00007ffd118c3000 	/usr/lib/usd/libusd_ms.dylib
0x00007ffd0594a000 	/System/Library/PrivateFrameworks/USDLib_FormatLoaderProxy.framework/Versions/A/USDLib_FormatLoaderProxy
0x00007ff90f1dd000 	/System/Library/PrivateFrameworks/CoreOptimization.framework/Versions/A/CoreOptimization
0x00007ffb1635b000 	/System/Library/PrivateFrameworks/AuthenticationServicesCore.framework/Versions/A/AuthenticationServicesCore
0x00007ff918ed3000 	/System/Library/Frameworks/AuthenticationServices.framework/Versions/A/AuthenticationServices
0x00007ff817128000 	/System/Library/PrivateFrameworks/SharedWebCredentials.framework/Versions/A/SharedWebCredentials
0x00007ff910f69000 	/System/Library/PrivateFrameworks/SafariCore.framework/Versions/A/SafariCore
0x00007ff9189ed000 	/System/Library/PrivateFrameworks/SafariFoundation.framework/Versions/A/SafariFoundation
0x00007ffb174fa000 	/System/Library/PrivateFrameworks/CBORLibrary.framework/Versions/A/CBORLibrary
0x00007ffb1814d000 	/System/Library/PrivateFrameworks/Chirp.framework/Versions/A/Chirp
0x00007ffa23524000 	/System/Library/PrivateFrameworks/RemoteManagement.framework/Versions/A/RemoteManagement
0x00007ffc17c68000 	/System/Library/PrivateFrameworks/RemoteManagementModel.framework/Versions/A/RemoteManagementModel
0x00007ffc17cf4000 	/System/Library/PrivateFrameworks/RemoteManagementStore.framework/Versions/A/RemoteManagementStore
0x00007ff81b208000 	/usr/lib/libxcselect.dylib
0x00007ff918958000 	/System/Library/PrivateFrameworks/DifferentialPrivacy.framework/Versions/A/DifferentialPrivacy
0x00007ff81dfdc000 	/System/Library/Frameworks/Contacts.framework/Versions/A/Contacts
0x00007ffd06126000 	/System/Library/PrivateFrameworks/VDAF.framework/Versions/A/VDAF
0x00007ff81de0d000 	/System/Library/PrivateFrameworks/ContactsPersistence.framework/Versions/A/ContactsPersistence
0x00007ff81d034000 	/System/Library/PrivateFrameworks/AppleLDAP.framework/Versions/A/AppleLDAP
0x00007ff8218a8000 	/System/Library/Frameworks/ClassKit.framework/Versions/A/ClassKit
0x00007ff823a93000 	/System/Library/PrivateFrameworks/CoreSuggestions.framework/Versions/A/CoreSuggestions
0x00007ff81dd4f000 	/System/Library/PrivateFrameworks/ContactsFoundation.framework/Versions/A/ContactsFoundation
0x00007ff81f5c6000 	/System/Library/PrivateFrameworks/vCard.framework/Versions/A/vCard
0x00007ffb1958f000 	/System/Library/PrivateFrameworks/ContactsMetrics.framework/Versions/A/ContactsMetrics
0x00007ff817540000 	/System/Library/PrivateFrameworks/login.framework/Versions/A/login
0x00007ffc0e673000 	/System/Library/PrivateFrameworks/ManagedOrganizationContacts.framework/Versions/A/ManagedOrganizationContacts
0x00007ff810ce1000 	/System/Library/PrivateFrameworks/CloudDocs.framework/Versions/A/CloudDocs
0x00007ff822fc7000 	/System/Library/PrivateFrameworks/ConfigurationProfiles.framework/Versions/A/ConfigurationProfiles
0x00007ffb1d009000 	/System/Library/PrivateFrameworks/DMCUtilities.framework/Versions/A/DMCUtilities
0x00007ffc0ca0b000 	/System/Library/PrivateFrameworks/MDMClientLibrary.framework/Versions/A/MDMClientLibrary
0x00007ffc17ce9000 	/System/Library/PrivateFrameworks/RemoteManagementProtocol.framework/Versions/A/RemoteManagementProtocol
0x00007ffd100cf000 	/usr/lib/libEndpointSecuritySystem.dylib
0x00007ff81d769000 	/System/Library/PrivateFrameworks/SystemAdministration.framework/Versions/A/SystemAdministration
0x00007ff906b4f000 	/System/Library/PrivateFrameworks/PowerlogControl.framework/Versions/A/PowerlogControl
0x00007ff814750000 	/System/Library/Frameworks/ServiceManagement.framework/Versions/A/ServiceManagement
0x00007ff906b51000 	/usr/lib/libUniversalAccess.dylib
0x00007ff824d43000 	/System/Library/PrivateFrameworks/FamilyControls.framework/Versions/A/FamilyControls
0x00007ff81cfea000 	/System/Library/Frameworks/DirectoryService.framework/Versions/A/DirectoryService
0x00007ff8215ac000 	/System/Library/PrivateFrameworks/LoginUIKit.framework/Versions/A/Frameworks/LoginUICore.framework/Versions/A/LoginUICore
0x00007ff817725000 	/usr/lib/libodfde.dylib
0x00007ff824d3e000 	/System/Library/PrivateFrameworks/UniversalAccess.framework/Versions/A/Libraries/libUAPreferences.dylib
0x00007ff824d66000 	/System/Library/PrivateFrameworks/CommerceKit.framework/Versions/A/Frameworks/CommerceCore.framework/Versions/A/CommerceCore
0x00007ffb1cfbd000 	/System/Library/PrivateFrameworks/DEPClientLibrary.framework/Versions/A/DEPClientLibrary
0x00007ffb1cfda000 	/System/Library/PrivateFrameworks/DMCEnrollmentLibrary.framework/Versions/A/DMCEnrollmentLibrary
0x00007ff906c2d000 	/System/Library/PrivateFrameworks/SetupAssistantFramework.framework/Versions/A/SetupAssistantFramework
0x00007ff821b92000 	/System/Library/PrivateFrameworks/AuthKitUI.framework/Versions/A/AuthKitUI
0x00007ff8215f1000 	/System/Library/PrivateFrameworks/AppSSO.framework/Versions/A/AppSSO
0x00007ff915c41000 	/System/Library/PrivateFrameworks/LocalAuthenticationUI.framework/Versions/A/LocalAuthenticationUI
0x00007ffc1618c000 	/System/Library/PrivateFrameworks/PlatformSSO.framework/Versions/A/PlatformSSO
0x00007ff916629000 	/System/Library/PrivateFrameworks/AOSUI.framework/Versions/A/AOSUI
0x00007ff908719000 	/System/Library/Frameworks/ContactsUI.framework/Versions/A/ContactsUI
0x00007ff81e1ff000 	/System/Library/PrivateFrameworks/FamilyCircle.framework/Versions/A/FamilyCircle
0x00007ff923e9e000 	/System/Library/Frameworks/LinkPresentation.framework/Versions/A/LinkPresentation
0x00007ffc16269000 	/System/Library/PrivateFrameworks/PlatformSSOCore.framework/Versions/A/PlatformSSOCore
0x00007ff908441000 	/System/Library/PrivateFrameworks/IASUtilities.framework/Versions/A/IASUtilities
0x00007ffc0834f000 	/System/Library/PrivateFrameworks/IASUtilitiesCore.framework/Versions/A/IASUtilitiesCore
0x00007ffc0c913000 	/System/Library/PrivateFrameworks/LocalAuthenticationCoreUI.framework/Versions/A/LocalAuthenticationCoreUI
0x00007ff90f460000 	/System/Library/Frameworks/LocalAuthentication.framework/Support/DaemonUtils.framework/Versions/A/DaemonUtils
0x00007ff912883000 	/System/Library/PrivateFrameworks/BridgeXPC.framework/Versions/A/BridgeXPC
0x00007ff817560000 	/System/Library/PrivateFrameworks/CoreBrightness.framework/Versions/A/CoreBrightness
0x00007ff910148000 	/System/Library/PrivateFrameworks/CoreKDL.framework/Versions/A/CoreKDL
0x00007ff90e8ed000 	/System/Library/PrivateFrameworks/EmbeddedOSSupportHost.framework/Versions/A/EmbeddedOSSupportHost
0x00007ffc210ed000 	/System/Library/PrivateFrameworks/SystemStatus.framework/Versions/A/SystemStatus
0x00007ff91dd20000 	/System/Library/PrivateFrameworks/StorageKit.framework/Versions/A/StorageKit
0x00007ffb05fc7000 	/System/Library/Frameworks/DeviceCheck.framework/Versions/A/DeviceCheck
0x00007ffb0b64e000 	/System/Library/Frameworks/FSKit.framework/Versions/A/FSKit
0x00007ffb1d6be000 	/System/Library/PrivateFrameworks/DiskImages2.framework/Versions/A/DiskImages2
0x00007ffc0c7c2000 	/System/Library/PrivateFrameworks/LiveFS.framework/Versions/A/LiveFS
0x00007ffd0d926000 	/System/Library/PrivateFrameworks/icloudMCCKit.framework/Versions/A/icloudMCCKit
0x00007ffb149e0000 	/System/Library/PrivateFrameworks/AppleAccountUI.framework/Versions/A/AppleAccountUI
0x00007ffb18acb000 	/System/Library/PrivateFrameworks/CloudSubscriptionFeatures.framework/Versions/A/CloudSubscriptionFeatures
0x00007ffa0fb2c000 	/System/Library/PrivateFrameworks/PreferencePanesSupport.framework/Versions/A/PreferencePanesSupport
0x00007ff9167cc000 	/System/Library/PrivateFrameworks/FindMyDeviceUI.framework/Versions/A/FindMyDeviceUI
0x00007ffd0b596000 	/System/Library/PrivateFrameworks/iCloudQuotaUI.framework/Versions/A/iCloudQuotaUI
0x00007ffa0fcec000 	/System/Library/PrivateFrameworks/CoreCDPUI.framework/Versions/A/CoreCDPUI
0x00007ff910ce6000 	/System/Library/PrivateFrameworks/CoreFollowUpUI.framework/Versions/A/CoreFollowUpUI
0x00007ff81989d000 	/System/Library/PrivateFrameworks/CoreFollowUp.framework/Versions/A/CoreFollowUp
0x00007ff91cb43000 	/System/Library/PrivateFrameworks/IMCore.framework/Versions/A/IMCore
0x00007ff906bb4000 	/System/Library/PrivateFrameworks/CoreCDP.framework/Versions/A/CoreCDP
0x00007ff824396000 	/System/Library/PrivateFrameworks/AskPermission.framework/Versions/A/AskPermission
0x00007ff914747000 	/System/Library/Frameworks/Quartz.framework/Versions/A/Quartz
0x00007ff920882000 	/System/Library/PrivateFrameworks/CloudPhotoServicesConfiguration.framework/Versions/A/CloudPhotoServicesConfiguration
0x00007ff912fc9000 	/System/Library/PrivateFrameworks/CommerceKit.framework/Versions/A/CommerceKit
0x00007ff9220bd000 	/System/Library/PrivateFrameworks/FindMyMac.framework/Versions/A/FindMyMac
0x00007ff921fa4000 	/System/Library/Frameworks/PreferencePanes.framework/Versions/A/PreferencePanes
0x00007ff915d38000 	/System/Library/Frameworks/AddressBook.framework/Versions/A/AddressBook
0x00007ff823297000 	/System/Library/PrivateFrameworks/AOSAccounts.framework/Versions/A/AOSAccounts
0x00007ff81d764000 	/System/Library/PrivateFrameworks/AppleSRP.framework/Versions/A/AppleSRP
0x00007ff90f38b000 	/System/Library/Frameworks/SafariServices.framework/Versions/A/SafariServices
0x00007ff821ccb000 	/System/Library/PrivateFrameworks/NetFSServer.framework/Versions/A/NetFSServer
0x00007ff911db7000 	/System/Library/Frameworks/PDFKit.framework/Versions/A/PDFKit
0x00007ff923061000 	/System/Library/PrivateFrameworks/EmailFoundation.framework/Versions/A/EmailFoundation
0x00007ff921ffe000 	/System/Library/PrivateFrameworks/EmailCore.framework/Versions/A/EmailCore
0x00007ffa06178000 	/System/Library/PrivateFrameworks/EmailAddressing.framework/Versions/A/EmailAddressing
0x00007ffa06184000 	/System/Library/PrivateFrameworks/Email.framework/Versions/A/Email
0x00007ffb1099c000 	/System/Library/Frameworks/TabularData.framework/Versions/A/TabularData
0x00007ffd11369000 	/usr/lib/swift/libswiftPassKit.dylib
0x00007ffb165bc000 	/System/Library/PrivateFrameworks/BackgroundSystemTasks.framework/Versions/A/BackgroundSystemTasks
0x00007ffc0c98e000 	/System/Library/PrivateFrameworks/LockdownMode.framework/Versions/A/LockdownMode
0x00007ff81e1f9000 	/System/Library/PrivateFrameworks/CommunicationsFilter.framework/Versions/A/CommunicationsFilter
0x00007ffa13bb5000 	/System/Library/Frameworks/PassKit.framework/Versions/A/PassKit
0x00007ff825817000 	/System/Library/PrivateFrameworks/PassKitCore.framework/Versions/A/PassKitCore
0x00007ffc13b74000 	/System/Library/PrivateFrameworks/PassKitMacHelperTemp.framework/Versions/A/PassKitMacHelperTemp
0x00007ffb13d8d000 	/System/Library/PrivateFrameworks/AppIntentsServices.framework/Versions/A/AppIntentsServices
0x00007ff822ee0000 	/System/Library/PrivateFrameworks/CoreRecents.framework/Versions/A/CoreRecents
0x00007ff90f494000 	/System/Library/PrivateFrameworks/BiometricKit.framework/Versions/A/BiometricKit
0x00007ffc185e3000 	/System/Library/PrivateFrameworks/SEService.framework/Versions/A/SEService
0x00007ff823b59000 	/System/Library/Frameworks/EventKit.framework/Versions/A/EventKit
0x00007ff9147e8000 	/System/Library/PrivateFrameworks/NearField.framework/Versions/A/NearField
0x00007ff916461000 	/System/Library/PrivateFrameworks/FTClientServices.framework/Versions/A/FTClientServices
0x00007ffa0f5f7000 	/System/Library/PrivateFrameworks/DiagnosticRequest.framework/Versions/A/DiagnosticRequest
0x00007ffd10207000 	/usr/lib/libSESShared.dylib
0x00007ffc18774000 	/System/Library/PrivateFrameworks/STSXPCHelperClient.framework/Versions/A/STSXPCHelperClient
0x00007ffc20ef7000 	/System/Library/PrivateFrameworks/Symptoms.framework/Versions/A/Frameworks/SymptomPresentationFeed.framework/Versions/A/SymptomPresentationFeed
0x00007ffb15391000 	/System/Library/PrivateFrameworks/AppleMediaServicesKitInternal.framework/Versions/A/AppleMediaServicesKitInternal
0x00007ffc20c71000 	/System/Library/PrivateFrameworks/SymptomShared.framework/Versions/A/SymptomShared
0x00007ffb17cfe000 	/System/Library/PrivateFrameworks/CalendarDatabase.framework/Versions/A/CalendarDatabase
0x00007ffb17c52000 	/System/Library/PrivateFrameworks/CalendarDaemon.framework/Versions/A/CalendarDaemon
0x00007ff822f34000 	/System/Library/PrivateFrameworks/CalendarFoundation.framework/Versions/A/CalendarFoundation
0x00007ff822eef000 	/System/Library/PrivateFrameworks/iCalendar.framework/Versions/A/iCalendar
0x00007ffb1d227000 	/System/Library/PrivateFrameworks/DataAccessExpress.framework/Versions/A/DataAccessExpress
0x00007ff9082cc000 	/System/Library/PrivateFrameworks/CoreDAV.framework/Versions/A/CoreDAV
0x00007ff823a32000 	/System/Library/PrivateFrameworks/CalDAV.framework/Versions/A/CalDAV
0x00007ff90caf9000 	/System/Library/PrivateFrameworks/TelephonyUtilities.framework/Versions/A/TelephonyUtilities
0x00007ff910da4000 	/System/Library/Frameworks/CallKit.framework/Versions/A/CallKit
0x00007ffa18e4c000 	/System/Library/PrivateFrameworks/IMTransferServices.framework/Versions/A/IMTransferServices
0x00007ff90f1f7000 	/System/Library/PrivateFrameworks/IncomingCallFilter.framework/Versions/A/IncomingCallFilter
0x00007ffc116da000 	/System/Library/PrivateFrameworks/NeighborhoodActivityConduit.framework/Versions/A/NeighborhoodActivityConduit
0x00007ffd100a5000 	/usr/lib/libBASupport.dylib
0x00007ff91c8df000 	/System/Library/PrivateFrameworks/SpotlightReceiver.framework/Versions/A/SpotlightReceiver
0x00007ff9160db000 	/usr/lib/libnfshared.dylib
0x00007ffa164b9000 	/System/Library/PrivateFrameworks/PassKitUIFoundation.framework/Versions/A/PassKitUIFoundation
0x00007ff81d045000 	/System/Library/Frameworks/MapKit.framework/Versions/A/MapKit
0x00007ffb0b617000 	/System/Library/Frameworks/ExtensionKit.framework/Versions/A/ExtensionKit
0x00007ffc059ac000 	/System/Library/PrivateFrameworks/GeoAnalytics.framework/Versions/A/GeoAnalytics
0x00007ff91029d000 	/System/Library/PrivateFrameworks/SearchFoundation.framework/Versions/A/SearchFoundation
0x00007ff916111000 	/System/Library/PrivateFrameworks/Navigation.framework/Versions/A/Navigation
0x00007ff91f136000 	/System/Library/PrivateFrameworks/VectorKit.framework/Versions/A/VectorKit
0x00007ff9084fa000 	/System/Library/PrivateFrameworks/VirtualGarage.framework/Versions/A/VirtualGarage
0x00007ff9162a5000 	/System/Library/Frameworks/ExternalAccessory.framework/ExternalAccessory
0x00007ff9162be000 	/System/Library/PrivateFrameworks/IAP.framework/Versions/A/IAP
0x00007ff81d309000 	/System/Library/PrivateFrameworks/IOPlatformPluginFamily.framework/Versions/A/IOPlatformPluginFamily
0x00007ffb16478000 	/System/Library/PrivateFrameworks/AvatarKit.framework/Versions/A/AvatarKit
0x00007ffb16539000 	/System/Library/PrivateFrameworks/AvatarPersistence.framework/Versions/A/AvatarPersistence
0x00007ffc17d5a000 	/System/Library/PrivateFrameworks/RemoteUI.framework/Versions/A/RemoteUI
0x00007ff81d40d000 	/usr/lib/libCTGreenTeaLogger.dylib
0x00007ffb10bac000 	/System/Library/Frameworks/TipKit.framework/Versions/A/TipKit
0x00007ffa11c7b000 	/System/Library/PrivateFrameworks/AppleCVA.framework/Versions/A/AppleCVA
0x00007ffb16538000 	/System/Library/PrivateFrameworks/AvatarKitContent.framework/Versions/A/AvatarKitContent
0x00007ff81d439000 	/System/Library/PrivateFrameworks/CoreAppleCVA.framework/Versions/A/CoreAppleCVA
0x00007ffc0bb39000 	/System/Library/PrivateFrameworks/LiftUI.framework/Versions/A/LiftUI
0x00007ffb18a45000 	/System/Library/PrivateFrameworks/CloudSettings.framework/Versions/A/CloudSettings
0x00007ff90ee2b000 	/System/Library/PrivateFrameworks/CoreRoutine.framework/Versions/A/CoreRoutine
0x00007ff91d8e1000 	/System/Library/PrivateFrameworks/Categories.framework/Versions/A/Categories
0x00007ffb18e4c000 	/System/Library/PrivateFrameworks/Coherence.framework/Versions/A/Coherence
0x00007ff90c9fc000 	/System/Library/PrivateFrameworks/CoreParsec.framework/Versions/A/CoreParsec
0x00007ffc14107000 	/System/Library/PrivateFrameworks/PegasusAPI.framework/Versions/A/PegasusAPI
0x00007ffc14bba000 	/System/Library/PrivateFrameworks/PegasusConfiguration.framework/Versions/A/PegasusConfiguration
0x00007ffc0c96c000 	/System/Library/PrivateFrameworks/LocalStatusKit.framework/Versions/A/LocalStatusKit
0x00007ff910f50000 	/System/Library/PrivateFrameworks/ContextKit.framework/Versions/A/ContextKit
0x00007ffb196be000 	/System/Library/PrivateFrameworks/ContextKitCore.framework/Versions/A/ContextKitCore
0x00007ff916465000 	/System/Library/PrivateFrameworks/CharacterPicker.framework/Versions/A/CharacterPicker
0x00007ff90f2fa000 	/System/Library/PrivateFrameworks/ContactsDonation.framework/Versions/A/ContactsDonation
0x00007ff90862e000 	/System/Library/PrivateFrameworks/ContactsUICore.framework/Versions/A/ContactsUICore
0x00007ff90ec07000 	/System/Library/PrivateFrameworks/DataDetectors.framework/Versions/A/DataDetectors
0x00007ff823a20000 	/System/Library/Frameworks/MediaLibrary.framework/Versions/A/MediaLibrary
0x00007ff81e1e9000 	/System/Library/PrivateFrameworks/PersonaKit.framework/Versions/A/PersonaKit
0x00007ff90861d000 	/System/Library/PrivateFrameworks/PersonaUI.framework/Versions/A/PersonaUI
0x00007ffc08af7000 	/System/Library/PrivateFrameworks/InputToolKitUI.framework/Versions/A/InputToolKitUI
0x00007ffc08ae2000 	/System/Library/PrivateFrameworks/InputToolKit.framework/Versions/A/InputToolKit
0x00007ffc20611000 	/System/Library/PrivateFrameworks/Stickers.framework/Versions/A/Stickers
0x00007ffc08a4e000 	/System/Library/PrivateFrameworks/InputAnalytics.framework/Versions/A/InputAnalytics
0x00007ff917ae1000 	/System/Library/PrivateFrameworks/EmojiFoundation.framework/Versions/A/EmojiFoundation
0x00007ffb1eb05000 	/System/Library/PrivateFrameworks/FeedbackService.framework/Versions/A/FeedbackService
0x00007ff81de84000 	/System/Library/PrivateFrameworks/AddressBookCore.framework/Versions/A/AddressBookCore
0x00007ff910c68000 	/System/Library/PrivateFrameworks/IntlPreferences.framework/Versions/A/IntlPreferences
0x00007ff915eaa000 	/System/Library/PrivateFrameworks/ToneKit.framework/Versions/A/ToneKit
0x00007ff910cad000 	/System/Library/PrivateFrameworks/ToneLibrary.framework/Versions/A/ToneLibrary
0x00007ffb19560000 	/System/Library/PrivateFrameworks/ContactsAccounts.framework/Versions/A/ContactsAccounts
0x00007ff9219c3000 	/System/Library/PrivateFrameworks/Transparency.framework/Versions/A/Transparency
0x00007ff91466b000 	/System/Library/PrivateFrameworks/Lookup.framework/Versions/A/Lookup
0x00007ffb0ee9e000 	/System/Library/Frameworks/QuickLookUI.framework/Versions/A/QuickLookUI
0x00007ffb0f81c000 	/System/Library/Frameworks/ScreenCaptureKit.framework/Versions/A/ScreenCaptureKit
0x00007ff9118e9000 	/System/Library/Frameworks/Quartz.framework/Versions/A/Frameworks/QuartzComposer.framework/Versions/A/QuartzComposer
0x00007ff910c3f000 	/System/Library/Frameworks/Quartz.framework/Versions/A/Frameworks/QuartzFilters.framework/Versions/A/QuartzFilters
0x00007ff90fc2e000 	/System/Library/Frameworks/Quartz.framework/Versions/A/Frameworks/ImageKit.framework/Versions/A/ImageKit
0x00007ff90e33c000 	/System/Library/PrivateFrameworks/CorePDF.framework/Versions/A/CorePDF
0x00007ff81b188000 	/System/Library/Frameworks/QuickLook.framework/Versions/A/QuickLook
0x00007ff825722000 	/System/Library/PrivateFrameworks/DisplayServices.framework/Versions/A/DisplayServices
0x00007ff910ba7000 	/System/Library/Frameworks/ImageCaptureCore.framework/Versions/A/ImageCaptureCore
0x00007ffd07b68000 	/System/Library/PrivateFrameworks/VisionKitCore.framework/Versions/A/VisionKitCore
0x00007ff90c9cd000 	/System/Library/PrivateFrameworks/QuickLookSupport.framework/Versions/A/QuickLookSupport
0x00007ffc0ef19000 	/System/Library/PrivateFrameworks/MediaAnalysisServices.framework/Versions/A/MediaAnalysisServices
0x00007ff9135ad000 	/System/Library/PrivateFrameworks/PhotoLibraryServices.framework/Versions/A/PhotoLibraryServices
0x00007ff9107ca000 	/System/Library/Frameworks/Photos.framework/Versions/A/Photos
0x00007ff924282000 	/System/Library/PrivateFrameworks/PhotosFormats.framework/Versions/A/PhotosFormats
0x00007ff9208b2000 	/System/Library/PrivateFrameworks/CloudPhotoLibrary.framework/Versions/A/CloudPhotoLibrary
0x00007ffa09afe000 	/System/Library/PrivateFrameworks/CloudPhotoServices.framework/Versions/A/CloudPhotoServices
0x00007ffa062e6000 	/System/Library/PrivateFrameworks/CoreMediaStream.framework/Versions/A/CoreMediaStream
0x00007ff81ebac000 	/System/Library/PrivateFrameworks/CPAnalytics.framework/Versions/A/CPAnalytics
0x00007ff9226af000 	/System/Library/PrivateFrameworks/MediaConversionService.framework/Versions/A/MediaConversionService
0x00007ff8253c0000 	/System/Library/PrivateFrameworks/PhotoFoundation.framework/Versions/A/PhotoFoundation
0x00007ffc150d8000 	/System/Library/PrivateFrameworks/PhotoLibraryServicesCore.framework/Versions/A/PhotoLibraryServicesCore
0x00007ff91c2fd000 	/System/Library/PrivateFrameworks/MMCS.framework/Versions/A/MMCS
0x00007ff82386f000 	/System/Library/PrivateFrameworks/ChunkingLibrary.framework/Versions/A/ChunkingLibrary
0x00007ff81d711000 	/System/Library/PrivateFrameworks/AssetCacheServices.framework/Versions/A/AssetCacheServices
0x00007ff81f6eb000 	/System/Library/PrivateFrameworks/AVFoundationCF.framework/Versions/A/AVFoundationCF
0x00007ffa18d4a000 	/usr/lib/swift/libswiftDemangle.dylib
0x00007ff90ee8b000 	/System/Library/PrivateFrameworks/MediaStream.framework/Versions/A/MediaStream
0x00007ff922c2b000 	/System/Library/PrivateFrameworks/NeutrinoCore.framework/Versions/A/NeutrinoCore
0x00007ff80d868000 	/System/Library/PrivateFrameworks/NLP.framework/Versions/A/NLP
0x00007ffa08866000 	/System/Library/PrivateFrameworks/PhotoImaging.framework/Versions/A/PhotoImaging
0x00007ffa09abe000 	/System/Library/PrivateFrameworks/PhotosImagingFoundation.framework/Versions/A/PhotosImagingFoundation
0x00007ffc15bd7000 	/System/Library/PrivateFrameworks/PhotosIntelligenceCore.framework/Versions/A/PhotosIntelligenceCore
0x00007ff81fba6000 	/System/Library/PrivateFrameworks/EmbeddedAcousticRecognition.framework/Versions/A/EmbeddedAcousticRecognition
0x00007ff920b22000 	/System/Library/PrivateFrameworks/SDAPI.framework/Versions/A/SDAPI
0x00007ffa09b0b000 	/System/Library/PrivateFrameworks/AutoLoop.framework/Versions/A/AutoLoop
0x00007ffc1656a000 	/System/Library/PrivateFrameworks/Portrait.framework/Versions/A/Portrait
0x00007ffb14a7b000 	/System/Library/PrivateFrameworks/AppleDepth.framework/Versions/A/AppleDepth
0x00007ffb1f537000 	/System/Library/PrivateFrameworks/FusionTracker.framework/Versions/A/FusionTracker
0x00007ffb14ba9000 	/System/Library/PrivateFrameworks/AppleDepthCore.framework/Versions/A/AppleDepthCore
0x00007ff9113a4000 	/System/Library/PrivateFrameworks/iTunesCloud.framework/Versions/A/iTunesCloud
0x00007ff919a7d000 	/System/Library/PrivateFrameworks/DAAPKit.framework/Versions/A/DAAPKit
0x00007ffd11406000 	/usr/lib/swift/libswiftVideoToolbox.dylib
0x00007ff90ccd0000 	/System/Library/PrivateFrameworks/DeviceManagement.framework/Versions/A/DeviceManagement
0x00007ffa0f557000 	/System/Library/PrivateFrameworks/ScreenTimeUI.framework/Versions/A/ScreenTimeUI
0x00007ff90ec01000 	/System/Library/PrivateFrameworks/QuickLookNonBaseSystem.framework/Versions/A/QuickLookNonBaseSystem
0x00007ff90f3c9000 	/System/Library/PrivateFrameworks/Catalyst.framework/Versions/A/Catalyst
0x00007ffc0e678000 	/System/Library/PrivateFrameworks/ManagedSettingsObjC.framework/Versions/A/ManagedSettingsObjC
0x00007ff910e41000 	/System/Library/PrivateFrameworks/ScreenTimeCore.framework/Versions/A/ScreenTimeCore
0x00007ff9237be000 	/System/Library/PrivateFrameworks/ScreenTimeServiceUI.framework/Versions/A/ScreenTimeServiceUI
0x00007ff91c495000 	/System/Library/PrivateFrameworks/ConfigurationEngineModel.framework/Versions/A/ConfigurationEngineModel
0x00007ff91f0eb000 	/System/Library/PrivateFrameworks/UsageTracking.framework/Versions/A/UsageTracking
0x00007ffb0b44e000 	/System/Library/Frameworks/DeviceActivity.framework/Versions/A/DeviceActivity
0x00007ff91f0bd000 	/System/Library/PrivateFrameworks/KnowledgeMonitor.framework/Versions/A/KnowledgeMonitor
0x00007ffa16460000 	/System/Library/PrivateFrameworks/BluetoothManager.framework/Versions/A/BluetoothManager
0x00007ffb0c356000 	/System/Library/Frameworks/ManagedSettings.framework/Versions/A/ManagedSettings
0x00007ffc0e6b0000 	/System/Library/PrivateFrameworks/ManagedSettingsSupport.framework/Versions/A/ManagedSettingsSupport
0x00007ffa13cb6000 	/System/Library/Frameworks/ReplayKit.framework/Versions/A/ReplayKit
0x00007ff904b3e000 	/System/Library/PrivateFrameworks/MarkupUI.framework/Versions/A/MarkupUI
0x00007ff90ebdb000 	/System/Library/PrivateFrameworks/SidecarCore.framework/Versions/A/SidecarCore
0x00007ff911798000 	/System/Library/PrivateFrameworks/AnnotationKit.framework/Versions/A/AnnotationKit
0x00007ffb10cef000 	/System/Library/Frameworks/Translation.framework/Versions/A/Translation
0x00007ffa0b3d1000 	/System/Library/PrivateFrameworks/RevealCore.framework/Versions/A/RevealCore
0x00007ffa0b3c6000 	/System/Library/PrivateFrameworks/Reveal.framework/Versions/A/Reveal
0x00007ffc24594000 	/System/Library/PrivateFrameworks/TranslationUIServices.framework/Versions/A/TranslationUIServices
0x00007ff90fe90000 	/System/Library/Frameworks/PencilKit.framework/Versions/A/PencilKit
0x00007ff91005b000 	/System/Library/PrivateFrameworks/SidecarUI.framework/Versions/A/SidecarUI
0x00007ff90f75b000 	/System/Library/PrivateFrameworks/CoreHandwriting.framework/Versions/A/CoreHandwriting
0x00007ff8077e0000 	/usr/lib/libmecabra.dylib
0x00007ff908a6d000 	/System/Library/PrivateFrameworks/Calculate.framework/Versions/A/Calculate
0x00007ff816d1d000 	/usr/lib/libChineseTokenizer.dylib
0x00007ffa23450000 	/System/Library/PrivateFrameworks/ScreenReaderCore.framework/Versions/A/ScreenReaderCore
0x00007ffc2098a000 	/System/Library/PrivateFrameworks/StocksKit.framework/Versions/A/StocksKit
0x00007ff907c51000 	/System/Library/PrivateFrameworks/OAuth.framework/Versions/A/OAuth
0x00007ffc20686000 	/System/Library/PrivateFrameworks/StocksCore.framework/Versions/A/StocksCore
0x00007ffc2157a000 	/System/Library/PrivateFrameworks/TeaFoundation.framework/Versions/A/TeaFoundation
0x00007ffc21702000 	/System/Library/PrivateFrameworks/TeaSettings.framework/Versions/A/TeaSettings
0x00007ffa19fa7000 	/System/Library/PrivateFrameworks/NewsCore.framework/Versions/A/NewsCore
0x00007ffc21527000 	/System/Library/PrivateFrameworks/TeaDB.framework/Versions/A/TeaDB
0x00007ffa17306000 	/System/Library/PrivateFrameworks/RemoteConfiguration.framework/Versions/A/RemoteConfiguration
0x00007ffa19bc0000 	/System/Library/PrivateFrameworks/NewsTransport.framework/Versions/A/NewsTransport
0x00007ffa19f99000 	/System/Library/PrivateFrameworks/NewsFoundation.framework/Versions/A/NewsFoundation
0x00007ffc11bbd000 	/System/Library/PrivateFrameworks/NewsURLBucket.framework/Versions/A/NewsURLBucket
0x00007ff9131ed000 	/System/Library/PrivateFrameworks/MobileInstallation.framework/Versions/A/MobileInstallation
0x00007ffc2378a000 	/System/Library/PrivateFrameworks/TipKitCore.framework/Versions/A/TipKitCore
0x00007ff917b5f000 	/System/Library/PrivateFrameworks/CoreCDPInternal.framework/Versions/A/CoreCDPInternal
0x00007ff907b9d000 	/System/Library/PrivateFrameworks/AccountsDaemon.framework/Versions/A/AccountsDaemon
0x00007ffc17a0b000 	/System/Library/PrivateFrameworks/RegulatoryDomain.framework/Versions/A/RegulatoryDomain
0x00007ffa0fce9000 	/System/Library/PrivateFrameworks/MachineSettings.framework/Versions/A/MachineSettings
0x00007ff921f29000 	/System/Library/PrivateFrameworks/BezelServices.framework/Versions/A/BezelServices
0x00007ff919b09000 	/System/Library/PrivateFrameworks/SPOwner.framework/Versions/A/SPOwner
0x00007ff91302d000 	/System/Library/PrivateFrameworks/FMCore.framework/Versions/A/FMCore
0x00007ffd0b4fc000 	/System/Library/PrivateFrameworks/iCloudQuota.framework/Versions/A/iCloudQuota
0x00007ff908592000 	/System/Library/PrivateFrameworks/CoreRecognition.framework/Versions/A/CoreRecognition
0x00007ff921fda000 	/System/Library/PrivateFrameworks/InAppMessages.framework/Versions/A/InAppMessages
0x00007ffa22277000 	/System/Library/PrivateFrameworks/JetUI.framework/Versions/A/JetUI
0x00007ffc0b8a1000 	/System/Library/PrivateFrameworks/JetPack.framework/Versions/A/JetPack
0x00007ff921fd2000 	/System/Library/PrivateFrameworks/InAppMessagesCore.framework/Versions/A/InAppMessagesCore
0x00007ffd0ac56000 	/System/Library/PrivateFrameworks/_JetEngine_SwiftUI.framework/Versions/A/_JetEngine_SwiftUI
0x00007ffc20f1f000 	/System/Library/PrivateFrameworks/Synapse.framework/Versions/A/Synapse
0x00007ffb17b1b000 	/System/Library/PrivateFrameworks/CSExattrCrypto.framework/Versions/A/CSExattrCrypto
0x00007ff8253d0000 	/System/Library/PrivateFrameworks/IMSharedUtilities.framework/Versions/A/IMSharedUtilities
0x00007ff91d211000 	/System/Library/Frameworks/InstantMessage.framework/Versions/A/InstantMessage
0x00007ff915c3b000 	/System/Library/PrivateFrameworks/IDSKVStore.framework/Versions/A/IDSKVStore
0x00007ff915a7a000 	/System/Library/PrivateFrameworks/IMDPersistence.framework/Versions/A/IMDPersistence
0x00007ffd11310000 	/usr/lib/swift/libswiftAppleArchive.dylib
0x00007ffd0611a000 	/System/Library/PrivateFrameworks/UserSafety.framework/Versions/A/UserSafety
0x00007ffa1570d000 	/System/Library/PrivateFrameworks/BlastDoor.framework/Versions/A/BlastDoor
0x00007ffb0f898000 	/System/Library/Frameworks/SensitiveContentAnalysis.framework/Versions/A/SensitiveContentAnalysis
0x00007ffc0c652000 	/System/Library/PrivateFrameworks/LinkPresentationStyleSheetParsing.framework/Versions/A/LinkPresentationStyleSheetParsing
0x00007ff90f256000 	/System/Library/PrivateFrameworks/CoreSDB.framework/Versions/A/CoreSDB
0x00007ffb15fe4000 	/System/Library/PrivateFrameworks/AskToCore.framework/Versions/A/AskToCore
0x00007ff91436c000 	/System/Library/PrivateFrameworks/StoreFoundation.framework/Versions/A/StoreFoundation
0x00007ff913027000 	/System/Library/PrivateFrameworks/ServerInformation.framework/Versions/A/ServerInformation
0x00007ff912a95000 	/System/Library/PrivateFrameworks/Install.framework/Frameworks/DistributionKit.framework/Versions/A/DistributionKit
0x00007ff90c78d000 	/System/Library/PrivateFrameworks/PackageKit.framework/Versions/A/PackageKit
0x00007ff912ab6000 	/System/Library/PrivateFrameworks/OSPersonalization.framework/Versions/A/OSPersonalization
0x00007ff9148b6000 	/System/Library/PrivateFrameworks/BridgeOSSoftwareUpdate.framework/Versions/A/BridgeOSSoftwareUpdate
0x00007ff90f69c000 	/System/Library/PrivateFrameworks/StorageManagement.framework/Versions/A/StorageManagement
0x00007ff923389000 	/usr/lib/libauthinstall.dylib
0x00007ff9148be000 	/System/Library/PrivateFrameworks/InstallerDiagnostics.framework/Versions/A/InstallerDiagnostics
0x00007ff92397d000 	/usr/lib/libcrypto.42.dylib
0x00007ff9148a6000 	/System/Library/PrivateFrameworks/GPUInfo.framework/Versions/A/GPUInfo
0x00007ff9220c3000 	/System/Library/PrivateFrameworks/MobileActivationMacOS.framework/Versions/A/MobileActivationMacOS
0x00007ff81eb52000 	/System/Library/PrivateFrameworks/GenerationalStorage.framework/Versions/A/GenerationalStorage
0x00007ff819c92000 	/System/Library/PrivateFrameworks/CacheDelete.framework/Versions/A/CacheDelete
0x00007ff821df5000 	/System/Library/Frameworks/QuickLookThumbnailing.framework/Versions/A/QuickLookThumbnailing
0x00007ff81e982000 	/System/Library/Frameworks/FileProvider.framework/Versions/A/FileProvider
0x00007ff80bb1c000 	/System/Library/PrivateFrameworks/DesktopServicesPriv.framework/Versions/A/DesktopServicesPriv
0x00007ff80e042000 	/System/Library/Frameworks/Accounts.framework/Versions/A/Accounts
0x00007ff914906000 	/System/Library/PrivateFrameworks/AOSKit.framework/Versions/A/AOSKit
0x00007ff81700c000 	/System/Library/PrivateFrameworks/AppSSOCore.framework/Versions/A/AppSSOCore
0x00007ff8215b2000 	/System/Library/PrivateFrameworks/AppSupport.framework/Versions/A/AppSupport
0x00007ff90e6f5000 	/System/Library/Frameworks/AVFoundation.framework/Versions/A/AVFoundation
0x00007ff821d20000 	/System/Library/PrivateFrameworks/DuetActivityScheduler.framework/Versions/A/DuetActivityScheduler
0x00007ff90f1fd000 	/System/Library/PrivateFrameworks/FTServices.framework/Versions/A/FTServices
0x00007ff9207ec000 	/System/Library/PrivateFrameworks/NetworkServiceProxy.framework/Versions/A/NetworkServiceProxy
0x00007ff81fabf000 	/System/Library/PrivateFrameworks/Rapport.framework/Versions/A/Rapport
0x00007ffc20c80000 	/System/Library/PrivateFrameworks/Symptoms.framework/Versions/A/Frameworks/SymptomAnalytics.framework/Versions/A/SymptomAnalytics
0x00007ff81d379000 	/usr/lib/libnetworkextension.dylib
0x00007ffa16294000 	/System/Library/Frameworks/CryptoKit.framework/Versions/A/CryptoKit
0x00007ff821cbf000 	/System/Library/PrivateFrameworks/CryptoKitCBridging.framework/Versions/A/CryptoKitCBridging
0x00007ff81f610000 	/System/Library/Frameworks/CryptoTokenKit.framework/Versions/A/CryptoTokenKit
0x00007ffa0a09e000 	/usr/lib/swift/libswiftCryptoTokenKit.dylib
0x00007ff81f671000 	/System/Library/Frameworks/LocalAuthentication.framework/Versions/A/LocalAuthentication
0x00007ffc0c812000 	/System/Library/PrivateFrameworks/LocalAuthenticationCore.framework/Versions/A/LocalAuthenticationCore
0x00007ff81f6c1000 	/System/Library/Frameworks/LocalAuthentication.framework/Support/SharedUtils.framework/Versions/A/SharedUtils
0x00007ff81e38a000 	/System/Library/PrivateFrameworks/SymptomDiagnosticReporter.framework/Versions/A/SymptomDiagnosticReporter
0x00007ffb1cefb000 	/System/Library/PrivateFrameworks/CryptoKitPrivate.framework/Versions/A/CryptoKitPrivate
0x00007ff8108d0000 	/System/Library/PrivateFrameworks/ApplePushService.framework/Versions/A/ApplePushService
0x00007ff90e919000 	/System/Library/PrivateFrameworks/FindMyDevice.framework/Versions/A/FindMyDevice
0x00007ff80e0c8000 	/System/Library/PrivateFrameworks/CommonUtilities.framework/Versions/A/CommonUtilities
0x00007ffa050e1000 	/System/Library/PrivateFrameworks/DeviceIdentity.framework/Versions/A/DeviceIdentity
0x00007ff817726000 	/System/Library/PrivateFrameworks/Bom.framework/Versions/A/Bom
0x00007ff8197fc000 	/usr/lib/libParallelCompression.dylib
0x00007ff8197ef000 	/System/Library/PrivateFrameworks/MultiverseSupport.framework/Versions/A/MultiverseSupport
0x00007ff8257fb000 	/System/Library/PrivateFrameworks/FMCoreLite.framework/Versions/A/FMCoreLite
0x00007ff81501b000 	/System/Library/PrivateFrameworks/AuthKit.framework/Versions/A/AuthKit
0x00007ff81e4ad000 	/System/Library/PrivateFrameworks/DiskManagement.framework/Versions/A/DiskManagement
0x00007ff81e3c7000 	/System/Library/PrivateFrameworks/AppleIDAuthSupport.framework/Versions/A/AppleIDAuthSupport
0x00007ffb11c90000 	/System/Library/PrivateFrameworks/AAAFoundation.framework/Versions/A/AAAFoundation
0x00007ff819ce1000 	/System/Library/PrivateFrameworks/KeychainCircle.framework/Versions/A/KeychainCircle
0x00007ff908f42000 	/System/Library/PrivateFrameworks/URLFormatting.framework/Versions/A/URLFormatting
0x00007ff82151d000 	/usr/lib/libcsfde.dylib
0x00007ff817197000 	/usr/lib/libCoreStorage.dylib
0x00007ff81b0fe000 	/System/Library/PrivateFrameworks/ProtectedCloudStorage.framework/Versions/A/ProtectedCloudStorage
0x00007ff821519000 	/System/Library/PrivateFrameworks/EFILogin.framework/Versions/A/EFILogin
0x00007ff908226000 	/System/Library/PrivateFrameworks/CloudServices.framework/Versions/A/CloudServices
0x00007ff81eb7c000 	/System/Library/PrivateFrameworks/OctagonTrust.framework/Versions/A/OctagonTrust
0x00007ff81f224000 	/System/Library/PrivateFrameworks/AVFCore.framework/Versions/A/AVFCore
0x00007ff906c3c000 	/System/Library/PrivateFrameworks/AVFCapture.framework/Versions/A/AVFCapture
0x00007ffb17906000 	/System/Library/PrivateFrameworks/CMImaging.framework/Versions/A/CMImaging
0x00007ff906e5f000 	/System/Library/PrivateFrameworks/Quagga.framework/Versions/A/Quagga
0x00007ff906f8e000 	/System/Library/PrivateFrameworks/CMCapture.framework/Versions/A/CMCapture
0x00007ff8198cd000 	/System/Library/Frameworks/CoreMediaIO.framework/Versions/A/CoreMediaIO
0x00007ff821e3c000 	/System/Library/PrivateFrameworks/Espresso.framework/Versions/A/Espresso
0x00007ffb04b0c000 	/System/Library/PrivateFrameworks/ANECompiler.framework/Versions/A/ANECompiler
0x00007ff823fc0000 	/System/Library/PrivateFrameworks/AppleNeuralEngine.framework/Versions/A/AppleNeuralEngine
0x00007ffb0d01a000 	/System/Library/Frameworks/MetalPerformanceShadersGraph.framework/Versions/A/MetalPerformanceShadersGraph
0x00007ffc0d300000 	/System/Library/PrivateFrameworks/MLCompilerServices.framework/Versions/A/MLCompilerServices
0x00007ff822e28000 	/System/Library/PrivateFrameworks/ANEServices.framework/Versions/A/ANEServices
0x00007ff914685000 	/usr/lib/libncurses.5.4.dylib
0x00007ff80a37e000 	/usr/lib/libsandbox.1.dylib
0x00007ff81718f000 	/usr/lib/libMatch.1.dylib
0x00007ffc0d2a2000 	/System/Library/PrivateFrameworks/MLCompilerRuntime.framework/Versions/A/MLCompilerRuntime
0x00007ffb17835000 	/System/Library/PrivateFrameworks/CMCaptureDevice.framework/Versions/A/CMCaptureDevice
0x00007ffb1846c000 	/System/Library/PrivateFrameworks/CinematicFraming.framework/Versions/A/CinematicFraming
0x00007ff90e33e000 	/System/Library/Frameworks/CoreMotion.framework/Versions/A/CoreMotion
0x00007ff91d2e4000 	/System/Library/PrivateFrameworks/TimeSync.framework/Versions/A/TimeSync
0x00007ffb1d86d000 	/System/Library/PrivateFrameworks/DistributedSensing.framework/Versions/A/DistributedSensing
0x00007ff918e92000 	/System/Library/PrivateFrameworks/MobileBluetooth.framework/Versions/A/MobileBluetooth
0x00007ff819494000 	/System/Library/PrivateFrameworks/LocationSupport.framework/Versions/A/LocationSupport
0x00007ff91ed56000 	/System/Library/PrivateFrameworks/IOKitten.framework/Versions/A/IOKitten
0x00007ff80bd94000 	/System/Library/PrivateFrameworks/CoreDuet.framework/Versions/A/CoreDuet
0x00007ff82081d000 	/System/Library/PrivateFrameworks/CoreDuetContext.framework/Versions/A/CoreDuetContext
0x00007ff919a25000 	/System/Library/PrivateFrameworks/BiomeFoundation.framework/Versions/A/BiomeFoundation
0x00007ffb16671000 	/System/Library/PrivateFrameworks/BiomeLibrary.framework/Versions/A/BiomeLibrary
0x00007ff91d364000 	/System/Library/PrivateFrameworks/BiomeStreams.framework/Versions/A/BiomeStreams
0x00007ff9237c5000 	/System/Library/PrivateFrameworks/BiomePubSub.framework/Versions/A/BiomePubSub
0x00007ff810933000 	/System/Library/Frameworks/CloudKit.framework/Versions/A/CloudKit
0x00007ff820872000 	/System/Library/Frameworks/Intents.framework/Versions/A/Intents
0x00007ff822fc6000 	/System/Library/PrivateFrameworks/CoreDuetDaemonProtocol.framework/Versions/A/CoreDuetDaemonProtocol
0x00007ff822e55000 	/System/Library/PrivateFrameworks/ProactiveSupport.framework/Versions/A/ProactiveSupport
0x00007ffc164d7000 	/System/Library/PrivateFrameworks/PoirotSchematizer.framework/Versions/A/PoirotSchematizer
0x00007ffb16d91000 	/System/Library/PrivateFrameworks/BiomeSync.framework/Versions/A/BiomeSync
0x00007ffb16652000 	/System/Library/PrivateFrameworks/BiomeFlexibleStorage.framework/Versions/A/BiomeFlexibleStorage
0x00007ffb16638000 	/System/Library/PrivateFrameworks/BiomeDSL.framework/Versions/A/BiomeDSL
0x00007ff923825000 	/System/Library/PrivateFrameworks/BiomeStorage.framework/Versions/A/BiomeStorage
0x00007ffc16546000 	/System/Library/PrivateFrameworks/PoirotUDFs.framework/Versions/A/PoirotUDFs
0x00007ffc164ae000 	/System/Library/PrivateFrameworks/PoirotSQLite.framework/Versions/A/PoirotSQLite
0x00007ff8218a5000 	/System/Library/PrivateFrameworks/InternationalTextSearch.framework/Versions/A/InternationalTextSearch
0x00007ffc0b1ac000 	/System/Library/PrivateFrameworks/IntelligencePlatformLibrary.framework/Versions/A/IntelligencePlatformLibrary
0x00007ffb180d4000 	/System/Library/PrivateFrameworks/CascadeSets.framework/Versions/A/CascadeSets
0x00007ff81a826000 	/System/Library/PrivateFrameworks/IDS.framework/Versions/A/IDS
0x00007ff81941f000 	/System/Library/PrivateFrameworks/IMFoundation.framework/Versions/A/IMFoundation
0x00007ff908546000 	/System/Library/PrivateFrameworks/Marco.framework/Versions/A/Marco
0x00007ff81a9f7000 	/System/Library/PrivateFrameworks/IDSFoundation.framework/Versions/A/IDSFoundation
0x00007ff904b68000 	/System/Library/PrivateFrameworks/Engram.framework/Versions/A/Engram
0x00007ff904b0c000 	/usr/lib/libtidy.A.dylib
0x00007ff91ce11000 	/System/Library/PrivateFrameworks/FTAWD.framework/Versions/A/FTAWD
0x00007ffb0f94a000 	/System/Library/Frameworks/SharedWithYouCore.framework/Versions/A/SharedWithYouCore
0x00007ff82196e000 	/System/Library/PrivateFrameworks/AppleAccount.framework/Versions/A/AppleAccount
0x00007ff821d9f000 	/System/Library/PrivateFrameworks/C2.framework/Versions/A/C2
0x00007ff812034000 	/System/Library/Frameworks/CoreLocation.framework/Versions/A/CoreLocation
0x00007ffb18764000 	/System/Library/PrivateFrameworks/CloudAssets.framework/Versions/A/CloudAssets
0x00007ff821d97000 	/System/Library/Frameworks/PushKit.framework/Versions/A/PushKit
0x00007ffa0bbb0000 	/usr/lib/swift/libswiftAVFoundation.dylib
0x00007ff915a26000 	/usr/lib/swift/libswiftCoreLocation.dylib
0x00007ff915a38000 	/usr/lib/swift/libswiftCoreMIDI.dylib
0x00007ffa0a0a0000 	/usr/lib/swift/libswiftCoreMedia.dylib
0x00007ff81acaf000 	/System/Library/PrivateFrameworks/Sharing.framework/Versions/A/Sharing
0x00007ff820f01000 	/System/Library/PrivateFrameworks/Apple80211.framework/Versions/A/Apple80211
0x00007ff81447f000 	/System/Library/Frameworks/CoreWLAN.framework/Versions/A/CoreWLAN
0x00007ff82513e000 	/System/Library/PrivateFrameworks/AssistantServices.framework/Versions/A/AssistantServices
0x00007ff81f8c3000 	/System/Library/PrivateFrameworks/SAObjects.framework/Versions/A/SAObjects
0x00007ff824d71000 	/System/Library/PrivateFrameworks/MediaRemote.framework/Versions/A/MediaRemote
0x00007ff914c44000 	/System/Library/PrivateFrameworks/SiriInstrumentation.framework/Versions/A/SiriInstrumentation
0x00007ffc1987d000 	/System/Library/PrivateFrameworks/SiriAnalytics.framework/Versions/A/SiriAnalytics
0x00007ffc1ea03000 	/System/Library/PrivateFrameworks/SiriTTSService.framework/Versions/A/SiriTTSService
0x00007ffc1a0fa000 	/System/Library/PrivateFrameworks/SiriCrossDeviceArbitration.framework/Versions/A/SiriCrossDeviceArbitration
0x00007ff91288d000 	/System/Library/PrivateFrameworks/FeedbackLogger.framework/Versions/A/FeedbackLogger
0x00007ffc1a14a000 	/System/Library/PrivateFrameworks/SiriCrossDeviceArbitrationFeedback.framework/Versions/A/SiriCrossDeviceArbitrationFeedback
0x00007ffc058ae000 	/System/Library/PrivateFrameworks/GenerativeModels.framework/Versions/A/GenerativeModels
0x00007ff9083c0000 	/System/Library/PrivateFrameworks/MediaServices.framework/Versions/A/MediaServices
0x00007ff817403000 	/System/Library/PrivateFrameworks/PersistentConnection.framework/Versions/A/PersistentConnection
0x00007ff81b37d000 	/System/Library/PrivateFrameworks/GeoServices.framework/Versions/A/GeoServices
0x00007ffc05ab5000 	/System/Library/PrivateFrameworks/GeoServicesCore.framework/Versions/A/GeoServicesCore
0x00007ff908f41000 	/System/Library/PrivateFrameworks/PhoneNumbers.framework/Versions/A/PhoneNumbers
0x00007ffb1d372000 	/System/Library/PrivateFrameworks/Dendrite.framework/Versions/A/Dendrite
0x00007ffb16100000 	/System/Library/PrivateFrameworks/AtomicsInternal.framework/Versions/A/AtomicsInternal
0x00007ff91681b000 	/usr/lib/libtailspin.dylib
0x00007ffa09c17000 	/System/Library/PrivateFrameworks/Osprey.framework/Versions/A/Osprey
0x00007ffc1e030000 	/System/Library/PrivateFrameworks/SiriTTS.framework/Versions/A/SiriTTS
0x00007ff90f314000 	/System/Library/Frameworks/NaturalLanguage.framework/Versions/A/NaturalLanguage
0x00007ffc1cf80000 	/System/Library/PrivateFrameworks/SiriPowerInstrumentation.framework/Versions/A/SiriPowerInstrumentation
0x00007ff9101d5000 	/System/Library/PrivateFrameworks/Trial.framework/Versions/A/Trial
0x00007ff910159000 	/System/Library/PrivateFrameworks/TrialProto.framework/Versions/A/TrialProto
0x00007ffd059d5000 	/System/Library/PrivateFrameworks/UnifiedAssetFramework.framework/Versions/A/UnifiedAssetFramework
0x00007ffa1a8bd000 	/usr/lib/swift/libswiftNaturalLanguage.dylib
0x00007ffc21525000 	/System/Library/PrivateFrameworks/TailspinSymbolication.framework/Versions/A/TailspinSymbolication
0x00007ffb1d0f2000 	/System/Library/PrivateFrameworks/Darwinup.framework/Versions/A/Darwinup
0x00007ff922718000 	/System/Library/PrivateFrameworks/SignpostSupport.framework/Versions/A/SignpostSupport
0x00007ff90f1e2000 	/System/Library/PrivateFrameworks/FeatureFlagsSupport.framework/Versions/A/FeatureFlagsSupport
0x00007ff921e40000 	/System/Library/PrivateFrameworks/ktrace.framework/Versions/A/ktrace
0x00007ff9229d2000 	/System/Library/PrivateFrameworks/SampleAnalysis.framework/Versions/A/SampleAnalysis
0x00007ffa0b399000 	/System/Library/PrivateFrameworks/kperfdata.framework/Versions/A/kperfdata
0x00007ff81b2a1000 	/usr/lib/libdscsym.dylib
0x00007ffa0b8fa000 	/System/Library/PrivateFrameworks/BulkSymbolication.framework/Versions/A/BulkSymbolication
0x00007ff810dc0000 	/System/Library/Frameworks/CoreML.framework/Versions/A/CoreML
0x00007ffa18d17000 	/usr/lib/libedit.3.dylib
0x00007ff814b7c000 	/System/Library/Frameworks/MLCompute.framework/Versions/A/MLCompute
0x00007ffc0d170000 	/System/Library/PrivateFrameworks/MLAssetIO.framework/Versions/A/MLAssetIO
0x00007ffd1134b000 	/usr/lib/swift/libswiftMLCompute.dylib
0x00007ff808889000 	/System/Library/PrivateFrameworks/LanguageModeling.framework/Versions/A/LanguageModeling
0x00007ff80d5fd000 	/System/Library/PrivateFrameworks/Montreal.framework/Versions/A/Montreal
0x00007ff8154d5000 	/usr/lib/libcmph.dylib
0x00007ffc0594d000 	/System/Library/PrivateFrameworks/GenerativeModelsFoundation.framework/Versions/A/GenerativeModelsFoundation
0x00007ffc23a5d000 	/System/Library/PrivateFrameworks/TokenGeneration.framework/Versions/A/TokenGeneration
0x00007ffc0577c000 	/System/Library/PrivateFrameworks/GenerativeFunctions.framework/Versions/A/GenerativeFunctions
0x00007ffc057c1000 	/System/Library/PrivateFrameworks/GenerativeFunctionsFoundation.framework/Versions/A/GenerativeFunctionsFoundation
0x00007ffc0ff13000 	/System/Library/PrivateFrameworks/ModelCatalog.framework/Versions/A/ModelCatalog
0x00007ffc19205000 	/System/Library/PrivateFrameworks/SensitiveContentAnalysisML.framework/Versions/A/SensitiveContentAnalysisML
0x00007ffc05856000 	/System/Library/PrivateFrameworks/GenerativeFunctionsInstrumentation.framework/Versions/A/GenerativeFunctionsInstrumentation
0x00007ffc17387000 	/System/Library/PrivateFrameworks/PromptKit.framework/Versions/A/PromptKit
0x00007ffc16f19000 	/System/Library/PrivateFrameworks/ProactiveDaemonSupport.framework/Versions/A/ProactiveDaemonSupport
0x00007ffc23bd3000 	/System/Library/PrivateFrameworks/TokenGenerationCore.framework/Versions/A/TokenGenerationCore
0x00007ffd0704e000 	/System/Library/PrivateFrameworks/VectorSearch.framework/Versions/A/VectorSearch
0x00007ffc101d5000 	/System/Library/PrivateFrameworks/ModelManagerServices.framework/Versions/A/ModelManagerServices
0x00007ffb14c7f000 	/System/Library/PrivateFrameworks/AppleFlatBuffers.framework/Versions/A/AppleFlatBuffers
0x00007ff908937000 	/System/Library/PrivateFrameworks/ProactiveEventTracker.framework/Versions/A/ProactiveEventTracker
0x00007ffb11ca9000 	/System/Library/PrivateFrameworks/AAAFoundationSwift.framework/Versions/A/AAAFoundationSwift
0x00007ff821b03000 	/System/Library/PrivateFrameworks/AppleIDSSOAuthentication.framework/Versions/A/AppleIDSSOAuthentication
0x00007ff91c5f0000 	/usr/lib/swift/libswiftCompression.dylib
0x00007ffc19365000 	/System/Library/PrivateFrameworks/SentencePieceInternal.framework/Versions/A/SentencePieceInternal
0x00007ff81d7a4000 	/System/Library/Frameworks/Vision.framework/Versions/A/Vision
0x00007ffb1cb91000 	/System/Library/PrivateFrameworks/CoreSceneUnderstanding.framework/Versions/A/CoreSceneUnderstanding
0x00007ffd07b1d000 	/System/Library/PrivateFrameworks/VisionCore.framework/Versions/A/VisionCore
0x00007ff917c34000 	/System/Library/Frameworks/Vision.framework/libfaceCore.dylib
0x00007ff91893f000 	/System/Library/PrivateFrameworks/Futhark.framework/Versions/A/Futhark
0x00007ff91c3aa000 	/System/Library/PrivateFrameworks/InertiaCam.framework/Versions/A/InertiaCam
0x00007ff9186c0000 	/System/Library/PrivateFrameworks/TextRecognition.framework/Versions/A/TextRecognition
0x00007ff81702b000 	/System/Library/PrivateFrameworks/CVNLP.framework/Versions/A/CVNLP
0x00007ffb2451f000 	/System/Library/PrivateFrameworks/GRDBInternal.framework/Versions/A/GRDBInternal
0x00007ff823d49000 	/System/Library/PrivateFrameworks/RTCReporting.framework/Versions/A/RTCReporting
0x00007ff821d87000 	/System/Library/PrivateFrameworks/IntentsFoundation.framework/Versions/A/IntentsFoundation
0x00007ff81a578000 	/System/Library/Frameworks/NetworkExtension.framework/Versions/A/NetworkExtension
0x00007ff91420a000 	/System/Library/PrivateFrameworks/CaptiveNetwork.framework/Versions/A/CaptiveNetwork
0x00007ff821425000 	/System/Library/PrivateFrameworks/EAP8021X.framework/Versions/A/EAP8021X
0x00007ff92299f000 	/System/Library/PrivateFrameworks/UIKitServices.framework/Versions/A/UIKitServices
0x0000000179cc5000 	/System/Library/Extensions/AGXMetalG14G.bundle/Contents/MacOS/AGXMetalG14G
0x00007ff90826f000 	/System/Library/PrivateFrameworks/IOGPU.framework/Versions/A/IOGPU
0x0000000178e74000 	/Users/courtneysweeney/.p2/pool/plugins/org.eclipse.justj.openjdk.hotspot.jre.full.macosx.x86_64_21.0.9.v20251105-0741/jre/lib/libosxui.dylib
0x00007ffc21a38000 	/System/Library/PrivateFrameworks/TextInputUI.framework/Versions/A/TextInputUI
0x00007ffc21a58000 	/System/Library/PrivateFrameworks/TextInputUIMacHelper.framework/Versions/A/TextInputUIMacHelper
0x00007ffc188b2000 	/System/Library/PrivateFrameworks/Sage.framework/Versions/A/Sage
0x00007ffa22f76000 	/System/Library/PrivateFrameworks/VoiceShortcutClient.framework/Versions/A/VoiceShortcutClient
0x00007ff91650b000 	/System/Library/PrivateFrameworks/ChronoServices.framework/Versions/A/ChronoServices
0x00007ffc17fb2000 	/System/Library/PrivateFrameworks/ReplicatorEngine.framework/Versions/A/ReplicatorEngine
0x00007ffc18123000 	/System/Library/PrivateFrameworks/ReplicatorServices.framework/Versions/A/ReplicatorServices
0x00007ffc21161000 	/System/Library/PrivateFrameworks/SystemWake.framework/Versions/A/SystemWake

JVMTI agents: none


VM Arguments:
jvm_args: -Dfile.encoding=UTF-8 -Dstdout.encoding=UTF-8 -Dstderr.encoding=UTF-8 --module-path=/Users/courtneysweeney/git/prison-break-game/bin -XX:+ShowCodeDetailsInExceptionMessages -Djdk.module.main=prison_break_simulator 
java_command: prison_break_simulator/main.Main
java_class_path (initial): <not set>
Launcher Type: SUN_STANDARD

[Global flags]
     intx CICompilerCount                          = 4                                         {product} {ergonomic}
     uint ConcGCThreads                            = 2                                         {product} {ergonomic}
     uint G1ConcRefinementThreads                  = 8                                         {product} {ergonomic}
   size_t G1HeapRegionSize                         = 1048576                                   {product} {ergonomic}
    uintx GCDrainStackTargetSize                   = 64                                        {product} {ergonomic}
   size_t InitialHeapSize                          = 134217728                                 {product} {ergonomic}
   size_t MarkStackSize                            = 4194304                                   {product} {ergonomic}
   size_t MaxHeapSize                              = 2147483648                                {product} {ergonomic}
   size_t MaxNewSize                               = 1287651328                                {product} {ergonomic}
   size_t MinHeapDeltaBytes                        = 1048576                                   {product} {ergonomic}
   size_t MinHeapSize                              = 8388608                                   {product} {ergonomic}
    uintx NonNMethodCodeHeapSize                   = 5839372                                {pd product} {ergonomic}
    uintx NonProfiledCodeHeapSize                  = 122909434                              {pd product} {ergonomic}
    uintx ProfiledCodeHeapSize                     = 122909434                              {pd product} {ergonomic}
    uintx ReservedCodeCacheSize                    = 251658240                              {pd product} {ergonomic}
     bool SegmentedCodeCache                       = true                                      {product} {ergonomic}
     bool ShowCodeDetailsInExceptionMessages       = true                                   {manageable} {command line}
   size_t SoftMaxHeapSize                          = 2147483648                             {manageable} {ergonomic}
     bool UseCompressedOops                        = true                           {product lp64_product} {ergonomic}
     bool UseG1GC                                  = true                                      {product} {ergonomic}
     bool UseNUMA                                  = false                                     {product} {ergonomic}
     bool UseNUMAInterleaving                      = false                                     {product} {ergonomic}

Logging:
Log output configuration:
 #0: stdout all=warning uptime,level,tags foldmultilines=false
 #1: stderr all=off uptime,level,tags foldmultilines=false

Release file:
JAVA_VERSION="21.0.9"
MODULES="java.base java.compiler java.datatransfer java.xml java.prefs java.desktop java.instrument java.logging java.management java.security.sasl java.naming java.rmi java.management.rmi java.net.http java.scripting java.security.jgss java.transaction.xa java.sql java.sql.rowset java.xml.crypto java.se java.smartcardio jdk.accessibility jdk.internal.jvmstat jdk.attach jdk.charsets jdk.internal.opt jdk.zipfs jdk.compiler jdk.crypto.ec jdk.crypto.cryptoki jdk.dynalink jdk.internal.ed jdk.editpad jdk.hotspot.agent jdk.httpserver jdk.internal.le jdk.internal.vm.ci jdk.internal.vm.compiler jdk.internal.vm.compiler.management jdk.jartool jdk.javadoc jdk.jcmd jdk.management jdk.management.agent jdk.jconsole jdk.jdeps jdk.jdwp.agent jdk.jdi jdk.jfr jdk.jshell jdk.jsobject jdk.jstatd jdk.localedata jdk.management.jfr jdk.naming.dns jdk.naming.rmi jdk.net jdk.nio.mapmode jdk.random jdk.sctp jdk.security.auth jdk.security.jgss jdk.unsupported jdk.unsupported.desktop jdk.xml.dom"

Environment Variables:
PATH=/usr/bin:/bin:/usr/sbin:/sbin
SHELL=/bin/zsh
DISPLAY=/private/tmp/com.apple.launchd.3LvWJ9z903/org.xquartz:0
TMPDIR=/var/folders/s1/qjygxzzn1cj2t2wpj8zhqpkc0000gn/T/

Active Locale:
LC_ALL=C
LC_COLLATE=C
LC_CTYPE=C
LC_MESSAGES=C
LC_MONETARY=C
LC_NUMERIC=C
LC_TIME=C

Signal Handlers:
   SIGSEGV: crash_handler in libjvm.dylib, mask=11100110100111111111111111111111, flags=SA_ONSTACK|SA_RESTART|SA_SIGINFO, unblocked
    SIGBUS: crash_handler in libjvm.dylib, mask=11100110100111111111111111111111, flags=SA_RESTART|SA_SIGINFO, unblocked
    SIGFPE: crash_handler in libjvm.dylib, mask=11100110100111111111111111111111, flags=SA_RESTART|SA_SIGINFO, unblocked
   SIGPIPE: javaSignalHandler in libjvm.dylib, mask=11100110100111111111111111111111, flags=SA_RESTART|SA_SIGINFO, blocked
   SIGXFSZ: javaSignalHandler in libjvm.dylib, mask=11100110100111111111111111111111, flags=SA_RESTART|SA_SIGINFO, blocked
    SIGILL: crash_handler in libjvm.dylib, mask=11100110100111111111111111111111, flags=SA_RESTART|SA_SIGINFO, unblocked
   SIGUSR2: SR_handler in libjvm.dylib, mask=00000000000000000000000000000000, flags=SA_RESTART|SA_SIGINFO, blocked
    SIGHUP: UserHandler in libjvm.dylib, mask=11100110100111111111111111111111, flags=SA_RESTART|SA_SIGINFO, blocked
    SIGINT: UserHandler in libjvm.dylib, mask=11100110100111111111111111111111, flags=SA_RESTART|SA_SIGINFO, blocked
   SIGTERM: UserHandler in libjvm.dylib, mask=11100110100111111111111111111111, flags=SA_RESTART|SA_SIGINFO, blocked
   SIGQUIT: UserHandler in libjvm.dylib, mask=11100110100111111111111111111111, flags=SA_RESTART|SA_SIGINFO, blocked
   SIGTRAP: crash_handler in libjvm.dylib, mask=11100110100111111111111111111111, flags=SA_RESTART|SA_SIGINFO, unblocked


Periodic native trim disabled

---------------  S Y S T E M  ---------------

OS:
uname: Darwin 24.5.0 Darwin Kernel Version 24.5.0: Tue Apr 22 19:54:26 PDT 2025; root:xnu-11417.121.6~2/RELEASE_ARM64_T8112 x86_64
OS uptime: 38 days 20:49 hours
rlimit (soft/hard): STACK 8176k/65520k , CORE 0k/infinity , NPROC 1333/2000 , NOFILE 1048576/infinity , AS infinity/infinity , CPU infinity/infinity , DATA infinity/infinity , FSIZE infinity/infinity , MEMLOCK infinity/infinity , RSS infinity/infinity
load average: 14.83 14.31 11.28

CPU: (EMULATED) total 8 (initial active 8) (1 cores per cpu, 1 threads per core) family 6 model 44 stepping 0 microcode 0x0, cx8, cmov, fxsr, mmx, sse, sse2, sse3, ssse3, sse4.1, sse4.2, popcnt, tsc, tscinvbit, aes, clmul, clflush, rdtscp
machdep.cpu.brand_string:Apple M2
hw.cpufrequency:2400000000
hw.cpufrequency_min:2400000000
hw.cpufrequency_max:2400000000
hw.cachelinesize:64
hw.l1icachesize:131072
hw.l1dcachesize:65536
hw.l2cachesize:4194304

Memory: 4k page, physical 8388608k(33108k free), swap 14680064k(1135168k free)

vm_info: OpenJDK 64-Bit Server VM (21.0.9+10-LTS) for bsd-amd64 JRE (21.0.9+10-LTS), built on 2025-10-21T00:00:00Z by "admin" with clang Apple LLVM 15.0.0 (clang-1500.1.0.2.5)

END.
