#
# A fatal error has been detected by the Java Runtime Environment:
#
#  SIGSEGV (0xb) at pc=0x00007ff82169549a, pid=21677, tid=122547
#
# JRE version: OpenJDK Runtime Environment Temurin-21.0.9+10 (21.0.9+10) (build 21.0.9+10-LTS)
# Java VM: OpenJDK 64-Bit Server VM Temurin-21.0.9+10 (21.0.9+10-LTS, mixed mode, sharing, tiered, compressed oops, compressed class ptrs, g1 gc, bsd-amd64)
# Problematic frame:
# C  [CoreVideo+0x349a]  CVXTime::translateTime(CVTimeStamp const*, CVTimeStamp*) const+0x1a
#
# No core dump will be written. Core dumps have been disabled. To enable core dumping, try "ulimit -c unlimited" before starting Java again
#
# If you would like to submit a bug report, please visit:
#   https://github.com/adoptium/adoptium-support/issues
#

---------------  S U M M A R Y ------------

Command Line: -Dfile.encoding=UTF-8 -Dstdout.encoding=UTF-8 -Dstderr.encoding=UTF-8 --module-path=/Users/ashakulp/git/prison-break-game/bin -XX:+ShowCodeDetailsInExceptionMessages -Djdk.module.main=prison_break_simulator prison_break_simulator/main.Main

Host: "Mac14,7" x86_64 (EMULATED) 2400 MHz, 8 cores, 8G, Darwin 25.3.0, macOS 26.3.1 (25D2128)
Time: Fri Apr 17 14:03:51 2026 EDT elapsed time: 600.152086 seconds (0d 0h 10m 0s)

---------------  T H R E A D  ---------------

Current thread is native thread

Stack: [0x000000030560f000,0x000000030568f000],  sp=0x000000030568eca0,  free space=511k
Native frames: (J=compiled Java code, j=interpreted, Vv=VM code, C=native code)
C  [CoreVideo+0x349a]  CVXTime::translateTime(CVTimeStamp const*, CVTimeStamp*) const+0x1a
C  [CoreVideo+0x319b]  CVDisplayLink::calculateNextWakeUpTime(CVTimeStamp*, CVTimeStamp*, bool)+0x11f
C  [CoreVideo+0x2788]  CVDisplayLink::runIOThread()+0x186
C  [libsystem_pthread.dylib+0x5e4d]  _pthread_start+0x73
C  [libsystem_pthread.dylib+0x1857]  thread_start+0xf

siginfo: si_signo: 11 (SIGSEGV), si_code: 1 (SEGV_MAPERR), si_addr: 0x00005e7ce603bda8

Registers:
RAX=0x00005e7ce603bbf0, RBX=0x000000030568ee30, RCX=0x0000000000000000, RDX=0x000000030568ee30
RSP=0x000000030568eca0, RBP=0x000000030568ecd0, RSI=0x000000030568ece0, RDI=0x000060000168bbf0
R8 =0x0000000000000037, R9 =0x000000000000003c, R10=0x0000000000000018, R11=0x0000000000000020
R12=0x000000030568ee30, R13=0x000000030568ece0, R14=0x00007fd40e183220, R15=0x000060000168bbf0
RIP=0x00007ff82169549a, EFLAGS=0x0000000000000246, ERR=0x0000000000000004
  TRAPNO=0x000000000000000e


Top of Stack: (sp=0x000000030568eca0)
0x000000030568eca0:   0000000000fe502a 000000030568ee30
0x000000030568ecb0:   0000000000000000 000000030568ee98
0x000000030568ecc0:   00007fd40e183220 00007fd40e1832d8
0x000000030568ecd0:   000000030568ee20 00007ff82169519b
0x000000030568ece0:   3b9aca0000000000 00000f8bfec6dc92
0x000000030568ecf0:   00000f8bfd8d0cfe 3ff0000000000000
0x000000030568ed00:   0000000000fe502a 0000000000000000
0x000000030568ed10:   0000000000000000 0000000000000000
0x000000030568ed20:   0000000000000001 0000000000000000
0x000000030568ed30:   0000000000000001 000000000000003c
0x000000030568ed40:   00007fd40e183278 00000000ffffffff
0x000000030568ed50:   000000030568ede0 00007ff816b7a388
0x000000030568ed60:   0000000000000000 0000000000000000
0x000000030568ed70:   0000000000000000 0000030000000000
0x000000030568ed80:   0000000000000000 0000000000000000
0x000000030568ed90:   0000000000000000 0000000000000000
0x000000030568eda0:   0000000000000000 0000000000000000
0x000000030568edb0:   0000000000000000 0000000000000002
0x000000030568edc0:   0000000000000000 00007fd40e183220
0x000000030568edd0:   00007fd40e183418 00007ff816b75680
0x000000030568ede0:   000000000e183238 00007fd40e183400
0x000000030568edf0:   00000f8bff101e82 00007fd40e183220
0x000000030568ee00:   00007fd40e183318 000000030568ee98
0x000000030568ee10:   0000000000000000 00007fd40e1832d8
0x000000030568ee20:   000000030568efb0 00007ff821694788
0x000000030568ee30:   0000000000000000 0000000000000000
0x000000030568ee40:   0000000000000000 0000000000000000
0x000000030568ee50:   0000000000000000 0000000000000000
0x000000030568ee60:   0000000000000000 0000000000000000
0x000000030568ee70:   0000000000000013 0000000000000000
0x000000030568ee80:   0000000000000000 00007fd40e183238
0x000000030568ee90:   0000000000000000 0000000000000000 

Instructions: (pc=0x00007ff82169549a)
0x00007ff82169539a:   0f 85 46 fd ff ff e9 89 00 00 00 f2 0f 11 4d b8
0x00007ff8216953aa:   e8 ae 2a 05 00 f2 0f 10 4d b8 e9 30 ff ff ff f2
0x00007ff8216953ba:   4c 0f 2c d0 4d 8b 8e b8 01 00 00 48 8d 35 8b 6a
0x00007ff8216953ca:   05 00 bf 02 00 00 00 4c 89 f2 48 8b 4d d0 31 c0
0x00007ff8216953da:   41 52 41 ff b6 30 02 00 00 e8 d6 65 01 00 48 83
0x00007ff8216953ea:   c4 10 49 8b be 38 02 00 00 e8 6a f5 ff ff 49 8b
0x00007ff8216953fa:   be 38 02 00 00 e8 9e f5 ff ff 49 8b 06 4c 89 f7
0x00007ff82169540a:   48 8b 75 c8 ff 90 88 00 00 00 49 c7 86 30 02 00
0x00007ff82169541a:   00 00 00 00 00 49 8b 06 4c 89 f7 48 89 de ff 90
0x00007ff82169542a:   88 00 00 00 48 81 c4 18 01 00 00 5b 41 5c 41 5d
0x00007ff82169543a:   41 5e 41 5f 5d c3 55 48 89 e5 41 57 41 56 53 50
0x00007ff82169544a:   48 89 fb 4c 8d 77 18 4c 89 f7 e8 d3 52 05 00 4c
0x00007ff82169545a:   8b bb b8 01 00 00 48 8b 9b c0 01 00 00 4c 89 f7
0x00007ff82169546a:   e8 c3 52 05 00 4c 89 f8 48 89 da 48 83 c4 08 5b
0x00007ff82169547a:   41 5e 41 5f 5d c3 55 48 89 e5 41 57 41 56 41 55
0x00007ff82169548a:   41 54 53 50 49 89 d4 49 89 f5 49 89 ff 48 8b 07
0x00007ff82169549a:   4c 8b b0 b8 01 00 00 8b 98 c0 01 00 00 48 8b 4e
0x00007ff8216954aa:   08 4c 8b 46 10 4c 8b 4e 40 48 8d 35 4e 7a 06 00
0x00007ff8216954ba:   bf 05 00 00 00 4c 89 fa 31 c0 e8 f5 64 01 00 49
0x00007ff8216954ca:   8b 4c 24 08 4d 8b 44 24 10 4d 8b 4c 24 40 45 8b
0x00007ff8216954da:   54 24 04 f2 41 0f 10 44 24 18 48 8d 35 68 7a 06
0x00007ff8216954ea:   00 bf 05 00 00 00 4c 89 fa b0 01 41 ff 74 24 20
0x00007ff8216954fa:   41 52 e8 bd 64 01 00 48 83 c4 10 48 8d 35 d1 7a
0x00007ff82169550a:   06 00 bf 05 00 00 00 4c 89 fa 4c 89 f1 41 89 d8
0x00007ff82169551a:   31 c0 e8 9d 64 01 00 49 8b 4f 58 45 8b 47 50 48
0x00007ff82169552a:   8d 35 fc 7a 06 00 bf 05 00 00 00 4c 89 fa 31 c0
0x00007ff82169553a:   e8 7f 64 01 00 f2 41 0f 10 4f 10 0f 14 0d 04 98
0x00007ff82169554a:   06 00 66 0f 5c 0d 0c 98 06 00 f2 41 0f 10 47 48
0x00007ff82169555a:   66 0f 7c c9 48 8d 35 0a 7b 06 00 bf 05 00 00 00
0x00007ff82169556a:   4c 89 fa b0 02 e8 4a 64 01 00 4d 8b 4c 24 40 41
0x00007ff82169557a:   f6 c1 01 0f 84 94 00 00 00 49 8b 45 40 a8 01 75
0x00007ff82169558a:   08 a8 02 75 0a 31 c0 eb 7f 49 8b 45 08 eb 79 49 



---------------  P R O C E S S  ---------------

VM state: not at safepoint (normal execution)

VM Mutex/Monitor currently owned by a thread: None

Heap address: 0x0000000780000000, size: 2048 MB, Compressed Oops mode: Zero based, Oop shift amount: 3

CDS archive(s) mapped at: [0x0000000124000000-0x0000000124c97000-0x0000000124c97000), size 13201408, SharedBaseAddress: 0x0000000124000000, ArchiveRelocationMode: 1.
Compressed class space mapped at: 0x0000000125000000-0x0000000165000000, reserved size: 1073741824
Narrow klass base: 0x0000000124000000, Narrow klass shift: 0, Narrow klass range: 0x100000000

GC Precious Log:
<Skipped>

Heap:
 garbage-first heap   total 212992K, used 174905K [0x0000000780000000, 0x0000000800000000)
  region size 1024K, 59 young (60416K), 4 survivors (4096K)
 Metaspace       used 10568K, committed 10880K, reserved 1114112K
  class space    used 1108K, committed 1280K, reserved 1048576K

Heap Regions: E=young(eden), S=young(survivor), O=old, HS=humongous(starts), HC=humongous(continues), CS=collection set, F=free, TAMS=top-at-mark-start, PB=parsable bottom
|   0|0x0000000780000000, 0x0000000780100000, 0x0000000780100000|100%|HS|  |TAMS 0x0000000780000000| PB 0x0000000780000000| Complete 
|   1|0x0000000780100000, 0x0000000780200000, 0x0000000780200000|100%|HC|  |TAMS 0x0000000780100000| PB 0x0000000780100000| Complete 
|   2|0x0000000780200000, 0x0000000780300000, 0x0000000780300000|100%|HS|  |TAMS 0x0000000780200000| PB 0x0000000780200000| Complete 
|   3|0x0000000780300000, 0x0000000780400000, 0x0000000780400000|100%|HC|  |TAMS 0x0000000780300000| PB 0x0000000780300000| Complete 
|   4|0x0000000780400000, 0x0000000780500000, 0x0000000780500000|100%|HS|  |TAMS 0x0000000780400000| PB 0x0000000780400000| Complete 
|   5|0x0000000780500000, 0x0000000780600000, 0x0000000780600000|100%|HC|  |TAMS 0x0000000780500000| PB 0x0000000780500000| Complete 
|   6|0x0000000780600000, 0x0000000780700000, 0x0000000780700000|100%|HS|  |TAMS 0x0000000780600000| PB 0x0000000780600000| Complete 
|   7|0x0000000780700000, 0x0000000780800000, 0x0000000780800000|100%|HC|  |TAMS 0x0000000780700000| PB 0x0000000780700000| Complete 
|   8|0x0000000780800000, 0x0000000780900000, 0x0000000780900000|100%|HS|  |TAMS 0x0000000780800000| PB 0x0000000780800000| Complete 
|   9|0x0000000780900000, 0x0000000780a00000, 0x0000000780a00000|100%|HC|  |TAMS 0x0000000780900000| PB 0x0000000780900000| Complete 
|  10|0x0000000780a00000, 0x0000000780b00000, 0x0000000780b00000|100%|HS|  |TAMS 0x0000000780a00000| PB 0x0000000780a00000| Complete 
|  11|0x0000000780b00000, 0x0000000780c00000, 0x0000000780c00000|100%|HC|  |TAMS 0x0000000780b00000| PB 0x0000000780b00000| Complete 
|  12|0x0000000780c00000, 0x0000000780d00000, 0x0000000780d00000|100%|HS|  |TAMS 0x0000000780c00000| PB 0x0000000780c00000| Complete 
|  13|0x0000000780d00000, 0x0000000780e00000, 0x0000000780e00000|100%|HC|  |TAMS 0x0000000780d00000| PB 0x0000000780d00000| Complete 
|  14|0x0000000780e00000, 0x0000000780f00000, 0x0000000780f00000|100%|HS|  |TAMS 0x0000000780e00000| PB 0x0000000780e00000| Complete 
|  15|0x0000000780f00000, 0x0000000781000000, 0x0000000781000000|100%|HC|  |TAMS 0x0000000780f00000| PB 0x0000000780f00000| Complete 
|  16|0x0000000781000000, 0x0000000781100000, 0x0000000781100000|100%|HS|  |TAMS 0x0000000781000000| PB 0x0000000781000000| Complete 
|  17|0x0000000781100000, 0x0000000781200000, 0x0000000781200000|100%|HC|  |TAMS 0x0000000781100000| PB 0x0000000781100000| Complete 
|  18|0x0000000781200000, 0x0000000781300000, 0x0000000781300000|100%|HS|  |TAMS 0x0000000781200000| PB 0x0000000781200000| Complete 
|  19|0x0000000781300000, 0x0000000781400000, 0x0000000781400000|100%|HC|  |TAMS 0x0000000781300000| PB 0x0000000781300000| Complete 
|  20|0x0000000781400000, 0x0000000781500000, 0x0000000781500000|100%|HS|  |TAMS 0x0000000781400000| PB 0x0000000781400000| Complete 
|  21|0x0000000781500000, 0x0000000781600000, 0x0000000781600000|100%|HC|  |TAMS 0x0000000781500000| PB 0x0000000781500000| Complete 
|  22|0x0000000781600000, 0x0000000781700000, 0x0000000781700000|100%|HS|  |TAMS 0x0000000781600000| PB 0x0000000781600000| Complete 
|  23|0x0000000781700000, 0x0000000781800000, 0x0000000781800000|100%|HC|  |TAMS 0x0000000781700000| PB 0x0000000781700000| Complete 
|  24|0x0000000781800000, 0x0000000781900000, 0x0000000781900000|100%|HS|  |TAMS 0x0000000781800000| PB 0x0000000781800000| Complete 
|  25|0x0000000781900000, 0x0000000781a00000, 0x0000000781a00000|100%|HC|  |TAMS 0x0000000781900000| PB 0x0000000781900000| Complete 
|  26|0x0000000781a00000, 0x0000000781b00000, 0x0000000781b00000|100%|HS|  |TAMS 0x0000000781a00000| PB 0x0000000781a00000| Complete 
|  27|0x0000000781b00000, 0x0000000781c00000, 0x0000000781c00000|100%|HC|  |TAMS 0x0000000781b00000| PB 0x0000000781b00000| Complete 
|  28|0x0000000781c00000, 0x0000000781d00000, 0x0000000781d00000|100%|HS|  |TAMS 0x0000000781c00000| PB 0x0000000781c00000| Complete 
|  29|0x0000000781d00000, 0x0000000781e00000, 0x0000000781e00000|100%|HC|  |TAMS 0x0000000781d00000| PB 0x0000000781d00000| Complete 
|  30|0x0000000781e00000, 0x0000000781f00000, 0x0000000781f00000|100%|HS|  |TAMS 0x0000000781e00000| PB 0x0000000781e00000| Complete 
|  31|0x0000000781f00000, 0x0000000782000000, 0x0000000782000000|100%|HC|  |TAMS 0x0000000781f00000| PB 0x0000000781f00000| Complete 
|  32|0x0000000782000000, 0x0000000782100000, 0x0000000782100000|100%|HS|  |TAMS 0x0000000782000000| PB 0x0000000782000000| Complete 
|  33|0x0000000782100000, 0x0000000782200000, 0x0000000782200000|100%|HC|  |TAMS 0x0000000782100000| PB 0x0000000782100000| Complete 
|  34|0x0000000782200000, 0x0000000782300000, 0x0000000782300000|100%|HS|  |TAMS 0x0000000782200000| PB 0x0000000782200000| Complete 
|  35|0x0000000782300000, 0x0000000782400000, 0x0000000782400000|100%|HC|  |TAMS 0x0000000782300000| PB 0x0000000782300000| Complete 
|  36|0x0000000782400000, 0x0000000782500000, 0x0000000782500000|100%|HS|  |TAMS 0x0000000782400000| PB 0x0000000782400000| Complete 
|  37|0x0000000782500000, 0x0000000782600000, 0x0000000782600000|100%|HC|  |TAMS 0x0000000782500000| PB 0x0000000782500000| Complete 
|  38|0x0000000782600000, 0x0000000782700000, 0x0000000782700000|100%|HS|  |TAMS 0x0000000782600000| PB 0x0000000782600000| Complete 
|  39|0x0000000782700000, 0x0000000782800000, 0x0000000782800000|100%|HC|  |TAMS 0x0000000782700000| PB 0x0000000782700000| Complete 
|  40|0x0000000782800000, 0x0000000782900000, 0x0000000782900000|100%|HS|  |TAMS 0x0000000782800000| PB 0x0000000782800000| Complete 
|  41|0x0000000782900000, 0x0000000782a00000, 0x0000000782a00000|100%|HC|  |TAMS 0x0000000782900000| PB 0x0000000782900000| Complete 
|  42|0x0000000782a00000, 0x0000000782b00000, 0x0000000782b00000|100%|HS|  |TAMS 0x0000000782a00000| PB 0x0000000782a00000| Complete 
|  43|0x0000000782b00000, 0x0000000782c00000, 0x0000000782c00000|100%|HC|  |TAMS 0x0000000782b00000| PB 0x0000000782b00000| Complete 
|  44|0x0000000782c00000, 0x0000000782d00000, 0x0000000782d00000|100%|HS|  |TAMS 0x0000000782c00000| PB 0x0000000782c00000| Complete 
|  45|0x0000000782d00000, 0x0000000782e00000, 0x0000000782e00000|100%|HC|  |TAMS 0x0000000782d00000| PB 0x0000000782d00000| Complete 
|  46|0x0000000782e00000, 0x0000000782f00000, 0x0000000782f00000|100%|HS|  |TAMS 0x0000000782e00000| PB 0x0000000782e00000| Complete 
|  47|0x0000000782f00000, 0x0000000783000000, 0x0000000783000000|100%|HC|  |TAMS 0x0000000782f00000| PB 0x0000000782f00000| Complete 
|  48|0x0000000783000000, 0x0000000783100000, 0x0000000783100000|100%|HS|  |TAMS 0x0000000783000000| PB 0x0000000783000000| Complete 
|  49|0x0000000783100000, 0x0000000783200000, 0x0000000783200000|100%|HC|  |TAMS 0x0000000783100000| PB 0x0000000783100000| Complete 
|  50|0x0000000783200000, 0x0000000783200000, 0x0000000783300000|  0%| F|  |TAMS 0x0000000783200000| PB 0x0000000783200000| Untracked 
|  51|0x0000000783300000, 0x0000000783300000, 0x0000000783400000|  0%| F|  |TAMS 0x0000000783300000| PB 0x0000000783300000| Untracked 
|  52|0x0000000783400000, 0x0000000783500000, 0x0000000783500000|100%|HS|  |TAMS 0x0000000783400000| PB 0x0000000783400000| Complete 
|  53|0x0000000783500000, 0x0000000783600000, 0x0000000783600000|100%|HC|  |TAMS 0x0000000783500000| PB 0x0000000783500000| Complete 
|  54|0x0000000783600000, 0x0000000783700000, 0x0000000783700000|100%|HS|  |TAMS 0x0000000783600000| PB 0x0000000783600000| Complete 
|  55|0x0000000783700000, 0x0000000783800000, 0x0000000783800000|100%|HC|  |TAMS 0x0000000783700000| PB 0x0000000783700000| Complete 
|  56|0x0000000783800000, 0x0000000783900000, 0x0000000783900000|100%|HS|  |TAMS 0x0000000783800000| PB 0x0000000783800000| Complete 
|  57|0x0000000783900000, 0x0000000783a00000, 0x0000000783a00000|100%|HC|  |TAMS 0x0000000783900000| PB 0x0000000783900000| Complete 
|  58|0x0000000783a00000, 0x0000000783b00000, 0x0000000783b00000|100%|HS|  |TAMS 0x0000000783a00000| PB 0x0000000783a00000| Complete 
|  59|0x0000000783b00000, 0x0000000783c00000, 0x0000000783c00000|100%|HC|  |TAMS 0x0000000783b00000| PB 0x0000000783b00000| Complete 
|  60|0x0000000783c00000, 0x0000000783c00000, 0x0000000783d00000|  0%| F|  |TAMS 0x0000000783c00000| PB 0x0000000783c00000| Untracked 
|  61|0x0000000783d00000, 0x0000000783d00000, 0x0000000783e00000|  0%| F|  |TAMS 0x0000000783d00000| PB 0x0000000783d00000| Untracked 
|  62|0x0000000783e00000, 0x0000000783f00000, 0x0000000783f00000|100%|HS|  |TAMS 0x0000000783e00000| PB 0x0000000783e00000| Complete 
|  63|0x0000000783f00000, 0x0000000784000000, 0x0000000784000000|100%|HC|  |TAMS 0x0000000783f00000| PB 0x0000000783f00000| Complete 
|  64|0x0000000784000000, 0x0000000784000000, 0x0000000784100000|  0%| F|  |TAMS 0x0000000784000000| PB 0x0000000784000000| Untracked 
|  65|0x0000000784100000, 0x0000000784100000, 0x0000000784200000|  0%| F|  |TAMS 0x0000000784100000| PB 0x0000000784100000| Untracked 
|  66|0x0000000784200000, 0x0000000784248730, 0x0000000784300000| 28%| S|CS|TAMS 0x0000000784200000| PB 0x0000000784200000| Complete 
|  67|0x0000000784300000, 0x0000000784400000, 0x0000000784400000|100%|HS|  |TAMS 0x0000000784300000| PB 0x0000000784300000| Complete 
|  68|0x0000000784400000, 0x0000000784500000, 0x0000000784500000|100%|HC|  |TAMS 0x0000000784400000| PB 0x0000000784400000| Complete 
|  69|0x0000000784500000, 0x0000000784600000, 0x0000000784600000|100%| S|CS|TAMS 0x0000000784500000| PB 0x0000000784500000| Complete 
|  70|0x0000000784600000, 0x0000000784700000, 0x0000000784700000|100%| S|CS|TAMS 0x0000000784600000| PB 0x0000000784600000| Complete 
|  71|0x0000000784700000, 0x0000000784800000, 0x0000000784800000|100%|HS|  |TAMS 0x0000000784700000| PB 0x0000000784700000| Complete 
|  72|0x0000000784800000, 0x0000000784900000, 0x0000000784900000|100%|HC|  |TAMS 0x0000000784800000| PB 0x0000000784800000| Complete 
|  73|0x0000000784900000, 0x0000000784a00000, 0x0000000784a00000|100%|HS|  |TAMS 0x0000000784900000| PB 0x0000000784900000| Complete 
|  74|0x0000000784a00000, 0x0000000784b00000, 0x0000000784b00000|100%|HC|  |TAMS 0x0000000784a00000| PB 0x0000000784a00000| Complete 
|  75|0x0000000784b00000, 0x0000000784c00000, 0x0000000784c00000|100%|HC|  |TAMS 0x0000000784b00000| PB 0x0000000784b00000| Complete 
|  76|0x0000000784c00000, 0x0000000784d00000, 0x0000000784d00000|100%|HC|  |TAMS 0x0000000784c00000| PB 0x0000000784c00000| Complete 
|  77|0x0000000784d00000, 0x0000000784e00000, 0x0000000784e00000|100%|HC|  |TAMS 0x0000000784d00000| PB 0x0000000784d00000| Complete 
|  78|0x0000000784e00000, 0x0000000784f00000, 0x0000000784f00000|100%|HC|  |TAMS 0x0000000784e00000| PB 0x0000000784e00000| Complete 
|  79|0x0000000784f00000, 0x0000000785000000, 0x0000000785000000|100%|HC|  |TAMS 0x0000000784f00000| PB 0x0000000784f00000| Complete 
|  80|0x0000000785000000, 0x0000000785100000, 0x0000000785100000|100%|HC|  |TAMS 0x0000000785000000| PB 0x0000000785000000| Complete 
|  81|0x0000000785100000, 0x0000000785200000, 0x0000000785200000|100%|HC|  |TAMS 0x0000000785100000| PB 0x0000000785100000| Complete 
|  82|0x0000000785200000, 0x0000000785300000, 0x0000000785300000|100%|HC|  |TAMS 0x0000000785200000| PB 0x0000000785200000| Complete 
|  83|0x0000000785300000, 0x0000000785400000, 0x0000000785400000|100%|HC|  |TAMS 0x0000000785300000| PB 0x0000000785300000| Complete 
|  84|0x0000000785400000, 0x0000000785500000, 0x0000000785500000|100%|HC|  |TAMS 0x0000000785400000| PB 0x0000000785400000| Complete 
|  85|0x0000000785500000, 0x0000000785600000, 0x0000000785600000|100%|HC|  |TAMS 0x0000000785500000| PB 0x0000000785500000| Complete 
|  86|0x0000000785600000, 0x0000000785700000, 0x0000000785700000|100%|HC|  |TAMS 0x0000000785600000| PB 0x0000000785600000| Complete 
|  87|0x0000000785700000, 0x0000000785800000, 0x0000000785800000|100%|HC|  |TAMS 0x0000000785700000| PB 0x0000000785700000| Complete 
|  88|0x0000000785800000, 0x0000000785900000, 0x0000000785900000|100%|HC|  |TAMS 0x0000000785800000| PB 0x0000000785800000| Complete 
|  89|0x0000000785900000, 0x0000000785a00000, 0x0000000785a00000|100%|HS|  |TAMS 0x0000000785900000| PB 0x0000000785900000| Complete 
|  90|0x0000000785a00000, 0x0000000785b00000, 0x0000000785b00000|100%|HC|  |TAMS 0x0000000785a00000| PB 0x0000000785a00000| Complete 
|  91|0x0000000785b00000, 0x0000000785c00000, 0x0000000785c00000|100%|HC|  |TAMS 0x0000000785b00000| PB 0x0000000785b00000| Complete 
|  92|0x0000000785c00000, 0x0000000785d00000, 0x0000000785d00000|100%|HC|  |TAMS 0x0000000785c00000| PB 0x0000000785c00000| Complete 
|  93|0x0000000785d00000, 0x0000000785e00000, 0x0000000785e00000|100%|HC|  |TAMS 0x0000000785d00000| PB 0x0000000785d00000| Complete 
|  94|0x0000000785e00000, 0x0000000785f00000, 0x0000000785f00000|100%|HC|  |TAMS 0x0000000785e00000| PB 0x0000000785e00000| Complete 
|  95|0x0000000785f00000, 0x0000000786000000, 0x0000000786000000|100%|HC|  |TAMS 0x0000000785f00000| PB 0x0000000785f00000| Complete 
|  96|0x0000000786000000, 0x0000000786100000, 0x0000000786100000|100%|HC|  |TAMS 0x0000000786000000| PB 0x0000000786000000| Complete 
|  97|0x0000000786100000, 0x0000000786200000, 0x0000000786200000|100%|HC|  |TAMS 0x0000000786100000| PB 0x0000000786100000| Complete 
|  98|0x0000000786200000, 0x0000000786300000, 0x0000000786300000|100%|HC|  |TAMS 0x0000000786200000| PB 0x0000000786200000| Complete 
|  99|0x0000000786300000, 0x0000000786400000, 0x0000000786400000|100%|HC|  |TAMS 0x0000000786300000| PB 0x0000000786300000| Complete 
| 100|0x0000000786400000, 0x0000000786500000, 0x0000000786500000|100%|HC|  |TAMS 0x0000000786400000| PB 0x0000000786400000| Complete 
| 101|0x0000000786500000, 0x0000000786600000, 0x0000000786600000|100%|HC|  |TAMS 0x0000000786500000| PB 0x0000000786500000| Complete 
| 102|0x0000000786600000, 0x0000000786700000, 0x0000000786700000|100%|HC|  |TAMS 0x0000000786600000| PB 0x0000000786600000| Complete 
| 103|0x0000000786700000, 0x0000000786800000, 0x0000000786800000|100%|HC|  |TAMS 0x0000000786700000| PB 0x0000000786700000| Complete 
| 104|0x0000000786800000, 0x0000000786900000, 0x0000000786900000|100%|HC|  |TAMS 0x0000000786800000| PB 0x0000000786800000| Complete 
| 105|0x0000000786900000, 0x0000000786a00000, 0x0000000786a00000|100%|HS|  |TAMS 0x0000000786900000| PB 0x0000000786900000| Complete 
| 106|0x0000000786a00000, 0x0000000786b00000, 0x0000000786b00000|100%|HC|  |TAMS 0x0000000786a00000| PB 0x0000000786a00000| Complete 
| 107|0x0000000786b00000, 0x0000000786c00000, 0x0000000786c00000|100%|HC|  |TAMS 0x0000000786b00000| PB 0x0000000786b00000| Complete 
| 108|0x0000000786c00000, 0x0000000786d00000, 0x0000000786d00000|100%|HC|  |TAMS 0x0000000786c00000| PB 0x0000000786c00000| Complete 
| 109|0x0000000786d00000, 0x0000000786e00000, 0x0000000786e00000|100%|HC|  |TAMS 0x0000000786d00000| PB 0x0000000786d00000| Complete 
| 110|0x0000000786e00000, 0x0000000786f00000, 0x0000000786f00000|100%|HC|  |TAMS 0x0000000786e00000| PB 0x0000000786e00000| Complete 
| 111|0x0000000786f00000, 0x0000000787000000, 0x0000000787000000|100%|HC|  |TAMS 0x0000000786f00000| PB 0x0000000786f00000| Complete 
| 112|0x0000000787000000, 0x0000000787100000, 0x0000000787100000|100%|HC|  |TAMS 0x0000000787000000| PB 0x0000000787000000| Complete 
| 113|0x0000000787100000, 0x0000000787200000, 0x0000000787200000|100%|HC|  |TAMS 0x0000000787100000| PB 0x0000000787100000| Complete 
| 114|0x0000000787200000, 0x0000000787300000, 0x0000000787300000|100%|HC|  |TAMS 0x0000000787200000| PB 0x0000000787200000| Complete 
| 115|0x0000000787300000, 0x0000000787400000, 0x0000000787400000|100%|HC|  |TAMS 0x0000000787300000| PB 0x0000000787300000| Complete 
| 116|0x0000000787400000, 0x0000000787500000, 0x0000000787500000|100%|HC|  |TAMS 0x0000000787400000| PB 0x0000000787400000| Complete 
| 117|0x0000000787500000, 0x0000000787600000, 0x0000000787600000|100%|HC|  |TAMS 0x0000000787500000| PB 0x0000000787500000| Complete 
| 118|0x0000000787600000, 0x0000000787700000, 0x0000000787700000|100%|HC|  |TAMS 0x0000000787600000| PB 0x0000000787600000| Complete 
| 119|0x0000000787700000, 0x0000000787800000, 0x0000000787800000|100%|HC|  |TAMS 0x0000000787700000| PB 0x0000000787700000| Complete 
| 120|0x0000000787800000, 0x0000000787900000, 0x0000000787900000|100%|HC|  |TAMS 0x0000000787800000| PB 0x0000000787800000| Complete 
| 121|0x0000000787900000, 0x0000000787a00000, 0x0000000787a00000|100%| S|CS|TAMS 0x0000000787900000| PB 0x0000000787900000| Complete 
| 122|0x0000000787a00000, 0x0000000787a00000, 0x0000000787b00000|  0%| F|  |TAMS 0x0000000787a00000| PB 0x0000000787a00000| Untracked 
| 123|0x0000000787b00000, 0x0000000787b00000, 0x0000000787c00000|  0%| F|  |TAMS 0x0000000787b00000| PB 0x0000000787b00000| Untracked 
| 124|0x0000000787c00000, 0x0000000787c00000, 0x0000000787d00000|  0%| F|  |TAMS 0x0000000787c00000| PB 0x0000000787c00000| Untracked 
| 125|0x0000000787d00000, 0x0000000787d00000, 0x0000000787e00000|  0%| F|  |TAMS 0x0000000787d00000| PB 0x0000000787d00000| Untracked 
| 126|0x0000000787e00000, 0x0000000787e00000, 0x0000000787f00000|  0%| F|  |TAMS 0x0000000787e00000| PB 0x0000000787e00000| Untracked 
| 127|0x0000000787f00000, 0x0000000787f00000, 0x0000000788000000|  0%| F|  |TAMS 0x0000000787f00000| PB 0x0000000787f00000| Untracked 
| 128|0x0000000788000000, 0x0000000788000000, 0x0000000788100000|  0%| F|  |TAMS 0x0000000788000000| PB 0x0000000788000000| Untracked 
| 129|0x0000000788100000, 0x0000000788100000, 0x0000000788200000|  0%| F|  |TAMS 0x0000000788100000| PB 0x0000000788100000| Untracked 
| 130|0x0000000788200000, 0x0000000788200000, 0x0000000788300000|  0%| F|  |TAMS 0x0000000788200000| PB 0x0000000788200000| Untracked 
| 131|0x0000000788300000, 0x0000000788300000, 0x0000000788400000|  0%| F|  |TAMS 0x0000000788300000| PB 0x0000000788300000| Untracked 
| 132|0x0000000788400000, 0x0000000788400000, 0x0000000788500000|  0%| F|  |TAMS 0x0000000788400000| PB 0x0000000788400000| Untracked 
| 133|0x0000000788500000, 0x0000000788500000, 0x0000000788600000|  0%| F|  |TAMS 0x0000000788500000| PB 0x0000000788500000| Untracked 
| 134|0x0000000788600000, 0x0000000788600000, 0x0000000788700000|  0%| F|  |TAMS 0x0000000788600000| PB 0x0000000788600000| Untracked 
| 135|0x0000000788700000, 0x0000000788700000, 0x0000000788800000|  0%| F|  |TAMS 0x0000000788700000| PB 0x0000000788700000| Untracked 
| 136|0x0000000788800000, 0x0000000788800000, 0x0000000788900000|  0%| F|  |TAMS 0x0000000788800000| PB 0x0000000788800000| Untracked 
| 137|0x0000000788900000, 0x0000000788900000, 0x0000000788a00000|  0%| F|  |TAMS 0x0000000788900000| PB 0x0000000788900000| Untracked 
| 138|0x0000000788a00000, 0x0000000788a00000, 0x0000000788b00000|  0%| F|  |TAMS 0x0000000788a00000| PB 0x0000000788a00000| Untracked 
| 139|0x0000000788b00000, 0x0000000788b00000, 0x0000000788c00000|  0%| F|  |TAMS 0x0000000788b00000| PB 0x0000000788b00000| Untracked 
| 140|0x0000000788c00000, 0x0000000788c00000, 0x0000000788d00000|  0%| F|  |TAMS 0x0000000788c00000| PB 0x0000000788c00000| Untracked 
| 141|0x0000000788d00000, 0x0000000788d00000, 0x0000000788e00000|  0%| F|  |TAMS 0x0000000788d00000| PB 0x0000000788d00000| Untracked 
| 142|0x0000000788e00000, 0x0000000788e00000, 0x0000000788f00000|  0%| F|  |TAMS 0x0000000788e00000| PB 0x0000000788e00000| Untracked 
| 143|0x0000000788f00000, 0x0000000788f00000, 0x0000000789000000|  0%| F|  |TAMS 0x0000000788f00000| PB 0x0000000788f00000| Untracked 
| 144|0x0000000789000000, 0x0000000789000000, 0x0000000789100000|  0%| F|  |TAMS 0x0000000789000000| PB 0x0000000789000000| Untracked 
| 145|0x0000000789100000, 0x0000000789100000, 0x0000000789200000|  0%| F|  |TAMS 0x0000000789100000| PB 0x0000000789100000| Untracked 
| 146|0x0000000789200000, 0x0000000789200000, 0x0000000789300000|  0%| F|  |TAMS 0x0000000789200000| PB 0x0000000789200000| Untracked 
| 147|0x0000000789300000, 0x0000000789300000, 0x0000000789400000|  0%| F|  |TAMS 0x0000000789300000| PB 0x0000000789300000| Untracked 
| 148|0x0000000789400000, 0x0000000789400000, 0x0000000789500000|  0%| F|  |TAMS 0x0000000789400000| PB 0x0000000789400000| Untracked 
| 149|0x0000000789500000, 0x0000000789500000, 0x0000000789600000|  0%| F|  |TAMS 0x0000000789500000| PB 0x0000000789500000| Untracked 
| 150|0x0000000789600000, 0x0000000789600000, 0x0000000789700000|  0%| F|  |TAMS 0x0000000789600000| PB 0x0000000789600000| Untracked 
| 151|0x0000000789700000, 0x0000000789780000, 0x0000000789800000| 50%| E|  |TAMS 0x0000000789700000| PB 0x0000000789700000| Complete 
| 152|0x0000000789800000, 0x0000000789900000, 0x0000000789900000|100%| E|CS|TAMS 0x0000000789800000| PB 0x0000000789800000| Complete 
| 153|0x0000000789900000, 0x0000000789a00000, 0x0000000789a00000|100%| E|CS|TAMS 0x0000000789900000| PB 0x0000000789900000| Complete 
| 154|0x0000000789a00000, 0x0000000789b00000, 0x0000000789b00000|100%| E|CS|TAMS 0x0000000789a00000| PB 0x0000000789a00000| Complete 
| 155|0x0000000789b00000, 0x0000000789c00000, 0x0000000789c00000|100%| E|CS|TAMS 0x0000000789b00000| PB 0x0000000789b00000| Complete 
| 156|0x0000000789c00000, 0x0000000789d00000, 0x0000000789d00000|100%| E|CS|TAMS 0x0000000789c00000| PB 0x0000000789c00000| Complete 
| 157|0x0000000789d00000, 0x0000000789e00000, 0x0000000789e00000|100%| E|CS|TAMS 0x0000000789d00000| PB 0x0000000789d00000| Complete 
| 158|0x0000000789e00000, 0x0000000789f00000, 0x0000000789f00000|100%| E|CS|TAMS 0x0000000789e00000| PB 0x0000000789e00000| Complete 
| 159|0x0000000789f00000, 0x000000078a000000, 0x000000078a000000|100%| E|CS|TAMS 0x0000000789f00000| PB 0x0000000789f00000| Complete 
| 160|0x000000078a000000, 0x000000078a100000, 0x000000078a100000|100%| E|CS|TAMS 0x000000078a000000| PB 0x000000078a000000| Complete 
| 161|0x000000078a100000, 0x000000078a200000, 0x000000078a200000|100%| E|CS|TAMS 0x000000078a100000| PB 0x000000078a100000| Complete 
| 162|0x000000078a200000, 0x000000078a300000, 0x000000078a300000|100%| E|CS|TAMS 0x000000078a200000| PB 0x000000078a200000| Complete 
| 163|0x000000078a300000, 0x000000078a400000, 0x000000078a400000|100%| E|CS|TAMS 0x000000078a300000| PB 0x000000078a300000| Complete 
| 164|0x000000078a400000, 0x000000078a500000, 0x000000078a500000|100%| E|CS|TAMS 0x000000078a400000| PB 0x000000078a400000| Complete 
| 165|0x000000078a500000, 0x000000078a600000, 0x000000078a600000|100%| E|CS|TAMS 0x000000078a500000| PB 0x000000078a500000| Complete 
| 166|0x000000078a600000, 0x000000078a700000, 0x000000078a700000|100%| E|CS|TAMS 0x000000078a600000| PB 0x000000078a600000| Complete 
| 167|0x000000078a700000, 0x000000078a800000, 0x000000078a800000|100%| E|CS|TAMS 0x000000078a700000| PB 0x000000078a700000| Complete 
| 168|0x000000078a800000, 0x000000078a900000, 0x000000078a900000|100%| E|CS|TAMS 0x000000078a800000| PB 0x000000078a800000| Complete 
| 169|0x000000078a900000, 0x000000078aa00000, 0x000000078aa00000|100%| E|CS|TAMS 0x000000078a900000| PB 0x000000078a900000| Complete 
| 170|0x000000078aa00000, 0x000000078ab00000, 0x000000078ab00000|100%| E|CS|TAMS 0x000000078aa00000| PB 0x000000078aa00000| Complete 
| 171|0x000000078ab00000, 0x000000078ac00000, 0x000000078ac00000|100%| E|CS|TAMS 0x000000078ab00000| PB 0x000000078ab00000| Complete 
| 172|0x000000078ac00000, 0x000000078ad00000, 0x000000078ad00000|100%| E|CS|TAMS 0x000000078ac00000| PB 0x000000078ac00000| Complete 
| 173|0x000000078ad00000, 0x000000078ae00000, 0x000000078ae00000|100%| E|CS|TAMS 0x000000078ad00000| PB 0x000000078ad00000| Complete 
| 174|0x000000078ae00000, 0x000000078af00000, 0x000000078af00000|100%| E|CS|TAMS 0x000000078ae00000| PB 0x000000078ae00000| Complete 
| 175|0x000000078af00000, 0x000000078b000000, 0x000000078b000000|100%| E|CS|TAMS 0x000000078af00000| PB 0x000000078af00000| Complete 
| 176|0x000000078b000000, 0x000000078b100000, 0x000000078b100000|100%| E|CS|TAMS 0x000000078b000000| PB 0x000000078b000000| Complete 
| 177|0x000000078b100000, 0x000000078b200000, 0x000000078b200000|100%| E|CS|TAMS 0x000000078b100000| PB 0x000000078b100000| Complete 
| 178|0x000000078b200000, 0x000000078b300000, 0x000000078b300000|100%| E|CS|TAMS 0x000000078b200000| PB 0x000000078b200000| Complete 
| 179|0x000000078b300000, 0x000000078b400000, 0x000000078b400000|100%| E|CS|TAMS 0x000000078b300000| PB 0x000000078b300000| Complete 
| 180|0x000000078b400000, 0x000000078b500000, 0x000000078b500000|100%| E|CS|TAMS 0x000000078b400000| PB 0x000000078b400000| Complete 
| 181|0x000000078b500000, 0x000000078b600000, 0x000000078b600000|100%| E|CS|TAMS 0x000000078b500000| PB 0x000000078b500000| Complete 
| 182|0x000000078b600000, 0x000000078b700000, 0x000000078b700000|100%| E|CS|TAMS 0x000000078b600000| PB 0x000000078b600000| Complete 
| 183|0x000000078b700000, 0x000000078b800000, 0x000000078b800000|100%| E|CS|TAMS 0x000000078b700000| PB 0x000000078b700000| Complete 
| 184|0x000000078b800000, 0x000000078b900000, 0x000000078b900000|100%| E|CS|TAMS 0x000000078b800000| PB 0x000000078b800000| Complete 
| 185|0x000000078b900000, 0x000000078ba00000, 0x000000078ba00000|100%| E|CS|TAMS 0x000000078b900000| PB 0x000000078b900000| Complete 
| 186|0x000000078ba00000, 0x000000078bb00000, 0x000000078bb00000|100%| E|CS|TAMS 0x000000078ba00000| PB 0x000000078ba00000| Complete 
| 187|0x000000078bb00000, 0x000000078bc00000, 0x000000078bc00000|100%| E|CS|TAMS 0x000000078bb00000| PB 0x000000078bb00000| Complete 
| 188|0x000000078bc00000, 0x000000078bd00000, 0x000000078bd00000|100%| E|CS|TAMS 0x000000078bc00000| PB 0x000000078bc00000| Complete 
| 189|0x000000078bd00000, 0x000000078be00000, 0x000000078be00000|100%| E|CS|TAMS 0x000000078bd00000| PB 0x000000078bd00000| Complete 
| 190|0x000000078be00000, 0x000000078bf00000, 0x000000078bf00000|100%| E|CS|TAMS 0x000000078be00000| PB 0x000000078be00000| Complete 
| 191|0x000000078bf00000, 0x000000078c000000, 0x000000078c000000|100%| E|CS|TAMS 0x000000078bf00000| PB 0x000000078bf00000| Complete 
| 192|0x000000078c000000, 0x000000078c100000, 0x000000078c100000|100%| E|CS|TAMS 0x000000078c000000| PB 0x000000078c000000| Complete 
| 193|0x000000078c100000, 0x000000078c200000, 0x000000078c200000|100%| E|CS|TAMS 0x000000078c100000| PB 0x000000078c100000| Complete 
| 194|0x000000078c200000, 0x000000078c300000, 0x000000078c300000|100%| E|CS|TAMS 0x000000078c200000| PB 0x000000078c200000| Complete 
| 195|0x000000078c300000, 0x000000078c400000, 0x000000078c400000|100%| E|CS|TAMS 0x000000078c300000| PB 0x000000078c300000| Complete 
| 196|0x000000078c400000, 0x000000078c500000, 0x000000078c500000|100%| E|CS|TAMS 0x000000078c400000| PB 0x000000078c400000| Complete 
| 197|0x000000078c500000, 0x000000078c600000, 0x000000078c600000|100%| E|CS|TAMS 0x000000078c500000| PB 0x000000078c500000| Complete 
| 198|0x000000078c600000, 0x000000078c700000, 0x000000078c700000|100%| E|CS|TAMS 0x000000078c600000| PB 0x000000078c600000| Complete 
| 199|0x000000078c700000, 0x000000078c800000, 0x000000078c800000|100%| E|CS|TAMS 0x000000078c700000| PB 0x000000078c700000| Complete 
| 200|0x000000078c800000, 0x000000078c900000, 0x000000078c900000|100%| E|CS|TAMS 0x000000078c800000| PB 0x000000078c800000| Complete 
| 201|0x000000078c900000, 0x000000078ca00000, 0x000000078ca00000|100%| E|CS|TAMS 0x000000078c900000| PB 0x000000078c900000| Complete 
| 202|0x000000078ca00000, 0x000000078cb00000, 0x000000078cb00000|100%| E|CS|TAMS 0x000000078ca00000| PB 0x000000078ca00000| Complete 
| 203|0x000000078cb00000, 0x000000078cc00000, 0x000000078cc00000|100%| E|CS|TAMS 0x000000078cb00000| PB 0x000000078cb00000| Complete 
| 204|0x000000078cc00000, 0x000000078cd00000, 0x000000078cd00000|100%| E|CS|TAMS 0x000000078cc00000| PB 0x000000078cc00000| Complete 
| 205|0x000000078cd00000, 0x000000078ce00000, 0x000000078ce00000|100%| E|CS|TAMS 0x000000078cd00000| PB 0x000000078cd00000| Complete 
|2046|0x00000007ffe00000, 0x00000007fff00000, 0x00000007fff00000|100%| O|  |TAMS 0x00000007ffe00000| PB 0x00000007ffe00000| Untracked 
|2047|0x00000007fff00000, 0x00000007fff05fc8, 0x0000000800000000|  2%| O|Cm|TAMS 0x00000007fff00000| PB 0x00000007fff00000| Complete 

Card table byte_map: [0x0000000109204000,0x0000000109604000] _byte_map_base: 0x0000000105604000

Marking Bits: (CMBitMap*) 0x00007fd40e009610
 Bits: [0x000000011f4d6000, 0x00000001214d6000)

Polling page: 0x0000000108acd000

Metaspace:

Usage:
  Non-class:      9.24 MB used.
      Class:      1.08 MB used.
       Both:     10.32 MB used.

Virtual space:
  Non-class space:       64.00 MB reserved,       9.38 MB ( 15%) committed,  1 nodes.
      Class space:        1.00 GB reserved,       1.25 MB ( <1%) committed,  1 nodes.
             Both:        1.06 GB reserved,      10.62 MB ( <1%) committed. 

Chunk freelists:
   Non-Class:  6.45 MB
       Class:  14.74 MB
        Both:  21.20 MB

MaxMetaspaceSize: unlimited
CompressedClassSpaceSize: 1.00 GB
Initial GC threshold: 21.00 MB
Current GC threshold: 21.00 MB
CDS: on
 - commit_granule_bytes: 65536.
 - commit_granule_words: 8192.
 - virtual_space_node_default_size: 8388608.
 - enlarge_chunks_in_place: 1.
 - use_allocation_guard: 0.


Internal statistics:

num_allocs_failed_limit: 0.
num_arena_births: 202.
num_arena_deaths: 0.
num_vsnodes_births: 2.
num_vsnodes_deaths: 0.
num_space_committed: 170.
num_space_uncommitted: 0.
num_chunks_returned_to_freelist: 0.
num_chunks_taken_from_freelist: 256.
num_chunk_merges: 0.
num_chunk_splits: 159.
num_chunks_enlarged: 80.
num_inconsistent_stats: 0.

CodeHeap 'non-profiled nmethods': size=120028Kb used=2184Kb max_used=2184Kb free=117843Kb
 bounds [0x0000000117f9f000, 0x000000011820f000, 0x000000011f4d6000]
CodeHeap 'profiled nmethods': size=120028Kb used=5454Kb max_used=5454Kb free=114574Kb
 bounds [0x00000001104d6000, 0x0000000110a36000, 0x0000000117a0d000]
CodeHeap 'non-nmethods': size=5704Kb used=1599Kb max_used=1638Kb free=4105Kb
 bounds [0x0000000117a0d000, 0x0000000117c7d000, 0x0000000117f9f000]
CodeCache: size=245760Kb, used=9237Kb, max_used=9276Kb, free=236522Kb
 total_blobs=3661, nmethods=2986, adapters=581, full_count=0
Compilation: enabled, stopped_count=0, restarted_count=0

Compilation events (20 events):
Event: 404.492 Thread 0x00007fd40e820600 2977   !   3       java.awt.KeyboardFocusManager::retargetFocusLost (280 bytes)
Event: 404.494 Thread 0x00007fd40e820600 nmethod 2977 0x0000000110a21c10 code [0x0000000110a220c0, 0x0000000110a24348]
Event: 404.494 Thread 0x00007fd40e820600 2978   !   3       java.awt.KeyboardFocusManager::retargetFocusGained (300 bytes)
Event: 404.497 Thread 0x00007fd40e820600 nmethod 2978 0x0000000110a25290 code [0x0000000110a257a0, 0x0000000110a28250]
Event: 406.740 Thread 0x00007fd40e815a00 2979   !   4       java.awt.KeyboardFocusManager::getGlobalFocusOwner (20 bytes)
Event: 406.744 Thread 0x00007fd40e815a00 nmethod 2979 0x00000001181b2210 code [0x00000001181b23e0, 0x00000001181b27c0]
Event: 425.024 Thread 0x00007fd40e815a00 2981   !   4       javax.swing.RepaintManager::validateInvalidComponents (107 bytes)
Event: 425.043 Thread 0x00007fd40e815a00 nmethod 2981 0x00000001181b2990 code [0x00000001181b2b80, 0x00000001181b3190]
Event: 425.043 Thread 0x00007fd40e815a00 2980   !   4       javax.swing.RepaintManager::scheduleHeavyWeightPaints (193 bytes)
Event: 425.059 Thread 0x00007fd40e815a00 nmethod 2980 0x00000001181b3590 code [0x00000001181b37c0, 0x00000001181b4138]
Event: 452.935 Thread 0x00007fd40e820600 2982       3       java.util.PriorityQueue::peek (7 bytes)
Event: 452.944 Thread 0x00007fd40e820600 nmethod 2982 0x0000000110a29490 code [0x0000000110a29620, 0x0000000110a29758]
Event: 452.944 Thread 0x00007fd40e820600 2983       1       javax.swing.TimerQueue$DelayedTimer::getTimer (5 bytes)
Event: 452.945 Thread 0x00007fd40e820600 nmethod 2983 0x00000001181b4610 code [0x00000001181b47a0, 0x00000001181b4868]
Event: 517.285 Thread 0x00007fd40e815a00 2984   !   4       java.awt.EventQueue::postEventPrivate (104 bytes)
Event: 517.453 Thread 0x00007fd40e815a00 nmethod 2984 0x00000001181b4910 code [0x00000001181b4ca0, 0x00000001181b7038]
Event: 581.082 Thread 0x00007fd40e815a00 2985   !   4       javax.swing.RepaintManager$ProcessingRunnable::run (41 bytes)
Event: 581.373 Thread 0x00007fd40e815a00 nmethod 2985 0x00000001181b7f10 code [0x00000001181b84c0, 0x00000001181bcd00]
Event: 586.635 Thread 0x00007fd40e815a00 2986       4       sun.java2d.pipe.RenderQueue::unlock (4 bytes)
Event: 586.657 Thread 0x00007fd40e815a00 nmethod 2986 0x00000001181c0d10 code [0x00000001181c0ee0, 0x00000001181c1178]

GC Heap History (20 events):
Event: 3.797 GC heap before
{Heap before GC invocations=3 (full 0):
 garbage-first heap   total 133120K, used 71275K [0x0000000780000000, 0x0000000800000000)
  region size 1024K, 14 young (14336K), 2 survivors (2048K)
 Metaspace       used 6605K, committed 6784K, reserved 1114112K
  class space    used 718K, committed 832K, reserved 1048576K
}
Event: 3.800 GC heap after
{Heap after GC invocations=4 (full 0):
 garbage-first heap   total 133120K, used 57819K [0x0000000780000000, 0x0000000800000000)
  region size 1024K, 2 young (2048K), 2 survivors (2048K)
 Metaspace       used 6605K, committed 6784K, reserved 1114112K
  class space    used 718K, committed 832K, reserved 1048576K
}
Event: 3.861 GC heap before
{Heap before GC invocations=4 (full 0):
 garbage-first heap   total 133120K, used 61915K [0x0000000780000000, 0x0000000800000000)
  region size 1024K, 5 young (5120K), 2 survivors (2048K)
 Metaspace       used 6614K, committed 6848K, reserved 1114112K
  class space    used 718K, committed 832K, reserved 1048576K
}
Event: 3.864 GC heap after
{Heap after GC invocations=5 (full 0):
 garbage-first heap   total 133120K, used 47666K [0x0000000780000000, 0x0000000800000000)
  region size 1024K, 2 young (2048K), 2 survivors (2048K)
 Metaspace       used 6614K, committed 6848K, reserved 1114112K
  class space    used 718K, committed 832K, reserved 1048576K
}
Event: 3.932 GC heap before
{Heap before GC invocations=5 (full 0):
 garbage-first heap   total 133120K, used 66098K [0x0000000780000000, 0x0000000800000000)
  region size 1024K, 9 young (9216K), 2 survivors (2048K)
 Metaspace       used 6614K, committed 6848K, reserved 1114112K
  class space    used 718K, committed 832K, reserved 1048576K
}
Event: 3.935 GC heap after
{Heap after GC invocations=6 (full 0):
 garbage-first heap   total 177152K, used 57820K [0x0000000780000000, 0x0000000800000000)
  region size 1024K, 2 young (2048K), 2 survivors (2048K)
 Metaspace       used 6614K, committed 6848K, reserved 1114112K
  class space    used 718K, committed 832K, reserved 1048576K
}
Event: 4.077 GC heap before
{Heap before GC invocations=6 (full 0):
 garbage-first heap   total 177152K, used 94684K [0x0000000780000000, 0x0000000800000000)
  region size 1024K, 18 young (18432K), 2 survivors (2048K)
 Metaspace       used 6627K, committed 6848K, reserved 1114112K
  class space    used 721K, committed 832K, reserved 1048576K
}
Event: 4.079 GC heap after
{Heap after GC invocations=7 (full 0):
 garbage-first heap   total 177152K, used 72239K [0x0000000780000000, 0x0000000800000000)
  region size 1024K, 2 young (2048K), 2 survivors (2048K)
 Metaspace       used 6627K, committed 6848K, reserved 1114112K
  class space    used 721K, committed 832K, reserved 1048576K
}
Event: 4.174 GC heap before
{Heap before GC invocations=7 (full 0):
 garbage-first heap   total 177152K, used 84527K [0x0000000780000000, 0x0000000800000000)
  region size 1024K, 7 young (7168K), 2 survivors (2048K)
 Metaspace       used 6637K, committed 6848K, reserved 1114112K
  class space    used 723K, committed 832K, reserved 1048576K
}
Event: 4.177 GC heap after
{Heap after GC invocations=8 (full 0):
 garbage-first heap   total 177152K, used 70208K [0x0000000780000000, 0x0000000800000000)
  region size 1024K, 2 young (2048K), 2 survivors (2048K)
 Metaspace       used 6637K, committed 6848K, reserved 1114112K
  class space    used 723K, committed 832K, reserved 1048576K
}
Event: 4.263 GC heap before
{Heap before GC invocations=8 (full 0):
 garbage-first heap   total 177152K, used 76352K [0x0000000780000000, 0x0000000800000000)
  region size 1024K, 5 young (5120K), 2 survivors (2048K)
 Metaspace       used 6789K, committed 6976K, reserved 1114112K
  class space    used 739K, committed 832K, reserved 1048576K
}
Event: 4.265 GC heap after
{Heap after GC invocations=9 (full 0):
 garbage-first heap   total 177152K, used 68203K [0x0000000780000000, 0x0000000800000000)
  region size 1024K, 2 young (2048K), 2 survivors (2048K)
 Metaspace       used 6789K, committed 6976K, reserved 1114112K
  class space    used 739K, committed 832K, reserved 1048576K
}
Event: 5.069 GC heap before
{Heap before GC invocations=9 (full 0):
 garbage-first heap   total 177152K, used 107115K [0x0000000780000000, 0x0000000800000000)
  region size 1024K, 25 young (25600K), 2 survivors (2048K)
 Metaspace       used 8403K, committed 8640K, reserved 1114112K
  class space    used 942K, committed 1024K, reserved 1048576K
}
Event: 5.078 GC heap after
{Heap after GC invocations=10 (full 0):
 garbage-first heap   total 212992K, used 83509K [0x0000000780000000, 0x0000000800000000)
  region size 1024K, 3 young (3072K), 3 survivors (3072K)
 Metaspace       used 8403K, committed 8640K, reserved 1114112K
  class space    used 942K, committed 1024K, reserved 1048576K
}
Event: 14.123 GC heap before
{Heap before GC invocations=10 (full 0):
 garbage-first heap   total 212992K, used 89653K [0x0000000780000000, 0x0000000800000000)
  region size 1024K, 8 young (8192K), 3 survivors (3072K)
 Metaspace       used 9694K, committed 9856K, reserved 1114112K
  class space    used 1034K, committed 1088K, reserved 1048576K
}
Event: 14.134 GC heap after
{Heap after GC invocations=11 (full 0):
 garbage-first heap   total 212992K, used 85924K [0x0000000780000000, 0x0000000800000000)
  region size 1024K, 3 young (3072K), 3 survivors (3072K)
 Metaspace       used 9694K, committed 9856K, reserved 1114112K
  class space    used 1034K, committed 1088K, reserved 1048576K
}
Event: 14.167 GC heap before
{Heap before GC invocations=11 (full 0):
 garbage-first heap   total 212992K, used 104356K [0x0000000780000000, 0x0000000800000000)
  region size 1024K, 6 young (6144K), 3 survivors (3072K)
 Metaspace       used 9698K, committed 9856K, reserved 1114112K
  class space    used 1034K, committed 1088K, reserved 1048576K
}
Event: 14.172 GC heap after
{Heap after GC invocations=12 (full 0):
 garbage-first heap   total 212992K, used 102423K [0x0000000780000000, 0x0000000800000000)
  region size 1024K, 3 young (3072K), 3 survivors (3072K)
 Metaspace       used 9698K, committed 9856K, reserved 1114112K
  class space    used 1034K, committed 1088K, reserved 1048576K
}
Event: 340.663 GC heap before
{Heap before GC invocations=13 (full 0):
 garbage-first heap   total 212992K, used 201751K [0x0000000780000000, 0x0000000800000000)
  region size 1024K, 84 young (86016K), 3 survivors (3072K)
 Metaspace       used 10502K, committed 10816K, reserved 1114112K
  class space    used 1108K, committed 1280K, reserved 1048576K
}
Event: 340.720 GC heap after
{Heap after GC invocations=14 (full 0):
 garbage-first heap   total 212992K, used 119097K [0x0000000780000000, 0x0000000800000000)
  region size 1024K, 4 young (4096K), 4 survivors (4096K)
 Metaspace       used 10502K, committed 10816K, reserved 1114112K
  class space    used 1108K, committed 1280K, reserved 1048576K
}

Dll operation events (10 events):
Event: 0.029 Loaded shared library /Users/ashakulp/.p2/pool/plugins/org.eclipse.justj.openjdk.hotspot.jre.full.macosx.x86_64_21.0.9.v20251105-0741/jre/lib/libjava.dylib
Event: 0.178 Loaded shared library /Users/ashakulp/.p2/pool/plugins/org.eclipse.justj.openjdk.hotspot.jre.full.macosx.x86_64_21.0.9.v20251105-0741/jre/lib/libnio.dylib
Event: 0.252 Loaded shared library /Users/ashakulp/.p2/pool/plugins/org.eclipse.justj.openjdk.hotspot.jre.full.macosx.x86_64_21.0.9.v20251105-0741/jre/lib/libzip.dylib
Event: 0.261 Loaded shared library /Users/ashakulp/.p2/pool/plugins/org.eclipse.justj.openjdk.hotspot.jre.full.macosx.x86_64_21.0.9.v20251105-0741/jre/lib/libnet.dylib
Event: 0.438 Loaded shared library /Users/ashakulp/.p2/pool/plugins/org.eclipse.justj.openjdk.hotspot.jre.full.macosx.x86_64_21.0.9.v20251105-0741/jre/lib/libjimage.dylib
Event: 0.492 Loaded shared library /Users/ashakulp/.p2/pool/plugins/org.eclipse.justj.openjdk.hotspot.jre.full.macosx.x86_64_21.0.9.v20251105-0741/jre/lib/libawt.dylib
Event: 0.582 Loaded shared library /Users/ashakulp/.p2/pool/plugins/org.eclipse.justj.openjdk.hotspot.jre.full.macosx.x86_64_21.0.9.v20251105-0741/jre/lib/libawt_lwawt.dylib
Event: 0.693 Loaded shared library /Users/ashakulp/.p2/pool/plugins/org.eclipse.justj.openjdk.hotspot.jre.full.macosx.x86_64_21.0.9.v20251105-0741/jre/lib/libfontmanager.dylib
Event: 2.536 Loaded shared library /Users/ashakulp/.p2/pool/plugins/org.eclipse.justj.openjdk.hotspot.jre.full.macosx.x86_64_21.0.9.v20251105-0741/jre/lib/libosxui.dylib
Event: 2.922 Loaded shared library /Users/ashakulp/.p2/pool/plugins/org.eclipse.justj.openjdk.hotspot.jre.full.macosx.x86_64_21.0.9.v20251105-0741/jre/lib/libzip.dylib

Deoptimization events (20 events):
Event: 421.385 Thread 0x00007fd40e975200 Uncommon trap: trap_request=0xffffffde fr.pc=0x000000011811d6f8 relative=0x00000000000053d8
Event: 421.385 Thread 0x00007fd40e975200 Uncommon trap: reason=class_check action=maybe_recompile pc=0x000000011811d6f8 method=java.awt.DefaultKeyboardFocusManager.dispatchEvent(Ljava/awt/AWTEvent;)Z @ 1324 c2
Event: 421.386 Thread 0x00007fd40e975200 DEOPT PACKING pc=0x000000011811d6f8 sp=0x0000000306ae35d0
Event: 421.386 Thread 0x00007fd40e975200 DEOPT UNPACKING pc=0x0000000117a60f93 sp=0x0000000306ae3598 mode 2
Event: 421.397 Thread 0x00007fd40e975200 Uncommon trap: trap_request=0xffffff45 fr.pc=0x000000011810b218 relative=0x0000000000002f18
Event: 421.397 Thread 0x00007fd40e975200 Uncommon trap: reason=unstable_if action=reinterpret pc=0x000000011810b218 method=sun.awt.im.InputContext.dispatchEvent(Ljava/awt/AWTEvent;)V @ 24 c2
Event: 421.398 Thread 0x00007fd40e975200 DEOPT PACKING pc=0x000000011810b218 sp=0x0000000306ae2f20
Event: 421.398 Thread 0x00007fd40e975200 DEOPT UNPACKING pc=0x0000000117a60f93 sp=0x0000000306ae2e00 mode 2
Event: 421.407 Thread 0x00007fd40e975200 Uncommon trap: trap_request=0xffffff45 fr.pc=0x00000001181985b8 relative=0x0000000000000098
Event: 421.407 Thread 0x00007fd40e975200 Uncommon trap: reason=unstable_if action=reinterpret pc=0x00000001181985b8 method=java.awt.Window.eventEnabled(Ljava/awt/AWTEvent;)Z @ 4 c2
Event: 421.407 Thread 0x00007fd40e975200 DEOPT PACKING pc=0x00000001181985b8 sp=0x0000000306ae32c0
Event: 421.407 Thread 0x00007fd40e975200 DEOPT UNPACKING pc=0x0000000117a60f93 sp=0x0000000306ae3280 mode 2
Event: 421.439 Thread 0x00007fd40e975200 Uncommon trap: trap_request=0xffffffc6 fr.pc=0x0000000118161264 relative=0x0000000000000304
Event: 421.439 Thread 0x00007fd40e975200 Uncommon trap: reason=bimorphic_or_optimized_type_check action=maybe_recompile pc=0x0000000118161264 method=java.util.HashMap.getNode(Ljava/lang/Object;)Ljava/util/HashMap$Node; @ 128 c2
Event: 421.439 Thread 0x00007fd40e975200 DEOPT PACKING pc=0x0000000118161264 sp=0x0000000306ae2b70
Event: 421.439 Thread 0x00007fd40e975200 DEOPT UNPACKING pc=0x0000000117a60f93 sp=0x0000000306ae2b08 mode 2
Event: 421.451 Thread 0x00007fd40e975200 Uncommon trap: trap_request=0xffffffc6 fr.pc=0x0000000118161264 relative=0x0000000000000304
Event: 421.451 Thread 0x00007fd40e975200 Uncommon trap: reason=bimorphic_or_optimized_type_check action=maybe_recompile pc=0x0000000118161264 method=java.util.HashMap.getNode(Ljava/lang/Object;)Ljava/util/HashMap$Node; @ 128 c2
Event: 421.451 Thread 0x00007fd40e975200 DEOPT PACKING pc=0x0000000118161264 sp=0x0000000306ae2b70
Event: 421.451 Thread 0x00007fd40e975200 DEOPT UNPACKING pc=0x0000000117a60f93 sp=0x0000000306ae2b08 mode 2

Classes loaded (20 events):
Event: 37.151 Loading class sun/awt/image/ImageCache$ImageSoftReference
Event: 37.151 Loading class sun/awt/image/ImageCache$ImageSoftReference done
Event: 37.154 Loading class sun/awt/image/MultiResolutionCachedImage$ImageCacheKey
Event: 37.154 Loading class sun/awt/image/MultiResolutionCachedImage$ImageCacheKey done
Event: 37.206 Loading class java/awt/Event
Event: 37.206 Loading class java/awt/Event done
Event: 37.208 Loading class javax/swing/SwingHeavyWeight
Event: 37.208 Loading class javax/swing/SwingHeavyWeight done
Event: 47.087 Loading class java/awt/LightweightDispatcher$2
Event: 47.088 Loading class java/awt/LightweightDispatcher$2 done
Event: 70.231 Loading class java/awt/image/BufferedImageOp
Event: 70.232 Loading class java/awt/image/BufferedImageOp done
Event: 72.019 Loading class java/security/DomainCombiner
Event: 72.021 Loading class java/security/DomainCombiner done
Event: 81.005 Loading class java/awt/Canvas
Event: 81.007 Loading class java/awt/Canvas done
Event: 81.007 Loading class java/awt/Scrollbar
Event: 81.008 Loading class java/awt/Adjustable
Event: 81.008 Loading class java/awt/Adjustable done
Event: 81.009 Loading class java/awt/Scrollbar done

Classes unloaded (0 events):
No events

Classes redefined (0 events):
No events

Internal exceptions (20 events):
Event: 2.592 Thread 0x00007fd40d00a000 Exception <a 'java/lang/NoSuchMethodError'{0x0000000787b4f348}: 'java.lang.Object java.lang.invoke.DirectMethodHandle$Holder.newInvokeSpecial(java.lang.Object, java.lang.Object, java.lang.Object, java.lang.Object, java.lang.Object)'> (0x0000000787b4f348) 
thrown [src/hotspot/share/interpreter/linkResolver.cpp, line 773]
Event: 2.602 Thread 0x00007fd40d00a000 Exception <a 'java/lang/NoSuchMethodError'{0x0000000787bf17d8}: 'java.lang.Object java.lang.invoke.DirectMethodHandle$Holder.invokeStatic(java.lang.Object, int, java.lang.Object)'> (0x0000000787bf17d8) 
thrown [src/hotspot/share/interpreter/linkResolver.cpp, line 773]
Event: 2.652 Thread 0x00007fd40d00a000 Exception <a 'java/lang/ClassNotFoundException'{0x0000000787a1ea68}: com/apple/laf/resources/spi/aquaProvider> (0x0000000787a1ea68) 
thrown [src/hotspot/share/classfile/systemDictionary.cpp, line 312]
Event: 2.739 Thread 0x00007fd40d00a000 Exception <a 'java/lang/ClassNotFoundException'{0x0000000787a83770}: com/sun/swing/internal/plaf/basic/resources/spi/basicProvider> (0x0000000787a83770) 
thrown [src/hotspot/share/classfile/systemDictionary.cpp, line 312]
Event: 2.784 Thread 0x00007fd40d00a000 Exception <a 'java/lang/NoSuchMethodError'{0x0000000787aa3e60}: 'int java.lang.invoke.Invokers$Holder.invokeExact_MT(java.lang.Object, java.lang.Object)'> (0x0000000787aa3e60) 
thrown [src/hotspot/share/interpreter/linkResolver.cpp, line 773]
Event: 3.263 Thread 0x00007fd40d00a000 Implicit null exception at 0x0000000117fe010e to 0x0000000117fe05cc
Event: 4.392 Thread 0x00007fd40d00a000 Exception <a 'java/io/FileNotFoundException'{0x00000007899e6070}> (0x00000007899e6070) 
thrown [src/hotspot/share/prims/jni.cpp, line 520]
Event: 4.583 Thread 0x00007fd40e926000 Exception <a 'java/lang/NoSuchMethodError'{0x000000078978bca0}: 'java.lang.Object java.lang.invoke.DirectMethodHandle$Holder.newInvokeSpecial(java.lang.Object, java.lang.Object, java.lang.Object, int, int, int, int, int)'> (0x000000078978bca0) 
thrown [src/hotspot/share/interpreter/linkResolver.cpp, line 773]
Event: 4.640 Thread 0x00007fd40d00a000 Exception <a 'java/lang/NoSuchMethodError'{0x00000007896aa3a8}: 'void java.lang.invoke.Invokers$Holder.invokeExact_MT(java.lang.Object, java.lang.Object, java.lang.Object, java.lang.Object)'> (0x00000007896aa3a8) 
thrown [src/hotspot/share/interpreter/linkResolver.cpp, line 773]
Event: 4.655 Thread 0x00007fd40d00a000 Exception <a 'java/lang/NoSuchMethodError'{0x00000007896b6038}: 'java.lang.Object java.lang.invoke.DirectMethodHandle$Holder.newInvokeSpecial(java.lang.Object, java.lang.Object, java.lang.Object, int, java.lang.Object)'> (0x00000007896b6038) 
thrown [src/hotspot/share/interpreter/linkResolver.cpp, line 773]
Event: 4.658 Thread 0x00007fd40d00a000 Exception <a 'java/lang/NoSuchMethodError'{0x00000007896bd500}: 'java.lang.Object java.lang.invoke.Invokers$Holder.linkToTargetMethod(java.lang.Object, java.lang.Object, int, java.lang.Object, java.lang.Object)'> (0x00000007896bd500) 
thrown [src/hotspot/share/interpreter/linkResolver.cpp, line 773]
Event: 4.734 Thread 0x00007fd40d00a000 Exception <a 'java/lang/NoSuchMethodError'{0x00000007896c1608}: 'void java.lang.invoke.DirectMethodHandle$Holder.invokeStatic(java.lang.Object, int, long)'> (0x00000007896c1608) 
thrown [src/hotspot/share/interpreter/linkResolver.cpp, line 773]
Event: 4.742 Thread 0x00007fd40e975200 Exception <a 'java/lang/NoSuchMethodError'{0x0000000789602320}: 'void java.lang.invoke.DirectMethodHandle$Holder.invokeStatic(java.lang.Object, long)'> (0x0000000789602320) 
thrown [src/hotspot/share/interpreter/linkResolver.cpp, line 773]
Event: 4.755 Thread 0x00007fd40d00a000 Exception <a 'java/lang/NoSuchMethodError'{0x00000007896d9e58}: 'java.lang.Object java.lang.invoke.Invokers$Holder.linkToTargetMethod(int, int, int, int, java.lang.Object)'> (0x00000007896d9e58) 
thrown [src/hotspot/share/interpreter/linkResolver.cpp, line 773]
Event: 4.757 Thread 0x00007fd40d00a000 Exception <a 'java/lang/NoSuchMethodError'{0x00000007896dd5c8}: 'void java.lang.invoke.DirectMethodHandle$Holder.invokeStatic(java.lang.Object, java.lang.Object, long)'> (0x00000007896dd5c8) 
thrown [src/hotspot/share/interpreter/linkResolver.cpp, line 773]
Event: 4.775 Thread 0x00007fd40e879a00 Exception <a 'java/lang/NoSuchMethodError'{0x0000000789422cf8}: 'void java.lang.invoke.DirectMethodHandle$Holder.invokeSpecial(java.lang.Object, java.lang.Object, long)'> (0x0000000789422cf8) 
thrown [src/hotspot/share/interpreter/linkResolver.cpp, line 773]
Event: 5.019 Thread 0x00007fd40d00a000 Exception <a 'java/lang/NoSuchMethodError'{0x00000007896f22a8}: 'void java.lang.invoke.DirectMethodHandle$Holder.invokeStatic(java.lang.Object, long, long)'> (0x00000007896f22a8) 
thrown [src/hotspot/share/interpreter/linkResolver.cpp, line 773]
Event: 5.021 Thread 0x00007fd40d00a000 Exception <a 'java/lang/NoSuchMethodError'{0x00000007896f7128}: 'java.lang.Object java.lang.invoke.DirectMethodHandle$Holder.newInvokeSpecial(java.lang.Object, long)'> (0x00000007896f7128) 
thrown [src/hotspot/share/interpreter/linkResolver.cpp, line 773]
Event: 5.023 Thread 0x00007fd40d00a000 Exception <a 'java/lang/NoSuchMethodError'{0x0000000789300c18}: 'java.lang.Object java.lang.invoke.DirectMethodHandle$Holder.newInvokeSpecial(java.lang.Object, java.lang.Object, int)'> (0x0000000789300c18) 
thrown [src/hotspot/share/interpreter/linkResolver.cpp, line 773]
Event: 340.730 Thread 0x00007fd40e975200 Implicit null exception at 0x000000011809c98d to 0x000000011809eb2c

ZGC Phase Switch (0 events):
No events

VM Operations (20 events):
Event: 403.999 Executing VM operation: Cleanup
Event: 404.000 Executing VM operation: Cleanup done
Event: 405.001 Executing VM operation: Cleanup
Event: 405.001 Executing VM operation: Cleanup done
Event: 406.002 Executing VM operation: Cleanup
Event: 406.002 Executing VM operation: Cleanup done
Event: 420.991 Executing VM operation: HandshakeAllThreads (HandshakeForDeflation)
Event: 420.991 Executing VM operation: HandshakeAllThreads (HandshakeForDeflation) done
Event: 420.991 Executing VM operation: RendezvousGCThreads
Event: 420.991 Executing VM operation: RendezvousGCThreads done
Event: 421.996 Executing VM operation: Cleanup
Event: 421.997 Executing VM operation: Cleanup done
Event: 481.305 Executing VM operation: HandshakeAllThreads (HandshakeForDeflation)
Event: 481.305 Executing VM operation: HandshakeAllThreads (HandshakeForDeflation) done
Event: 481.305 Executing VM operation: RendezvousGCThreads
Event: 481.305 Executing VM operation: RendezvousGCThreads done
Event: 541.379 Executing VM operation: HandshakeAllThreads (HandshakeForDeflation)
Event: 541.381 Executing VM operation: HandshakeAllThreads (HandshakeForDeflation) done
Event: 541.381 Executing VM operation: RendezvousGCThreads
Event: 541.381 Executing VM operation: RendezvousGCThreads done

Memory protections (20 events):
Event: 0.157 Protecting memory [0x0000000305b2b000,0x0000000305b2f000] with protection modes 0
Event: 0.157 Protecting memory [0x0000000305c2e000,0x0000000305c32000] with protection modes 0
Event: 0.158 Protecting memory [0x0000000305d31000,0x0000000305d35000] with protection modes 0
Event: 0.245 Protecting memory [0x0000000305e34000,0x0000000305e38000] with protection modes 0
Event: 0.409 Protecting memory [0x0000000305f37000,0x0000000305f3b000] with protection modes 0
Event: 0.726 Protecting memory [0x0000000304574000,0x0000000304578000] with protection modes 0
Event: 0.988 Protecting memory [0x0000000306146000,0x000000030614a000] with protection modes 0
Event: 2.463 Protecting memory [0x00000003062cf000,0x00000003062d3000] with protection modes 0
Event: 2.480 Protecting memory [0x00000003063d2000,0x00000003063d6000] with protection modes 0
Event: 3.766 Protecting memory [0x0000000306146000,0x000000030614a000] with protection modes 3
Event: 4.403 Protecting memory [0x0000000306146000,0x000000030614a000] with protection modes 0
Event: 4.596 Protecting memory [0x00000003068e1000,0x00000003068e5000] with protection modes 0
Event: 4.596 Protecting memory [0x00000003069e4000,0x00000003069e8000] with protection modes 0
Event: 4.624 Protecting memory [0x0000000306ae7000,0x0000000306aeb000] with protection modes 0
Event: 5.051 Protecting memory [0x0000000306d7b000,0x0000000306d7f000] with protection modes 0
Event: 5.056 Protecting memory [0x0000000304df7000,0x0000000304dfb000] with protection modes 3
Event: 5.056 Protecting memory [0x0000000304df7000,0x0000000304dfb000] with protection modes 0
Event: 13.786 Protecting memory [0x0000000306146000,0x000000030614a000] with protection modes 3
Event: 13.982 Protecting memory [0x0000000306146000,0x000000030614a000] with protection modes 0
Event: 19.077 Protecting memory [0x0000000306146000,0x000000030614a000] with protection modes 3

Nmethod flushes (0 events):
No events

Events (20 events):
Event: 0.157 Thread 0x00007fd40d00a000 Thread added: 0x00007fd40e815200
Event: 0.157 Thread 0x00007fd40d00a000 Thread added: 0x00007fd40e815a00
Event: 0.158 Thread 0x00007fd40d00a000 Thread added: 0x00007fd40e820600
Event: 0.245 Thread 0x00007fd40d00a000 Thread added: 0x00007fd40e816a00
Event: 0.409 Thread 0x00007fd40d00a000 Thread added: 0x00007fd40e093000
Event: 0.726 Thread 0x00007fd40e879a00 Thread added: 0x00007fd40e879a00
Event: 0.988 Thread 0x00007fd40e879a00 Thread added: 0x00007fd40e8d9a00
Event: 2.463 Thread 0x00007fd40d00a000 Thread added: 0x00007fd40e132000
Event: 2.480 Thread 0x00007fd40d00a000 Thread added: 0x00007fd40e166c00
Event: 3.767 Thread 0x00007fd40e8d9a00 Thread exited: 0x00007fd40e8d9a00
Event: 4.403 Thread 0x00007fd40d00a000 Thread added: 0x00007fd40e926000
Event: 4.596 Thread 0x00007fd40d00a000 Thread added: 0x00007fd40e95c800
Event: 4.596 Thread 0x00007fd40d00a000 Thread added: 0x00007fd40e975200
Event: 4.624 Thread 0x00007fd40d00a000 Thread added: 0x00007fd40e98e800
Event: 5.051 Thread 0x00007fd40d00a000 Thread added: 0x00007fd40e9d8000
Event: 5.056 Thread 0x00007fd40d00a000 Thread exited: 0x00007fd40d00a000
Event: 5.056 Thread 0x00007fd40e3cb400 Thread added: 0x00007fd40e3cb400
Event: 13.787 Thread 0x00007fd40e926000 Thread exited: 0x00007fd40e926000
Event: 13.982 Thread 0x00007fd40e975200 Thread added: 0x00007fd40e3e3400
Event: 19.077 Thread 0x00007fd40e3e3400 Thread exited: 0x00007fd40e3e3400


Dynamic libraries:
0x0000000108a74000 	/Users/ashakulp/.p2/pool/plugins/org.eclipse.justj.openjdk.hotspot.jre.full.macosx.x86_64_21.0.9.v20251105-0741/jre/lib/libjli.dylib
0x00007ff91464a000 	/System/Library/Frameworks/Cocoa.framework/Versions/A/Cocoa
0x00007ff81a9b2000 	/System/Library/Frameworks/AppKit.framework/Versions/C/AppKit
0x00007ff81e2ad000 	/System/Library/Frameworks/CoreData.framework/Versions/A/CoreData
0x00007ff817db8000 	/System/Library/Frameworks/Foundation.framework/Versions/C/Foundation
0x00007ff826d91000 	/usr/lib/libSystem.B.dylib
0x00007ff81c1ad000 	/System/Library/PrivateFrameworks/UIFoundation.framework/Versions/A/UIFoundation
0x00007ffb3199f000 	/System/Library/PrivateFrameworks/CollectionViewCore.framework/Versions/A/CollectionViewCore
0x00007ff823c80000 	/System/Library/PrivateFrameworks/XCTTargetBootstrap.framework/Versions/A/XCTTargetBootstrap
0x00007ff829cce000 	/System/Library/PrivateFrameworks/InternationalSupport.framework/Versions/A/InternationalSupport
0x00007ff82a020000 	/System/Library/PrivateFrameworks/UserActivity.framework/Versions/A/UserActivity
0x00007ff81e9dc000 	/System/Library/PrivateFrameworks/BaseBoard.framework/Versions/A/BaseBoard
0x00007ffc19a42000 	/System/Library/PrivateFrameworks/FrontBoard.framework/Versions/A/FrontBoard
0x00007ff831b71000 	/System/Library/PrivateFrameworks/FrontBoardServices.framework/Versions/A/FrontBoardServices
0x00007ffd32840000 	/usr/lib/libRosetta.dylib
0x00007ffd264df000 	/System/Library/PrivateFrameworks/UIIntelligenceSupport.framework/Versions/A/UIIntelligenceSupport
0x00007ffb274b3000 	/System/Library/Frameworks/SwiftUICore.framework/Versions/A/SwiftUICore
0x00007ffd2c40a000 	/System/Library/PrivateFrameworks/WritingTools.framework/Versions/A/WritingTools
0x00007ffd2b39a000 	/System/Library/PrivateFrameworks/WindowManagement.framework/Versions/A/WindowManagement
0x00007ff817a43000 	/System/Library/Frameworks/SystemConfiguration.framework/Versions/A/SystemConfiguration
0x00007ff828df0000 	/usr/lib/libspindump.dylib
0x00007ff81c393000 	/System/Library/Frameworks/UniformTypeIdentifiers.framework/Versions/A/UniformTypeIdentifiers
0x00007ff825f01000 	/usr/lib/libbsm.0.dylib
0x00007ff821564000 	/usr/lib/libapp_launch_measurement.dylib
0x00007ff820126000 	/System/Library/PrivateFrameworks/CoreAnalytics.framework/Versions/A/CoreAnalytics
0x00007ff821567000 	/System/Library/PrivateFrameworks/CoreAutoLayout.framework/Versions/A/CoreAutoLayout
0x00007ff823202000 	/System/Library/Frameworks/Metal.framework/Versions/A/Metal
0x00007ff824634000 	/usr/lib/liblangid.dylib
0x00007ff823c85000 	/System/Library/PrivateFrameworks/CoreSVG.framework/Versions/A/CoreSVG
0x00007ff81ce04000 	/System/Library/PrivateFrameworks/SkyLight.framework/Versions/A/SkyLight
0x00007ffc1979b000 	/System/Library/PrivateFrameworks/FocusEngine.framework/Versions/A/FocusEngine
0x00007ff81d36d000 	/System/Library/Frameworks/CoreGraphics.framework/Versions/A/CoreGraphics
0x00007ffc176f7000 	/System/Library/PrivateFrameworks/DesignLibrary.framework/Versions/A/DesignLibrary
0x00007ff82fb88000 	/System/Library/Frameworks/Accelerate.framework/Versions/A/Accelerate
0x00007ff828be1000 	/System/Library/PrivateFrameworks/IconServices.framework/Versions/A/IconServices
0x00007ff8231de000 	/System/Library/Frameworks/IOSurface.framework/Versions/A/IOSurface
0x00007ff820154000 	/usr/lib/libDiagnosticMessagesClient.dylib
0x00007ff826c9c000 	/usr/lib/libz.1.dylib
0x00007ff834165000 	/System/Library/Frameworks/ApplicationServices.framework/Versions/A/ApplicationServices
0x00007ff823c6d000 	/System/Library/PrivateFrameworks/DFRFoundation.framework/Versions/A/DFRFoundation
0x00007ff81a253000 	/usr/lib/libicucore.A.dylib
0x00007ff82b1d0000 	/System/Library/Frameworks/AudioToolbox.framework/Versions/A/AudioToolbox
0x00007ff829fd7000 	/System/Library/PrivateFrameworks/DataDetectorsCore.framework/Versions/A/DataDetectorsCore
0x00007ffd26ff3000 	/System/Library/PrivateFrameworks/UpdateCycle.framework/Versions/A/UpdateCycle
0x00007ff925e71000 	/System/Library/PrivateFrameworks/TextInput.framework/Versions/A/TextInput
0x00007ff81cd4f000 	/usr/lib/libMobileGestalt.dylib
0x00007ff82398e000 	/System/Library/Frameworks/Carbon.framework/Versions/A/Frameworks/HIToolbox.framework/Versions/A/HIToolbox
0x00007ff820df7000 	/System/Library/Frameworks/QuartzCore.framework/Versions/A/QuartzCore
0x00007ff819e54000 	/System/Library/Frameworks/Security.framework/Versions/A/Security
0x00007ff82f4f9000 	/System/Library/Frameworks/Carbon.framework/Versions/A/Frameworks/SpeechRecognition.framework/Versions/A/SpeechRecognition
0x00007ff821235000 	/System/Library/PrivateFrameworks/CoreUI.framework/Versions/A/CoreUI
0x00007ff8196a7000 	/System/Library/Frameworks/CoreAudio.framework/Versions/A/CoreAudio
0x00007ff820242000 	/System/Library/Frameworks/DiskArbitration.framework/Versions/A/DiskArbitration
0x00007ff82936c000 	/System/Library/PrivateFrameworks/MultitouchSupport.framework/Versions/A/MultitouchSupport
0x00007ff81cd4e000 	/usr/lib/libenergytrace.dylib
0x00007ff91941c000 	/System/Library/PrivateFrameworks/RenderBox.framework/Versions/A/RenderBox
0x00007ff81a879000 	/System/Library/Frameworks/IOKit.framework/Versions/A/IOKit
0x00007ff82f915000 	/System/Library/Frameworks/CoreServices.framework/Versions/A/CoreServices
0x00007ff8214fc000 	/System/Library/PrivateFrameworks/PerformanceAnalysis.framework/Versions/A/PerformanceAnalysis
0x00007ffb1c205000 	/System/Library/Frameworks/OpenGL.framework/Versions/A/OpenGL
0x00007ff8215b1000 	/usr/lib/libxml2.2.dylib
0x00007ff825df0000 	/System/Library/PrivateFrameworks/MobileKeyBag.framework/Versions/A/MobileKeyBag
0x00007ff816727000 	/usr/lib/libobjc.A.dylib
0x00007ff816a93000 	/usr/lib/libc++.1.dylib
0x00007ff82f88c000 	/System/Library/Frameworks/Accessibility.framework/Versions/A/Accessibility
0x00007ff81dc8d000 	/System/Library/Frameworks/ColorSync.framework/Versions/A/ColorSync
0x00007ff816bba000 	/System/Library/Frameworks/CoreFoundation.framework/Versions/A/CoreFoundation
0x00007ff82400d000 	/System/Library/Frameworks/CoreImage.framework/Versions/A/CoreImage
0x00007ff819464000 	/System/Library/Frameworks/CoreText.framework/Versions/A/CoreText
0x00007ffb1e8ab000 	/System/Library/Frameworks/CoreTransferable.framework/Versions/A/CoreTransferable
0x00007ffb1ed0f000 	/System/Library/Frameworks/DataDetection.framework/Versions/A/DataDetection
0x00007ffb1ed21000 	/System/Library/Frameworks/DeveloperToolsSupport.framework/Versions/A/DeveloperToolsSupport
0x00007ff823cc0000 	/System/Library/Frameworks/ImageIO.framework/Versions/A/ImageIO
0x00007ffb283a9000 	/System/Library/Frameworks/Symbols.framework/Versions/A/Symbols
0x00007ff92ad53000 	/System/Library/PrivateFrameworks/AttributeGraph.framework/Versions/A/AttributeGraph
0x00007ff831c51000 	/System/Library/PrivateFrameworks/BoardServices.framework/Versions/A/BoardServices
0x00007ffa2f342000 	/System/Library/PrivateFrameworks/FeatureFlags.framework/Versions/A/FeatureFlags
0x00007ffc225d2000 	/System/Library/PrivateFrameworks/Gestures.framework/Versions/A/Gestures
0x00007ff826d96000 	/System/Library/PrivateFrameworks/SoftLinking.framework/Versions/A/SoftLinking
0x00007ffa19a9e000 	/usr/lib/swift/libswiftAccelerate.dylib
0x00007ff930027000 	/usr/lib/swift/libswiftCompression.dylib
0x00007ff82abe2000 	/usr/lib/swift/libswiftCore.dylib
0x00007ff921f9a000 	/usr/lib/swift/libswiftCoreFoundation.dylib
0x00007ff921fe7000 	/usr/lib/swift/libswiftCoreImage.dylib
0x00007ff831907000 	/usr/lib/swift/libswiftDispatch.dylib
0x00007ff921fe8000 	/usr/lib/swift/libswiftIOKit.dylib
0x00007ff93001a000 	/usr/lib/swift/libswiftMetal.dylib
0x00007ffa1f1eb000 	/usr/lib/swift/libswiftOSLog.dylib
0x00007ff8346e5000 	/usr/lib/swift/libswiftObjectiveC.dylib
0x00007ffd33b68000 	/usr/lib/swift/libswiftObservation.dylib
0x00007ffa1517b000 	/usr/lib/swift/libswiftQuartzCore.dylib
0x00007ffd33ccf000 	/usr/lib/swift/libswiftSynchronization.dylib
0x00007ffa19a8f000 	/usr/lib/swift/libswiftUniformTypeIdentifiers.dylib
0x00007ff921faa000 	/usr/lib/swift/libswiftXPC.dylib
0x00007ffd33d06000 	/usr/lib/swift/libswift_Builtin_float.dylib
0x00007ffd33d09000 	/usr/lib/swift/libswift_Concurrency.dylib
0x00007ff8346e9000 	/usr/lib/swift/libswiftos.dylib
0x00007ff925c40000 	/usr/lib/swift/libswiftsimd.dylib
0x00007ff826f8c000 	/usr/lib/libcompression.dylib
0x00007ff829c10000 	/System/Library/PrivateFrameworks/TextureIO.framework/Versions/A/TextureIO
0x00007ff81de38000 	/System/Library/Frameworks/ApplicationServices.framework/Versions/A/Frameworks/HIServices.framework/Versions/A/HIServices
0x00007ff8287c4000 	/usr/lib/libate.dylib
0x00007ff826d8b000 	/usr/lib/system/libcache.dylib
0x00007ff826d43000 	/usr/lib/system/libcommonCrypto.dylib
0x00007ff826d6d000 	/usr/lib/system/libcompiler_rt.dylib
0x00007ff826d61000 	/usr/lib/system/libcopyfile.dylib
0x00007ff8168b1000 	/usr/lib/system/libcorecrypto.dylib
0x00007ff8169be000 	/usr/lib/system/libdispatch.dylib
0x00007ff81676c000 	/usr/lib/system/libdyld.dylib
0x00007ff826d81000 	/usr/lib/system/libkeymgr.dylib
0x00007ff826d28000 	/usr/lib/system/libmacho.dylib
0x00007ff825edc000 	/usr/lib/system/libquarantine.dylib
0x00007ff826d7e000 	/usr/lib/system/libremovefile.dylib
0x00007ff81cdca000 	/usr/lib/system/libsystem_asl.dylib
0x00007ff81683a000 	/usr/lib/system/libsystem_blocks.dylib
0x00007ff816a09000 	/usr/lib/system/libsystem_c.dylib
0x00007ff826d75000 	/usr/lib/system/libsystem_collections.dylib
0x00007ff824623000 	/usr/lib/system/libsystem_configuration.dylib
0x00007ff8231a7000 	/usr/lib/system/libsystem_containermanager.dylib
0x00007ff8267ec000 	/usr/lib/system/libsystem_coreservices.dylib
0x00007ff81a4fe000 	/usr/lib/system/libsystem_darwin.dylib
0x00007ffd34043000 	/usr/lib/system/libsystem_darwindirectory.dylib
0x00007ff826d82000 	/usr/lib/system/libsystem_dnssd.dylib
0x00007ffd34048000 	/usr/lib/system/libsystem_eligibility.dylib
0x00007ff816a06000 	/usr/lib/system/libsystem_featureflags.dylib
0x00007ff816b8b000 	/usr/lib/system/libsystem_info.dylib
0x00007ff826cb0000 	/usr/lib/system/libsystem_m.dylib
0x00007ff816971000 	/usr/lib/system/libsystem_malloc.dylib
0x00007ff81cd34000 	/usr/lib/system/libsystem_networkextension.dylib
0x00007ff81a946000 	/usr/lib/system/libsystem_notify.dylib
0x00007ff824627000 	/usr/lib/system/libsystem_sandbox.dylib
0x00007ffd34052000 	/usr/lib/system/libsystem_sanitizers.dylib
0x00007ff826d7a000 	/usr/lib/system/libsystem_secinit.dylib
0x00007ff816b36000 	/usr/lib/system/libsystem_kernel.dylib
0x00007ff816b81000 	/usr/lib/system/libsystem_platform.dylib
0x00007ff816b74000 	/usr/lib/system/libsystem_pthread.dylib
0x00007ff81ebb8000 	/usr/lib/system/libsystem_symptoms.dylib
0x00007ff816891000 	/usr/lib/system/libsystem_trace.dylib
0x00007ffd3405b000 	/usr/lib/system/libsystem_trial.dylib
0x00007ff826d50000 	/usr/lib/system/libunwind.dylib
0x00007ff81683e000 	/usr/lib/system/libxpc.dylib
0x00007ff816b1e000 	/usr/lib/libc++abi.dylib
0x00007ffd338ee000 	/usr/lib/libswiftPrespecialized.dylib
0x00007ff826d93000 	/usr/lib/libfakelink.dylib
0x00007ff81c99e000 	/System/Library/Frameworks/CFNetwork.framework/Versions/A/CFNetwork
0x00007ff826de4000 	/usr/lib/libarchive.2.dylib
0x00007ff82d3e6000 	/System/Library/Frameworks/Combine.framework/Versions/A/Combine
0x00007ffb319c6000 	/System/Library/PrivateFrameworks/CollectionsInternal.framework/Versions/A/CollectionsInternal
0x00007ffd16b60000 	/System/Library/PrivateFrameworks/ReflectionInternal.framework/Versions/A/ReflectionInternal
0x00007ffd178a2000 	/System/Library/PrivateFrameworks/RuntimeInternal.framework/Versions/A/RuntimeInternal
0x00007ff91f086000 	/usr/lib/swift/libswiftDarwin.dylib
0x00007ffd33cd7000 	/usr/lib/swift/libswiftSystem.dylib
0x00007ffd33d76000 	/usr/lib/swift/libswift_DarwinFoundation1.dylib
0x00007ffd33e5d000 	/usr/lib/swift/libswift_StringProcessing.dylib
0x00007ff81a7f8000 	/System/Library/PrivateFrameworks/CoreServicesInternal.framework/Versions/A/CoreServicesInternal
0x00007ff826d59000 	/usr/lib/liboah.dylib
0x00007ff833c1c000 	/System/Library/PrivateFrameworks/DiskImages.framework/Versions/A/DiskImages
0x00007ff91eb49000 	/System/Library/Frameworks/NetFS.framework/Versions/A/NetFS
0x00007ff82152f000 	/System/Library/Frameworks/CoreServices.framework/Versions/A/Frameworks/FSEvents.framework/Versions/A/FSEvents
0x00007ff81a509000 	/System/Library/Frameworks/CoreServices.framework/Versions/A/Frameworks/CarbonCore.framework/Versions/A/CarbonCore
0x00007ff8201b8000 	/System/Library/Frameworks/CoreServices.framework/Versions/A/Frameworks/Metadata.framework/Versions/A/Metadata
0x00007ff8267f3000 	/System/Library/Frameworks/CoreServices.framework/Versions/A/Frameworks/OSServices.framework/Versions/A/OSServices
0x00007ff826ebf000 	/System/Library/Frameworks/CoreServices.framework/Versions/A/Frameworks/SearchKit.framework/Versions/A/SearchKit
0x00007ff81eb36000 	/System/Library/Frameworks/CoreServices.framework/Versions/A/Frameworks/AE.framework/Versions/A/AE
0x00007ff817075000 	/System/Library/Frameworks/CoreServices.framework/Versions/A/Frameworks/LaunchServices.framework/Versions/A/LaunchServices
0x00007ff8284fb000 	/System/Library/Frameworks/CoreServices.framework/Versions/A/Frameworks/DictionaryServices.framework/Versions/A/DictionaryServices
0x00007ff82153d000 	/System/Library/Frameworks/CoreServices.framework/Versions/A/Frameworks/SharedFileList.framework/Versions/A/SharedFileList
0x00007ff826f41000 	/usr/lib/libapple_nghttp2.dylib
0x00007ff81e753000 	/usr/lib/libsqlite3.dylib
0x00007ff833e56000 	/System/Library/PrivateFrameworks/AppSupport.framework/Versions/A/AppSupport
0x00007ff82b845000 	/System/Library/Frameworks/GSS.framework/Versions/A/GSS
0x00007ff81eace000 	/System/Library/PrivateFrameworks/RunningBoardServices.framework/Versions/A/RunningBoardServices
0x00007ff834672000 	/System/Library/PrivateFrameworks/StreamingZip.framework/Versions/A/StreamingZip
0x00007ff81ebc0000 	/System/Library/Frameworks/Network.framework/Versions/A/Network
0x00007ff826d2c000 	/usr/lib/system/libkxld.dylib
0x00007ffb2d728000 	/System/Library/PrivateFrameworks/AppleKeyStore.framework/Versions/A/AppleKeyStore
0x00007ffd32598000 	/usr/lib/libCoreEntitlements.dylib
0x00007ffc2d390000 	/System/Library/PrivateFrameworks/MessageSecurity.framework/Versions/A/MessageSecurity
0x00007ff81e737000 	/System/Library/PrivateFrameworks/ProtocolBuffer.framework/Versions/A/ProtocolBuffer
0x00007ff8309ac000 	/System/Library/PrivateFrameworks/SymptomDiagnosticReporter.framework/Versions/A/SymptomDiagnosticReporter
0x00007ff8288fb000 	/System/Library/PrivateFrameworks/CrashReporterSupport.framework/Versions/A/CrashReporterSupport
0x00007ff8267d2000 	/System/Library/PrivateFrameworks/AppleFSCompression.framework/Versions/A/AppleFSCompression
0x00007ff825ee9000 	/usr/lib/libcoretls.dylib
0x00007ff82856a000 	/usr/lib/libcoretls_cfhelpers.dylib
0x00007ff826f86000 	/usr/lib/libpam.2.dylib
0x00007ff8285e3000 	/usr/lib/libxar.1.dylib
0x00007ff82856c000 	/System/Library/PrivateFrameworks/APFS.framework/Versions/A/APFS
0x00007ffd212ea000 	/System/Library/PrivateFrameworks/SwiftASN1Internal.framework/Versions/A/SwiftASN1Internal
0x00007ff8285f1000 	/usr/lib/libutil.dylib
0x00007ff82462f000 	/System/Library/PrivateFrameworks/AppleSystemInfo.framework/Versions/A/AppleSystemInfo
0x00007ff825bea000 	/System/Library/PrivateFrameworks/IOMobileFramebuffer.framework/Versions/A/IOMobileFramebuffer
0x00007ff921e66000 	/System/Library/PrivateFrameworks/LoggingSupport.framework/Versions/A/LoggingSupport
0x00007ff82b89d000 	/System/Library/PrivateFrameworks/MobileAsset.framework/Versions/A/MobileAsset
0x00007ff8309bb000 	/System/Library/PrivateFrameworks/PowerLog.framework/Versions/A/PowerLog
0x00007ffb27354000 	/System/Library/Frameworks/SwiftData.framework/Versions/A/SwiftData
0x00007ff821747000 	/System/Library/PrivateFrameworks/UserManagement.framework/Versions/A/UserManagement
0x00007ff81c8c0000 	/usr/lib/libboringssl.dylib
0x00007ff81eba7000 	/usr/lib/libdns_services.dylib
0x00007ff920f10000 	/usr/lib/libquic.dylib
0x00007ff82ab6b000 	/usr/lib/libusrtcp.dylib
0x00007ffb2e4b9000 	/System/Library/PrivateFrameworks/AtomicsInternal.framework/Versions/A/AtomicsInternal
0x00007ffa27acf000 	/System/Library/PrivateFrameworks/InternalSwiftProtobuf.framework/Versions/A/InternalSwiftProtobuf
0x00007ffd33b42000 	/usr/lib/swift/libswiftDistributed.dylib
0x00007ff82462e000 	/System/Library/PrivateFrameworks/AggregateDictionary.framework/Versions/A/AggregateDictionary
0x00007ffb2eb3d000 	/System/Library/PrivateFrameworks/BiomeLibrary.framework/Versions/A/BiomeLibrary
0x00007ff931000000 	/System/Library/PrivateFrameworks/BiomeStreams.framework/Versions/A/BiomeStreams
0x00007ff92ce6d000 	/System/Library/PrivateFrameworks/BiomeFoundation.framework/Versions/A/BiomeFoundation
0x00007ffa16fb4000 	/System/Library/PrivateFrameworks/BiomePubSub.framework/Versions/A/BiomePubSub
0x00007ff835779000 	/System/Library/PrivateFrameworks/ProactiveSupport.framework/Versions/A/ProactiveSupport
0x00007ff82854a000 	/usr/lib/liblzma.5.dylib
0x00007ff834166000 	/System/Library/PrivateFrameworks/InternationalTextSearch.framework/Versions/A/InternationalTextSearch
0x00007ff92964e000 	/System/Library/PrivateFrameworks/SoftwareUpdateCoreSupport.framework/Versions/A/SoftwareUpdateCoreSupport
0x00007ff931993000 	/System/Library/PrivateFrameworks/SoftwareUpdateCoreConnect.framework/Versions/A/SoftwareUpdateCoreConnect
0x00007ff833d06000 	/System/Library/PrivateFrameworks/RemoteServiceDiscovery.framework/Versions/A/RemoteServiceDiscovery
0x00007ff92922b000 	/System/Library/PrivateFrameworks/MSUDataAccessor.framework/Versions/A/MSUDataAccessor
0x00007ff924195000 	/usr/lib/libbootpolicy.dylib
0x00007ff833d1d000 	/System/Library/PrivateFrameworks/RemoteXPC.framework/Versions/A/RemoteXPC
0x00007ff930eb0000 	/usr/lib/libFDR.dylib
0x00007ffa16c0e000 	/usr/lib/libamsupport.dylib
0x00007ffb2cf99000 	/System/Library/PrivateFrameworks/AppleDeviceQuerySupport.framework/Versions/A/AppleDeviceQuerySupport
0x00007ffa19c8e000 	/usr/lib/libpartition2_dynamic.dylib
0x00007ff826f1f000 	/System/Library/PrivateFrameworks/AppleSauce.framework/Versions/A/AppleSauce
0x00007ffd32418000 	/usr/lib/libAppleArchive.dylib
0x00007ff8267dd000 	/usr/lib/libbz2.1.0.dylib
0x00007ff82024a000 	/System/Library/Frameworks/Accelerate.framework/Versions/A/Frameworks/vImage.framework/Versions/A/vImage
0x00007ff82f8eb000 	/System/Library/Frameworks/Accelerate.framework/Versions/A/Frameworks/vecLib.framework/Versions/A/vecLib
0x00007ff828626000 	/System/Library/Frameworks/Accelerate.framework/Versions/A/Frameworks/vecLib.framework/Versions/A/libvMisc.dylib
0x00007ff81758c000 	/System/Library/Frameworks/Accelerate.framework/Versions/A/Frameworks/vecLib.framework/Versions/A/libBLAS.dylib
0x00007ff821692000 	/System/Library/Frameworks/CoreVideo.framework/Versions/A/CoreVideo
0x00007ff82b457000 	/System/Library/Frameworks/ApplicationServices.framework/Versions/A/Frameworks/ATS.framework/Versions/A/ATS
0x00007ff829b9d000 	/System/Library/Frameworks/ApplicationServices.framework/Versions/A/Frameworks/PrintCore.framework/Versions/A/PrintCore
0x00007ff82b80f000 	/System/Library/Frameworks/ApplicationServices.framework/Versions/A/Frameworks/QD.framework/Versions/A/QD
0x00007ff82b80b000 	/System/Library/Frameworks/ApplicationServices.framework/Versions/A/Frameworks/ColorSyncLegacy.framework/Versions/A/ColorSyncLegacy
0x00007ff82b42d000 	/System/Library/Frameworks/ApplicationServices.framework/Versions/A/Frameworks/SpeechSynthesis.framework/Versions/A/SpeechSynthesis
0x00007ff8236c3000 	/System/Library/PrivateFrameworks/FontServices.framework/libFontParser.dylib
0x00007ff833a3c000 	/System/Library/PrivateFrameworks/BackBoardServices.framework/Versions/A/BackBoardServices
0x00007ffb2ea60000 	/System/Library/PrivateFrameworks/BackBoardHIDEventFoundation.framework/Versions/A/BackBoardHIDEventFoundation
0x00007ff818f60000 	/System/Library/Frameworks/CoreDisplay.framework/Versions/A/CoreDisplay
0x00007ff8293b1000 	/System/Library/Frameworks/VideoToolbox.framework/Versions/A/VideoToolbox
0x00007ff826f84000 	/System/Library/Frameworks/MetalPerformanceShaders.framework/Versions/A/MetalPerformanceShaders
0x00007ffd15cfc000 	/System/Library/PrivateFrameworks/ProDisplayLibrary.framework/Versions/A/ProDisplayLibrary
0x00007ff914fd7000 	/System/Library/PrivateFrameworks/IOSurfaceAccelerator.framework/Versions/A/IOSurfaceAccelerator
0x00007ff8231f9000 	/System/Library/PrivateFrameworks/IOAccelerator.framework/Versions/A/IOAccelerator
0x00007ff82351c000 	/System/Library/Frameworks/CoreMedia.framework/Versions/A/CoreMedia
0x00007ff81cde2000 	/System/Library/PrivateFrameworks/TCC.framework/Versions/A/TCC
0x00007ff82936a000 	/System/Library/PrivateFrameworks/WatchdogClient.framework/Versions/A/WatchdogClient
0x00007ff921f80000 	/usr/lib/swift/libswiftCoreAudio.dylib
0x00007ffa1d9eb000 	/usr/lib/swift/libswiftCoreMedia.dylib
0x00007ffd33cef000 	/usr/lib/swift/libswiftVideoToolbox.dylib
0x00007ffa17015000 	/System/Library/PrivateFrameworks/BiomeStorage.framework/Versions/A/BiomeStorage
0x00007ffc27d32000 	/System/Library/PrivateFrameworks/IntelligencePlatformLibrary.framework/Versions/A/IntelligencePlatformLibrary
0x00007ffd15126000 	/System/Library/PrivateFrameworks/PoirotSchematizer.framework/Versions/A/PoirotSchematizer
0x00007ffb2f497000 	/System/Library/PrivateFrameworks/BiomeSync.framework/Versions/A/BiomeSync
0x00007ffb2eb24000 	/System/Library/PrivateFrameworks/BiomeDSL.framework/Versions/A/BiomeDSL
0x00007ffd15194000 	/System/Library/PrivateFrameworks/PoirotUDFs.framework/Versions/A/PoirotUDFs
0x00007ffd150fb000 	/System/Library/PrivateFrameworks/PoirotSQLite.framework/Versions/A/PoirotSQLite
0x00007ff832189000 	/System/Library/PrivateFrameworks/CoreTime.framework/Versions/A/CoreTime
0x00007ff826dcc000 	/usr/lib/libiconv.2.dylib
0x00007ff826d27000 	/usr/lib/libcharset.1.dylib
0x00007ffd33db1000 	/usr/lib/swift/libswift_RegexParser.dylib
0x00007ffb308ab000 	/System/Library/PrivateFrameworks/CascadeSets.framework/Versions/A/CascadeSets
0x00007ff82ba11000 	/System/Library/PrivateFrameworks/CorePhoneNumbers.framework/Versions/A/CorePhoneNumbers
0x00007ff82914f000 	/System/Library/PrivateFrameworks/AppleJPEG.framework/Versions/A/AppleJPEG
0x00007ff828b5c000 	/usr/lib/libexpat.1.dylib
0x00007ff829a64000 	/System/Library/Frameworks/ImageIO.framework/Versions/A/Resources/libPng.dylib
0x00007ff829a93000 	/System/Library/Frameworks/ImageIO.framework/Versions/A/Resources/libTIFF.dylib
0x00007ff829b86000 	/System/Library/Frameworks/ImageIO.framework/Versions/A/Resources/libGIF.dylib
0x00007ff82919b000 	/System/Library/Frameworks/ImageIO.framework/Versions/A/Resources/libJP2.dylib
0x00007ff829b26000 	/System/Library/Frameworks/ImageIO.framework/Versions/A/Resources/libJPEG.dylib
0x00007ff829b1d000 	/System/Library/Frameworks/ImageIO.framework/Versions/A/Resources/libRadiance.dylib
0x00007ffc1f2cc000 	/System/Library/PrivateFrameworks/GPUCompiler.framework/Versions/32023/Libraries/libllvm-flatbuffers.dylib
0x00007ffc19a35000 	/System/Library/PrivateFrameworks/FramePacing.framework/Versions/A/FramePacing
0x00007ffb1c1f9000 	/System/Library/Frameworks/OpenGL.framework/Versions/A/Libraries/libCoreFSCache.dylib
0x00007ffc1a9a3000 	/System/Library/PrivateFrameworks/GPUCompiler.framework/Versions/32023/Libraries/libGPUCompilerUtils.dylib
0x00007ff831d1d000 	/System/Library/PrivateFrameworks/GraphicsServices.framework/Versions/A/GraphicsServices
0x00007ffa23193000 	/System/Library/PrivateFrameworks/Symbolication.framework/Versions/A/Symbolication
0x00007ffd14d1c000 	/System/Library/PrivateFrameworks/PhotosensitivityProcessing.framework/Versions/A/PhotosensitivityProcessing
0x00007ffb1cec4000 	/System/Library/Frameworks/OpenCL.framework/Versions/A/OpenCL
0x00007ff828d89000 	/System/Library/PrivateFrameworks/GraphVisualizer.framework/Versions/A/GraphVisualizer
0x00007ffb1c257000 	/System/Library/Frameworks/OpenGL.framework/Versions/A/Libraries/libGLU.dylib
0x00007ffb1c218000 	/System/Library/Frameworks/OpenGL.framework/Versions/A/Libraries/libGFXShared.dylib
0x00007ffb1c417000 	/System/Library/Frameworks/OpenGL.framework/Versions/A/Libraries/libGL.dylib
0x00007ffb1c221000 	/System/Library/Frameworks/OpenGL.framework/Versions/A/Libraries/libGLImage.dylib
0x00007ffb1c215000 	/System/Library/Frameworks/OpenGL.framework/Versions/A/Libraries/libCVMSPluginSupport.dylib
0x00007ffb1c200000 	/System/Library/Frameworks/OpenGL.framework/Versions/A/Libraries/libCoreVMClient.dylib
0x00007ffc19940000 	/System/Library/PrivateFrameworks/FontServices.framework/Versions/A/FontServices
0x00007ff828d9c000 	/System/Library/PrivateFrameworks/OTSVG.framework/Versions/A/OTSVG
0x00007ff8211e8000 	/System/Library/Frameworks/ApplicationServices.framework/Versions/A/Frameworks/ATS.framework/Versions/A/Resources/libFontRegistry.dylib
0x00007ffd32ea8000 	/usr/lib/libhvf.dylib
0x00007ffc31f4f000 	/System/Library/PrivateFrameworks/ParsingInternal.framework/Versions/A/ParsingInternal
0x00007ffc19944000 	/System/Library/PrivateFrameworks/FontServices.framework/libXTFontStaticRegistryData.dylib
0x00007ff824567000 	/System/Library/Frameworks/MetalPerformanceShaders.framework/Versions/A/Frameworks/MPSCore.framework/Versions/A/MPSCore
0x00007ff82672d000 	/System/Library/Frameworks/MetalPerformanceShaders.framework/Versions/A/Frameworks/MPSImage.framework/Versions/A/MPSImage
0x00007ff825f85000 	/System/Library/Frameworks/MetalPerformanceShaders.framework/Versions/A/Frameworks/MPSNeuralNetwork.framework/Versions/A/MPSNeuralNetwork
0x00007ff8264e3000 	/System/Library/Frameworks/MetalPerformanceShaders.framework/Versions/A/Frameworks/MPSMatrix.framework/Versions/A/MPSMatrix
0x00007ff826299000 	/System/Library/Frameworks/MetalPerformanceShaders.framework/Versions/A/Frameworks/MPSRayIntersector.framework/Versions/A/MPSRayIntersector
0x00007ff826522000 	/System/Library/Frameworks/MetalPerformanceShaders.framework/Versions/A/Frameworks/MPSNDArray.framework/Versions/A/MPSNDArray
0x00007ffb20deb000 	/System/Library/Frameworks/MetalPerformanceShaders.framework/Versions/A/Frameworks/MPSFunctions.framework/Versions/A/MPSFunctions
0x00007ffb20dcb000 	/System/Library/Frameworks/MetalPerformanceShaders.framework/Versions/A/Frameworks/MPSBenchmarkLoop.framework/Versions/A/MPSBenchmarkLoop
0x00007ffb20e00000 	/System/Library/Frameworks/MetalPerformanceShaders.framework/Versions/A/Frameworks/MPSHost.framework/Versions/A/MPSHost
0x00007ff817399000 	/System/Library/PrivateFrameworks/MetalTools.framework/Versions/A/MetalTools
0x00007ff92743e000 	/System/Library/PrivateFrameworks/IOAccelMemoryInfo.framework/Versions/A/IOAccelMemoryInfo
0x00007ffa15587000 	/System/Library/PrivateFrameworks/kperf.framework/Versions/A/kperf
0x00007ff921f7c000 	/System/Library/PrivateFrameworks/GPURawCounter.framework/Versions/A/GPURawCounter
0x00007ff83206b000 	/System/Library/PrivateFrameworks/CoreSymbolication.framework/Versions/A/CoreSymbolication
0x00007ff921ef9000 	/System/Library/PrivateFrameworks/MallocStackLogging.framework/Versions/A/MallocStackLogging
0x00007ff83204c000 	/System/Library/PrivateFrameworks/DebugSymbols.framework/Versions/A/DebugSymbols
0x00007ff933f7b000 	/System/Library/PrivateFrameworks/OSAnalytics.framework/Versions/A/OSAnalytics
0x00007ffc17b2b000 	/System/Library/PrivateFrameworks/DeviceRecovery.framework/Versions/A/DeviceRecovery
0x00007ffb1ee40000 	/System/Library/Frameworks/ExtensionFoundation.framework/Versions/A/ExtensionFoundation
0x00007ff828de2000 	/System/Library/PrivateFrameworks/AppServerSupport.framework/Versions/A/AppServerSupport
0x00007ffb1ff84000 	/System/Library/Frameworks/LightweightCodeRequirements.framework/Versions/A/LightweightCodeRequirements
0x00007ff828a4c000 	/System/Library/PrivateFrameworks/PlugInKit.framework/Versions/A/PlugInKit
0x00007ff825e06000 	/System/Library/PrivateFrameworks/AssertionServices.framework/Versions/A/AssertionServices
0x00007ff828b81000 	/System/Library/PrivateFrameworks/IconFoundation.framework/Versions/A/IconFoundation
0x00007ffc251b6000 	/System/Library/PrivateFrameworks/IconRendering.framework/Versions/A/IconRendering
0x00007ffd17a23000 	/System/Library/PrivateFrameworks/SFSymbols.framework/Versions/A/SFSymbols
0x00007ff81908e000 	/System/Library/PrivateFrameworks/AudioToolboxCore.framework/Versions/A/AudioToolboxCore
0x00007ff82b39b000 	/System/Library/PrivateFrameworks/AudioSession.framework/Versions/A/AudioSession
0x00007ff914436000 	/System/Library/Frameworks/CoreMIDI.framework/Versions/A/CoreMIDI
0x00007ff82b415000 	/usr/lib/libAudioStatistics.dylib
0x00007ff8234f7000 	/System/Library/PrivateFrameworks/caulk.framework/Versions/A/caulk
0x00007ff829a42000 	/usr/lib/libAudioToolboxUtility.dylib
0x00007ff928a98000 	/usr/lib/swift/libswiftCoreMIDI.dylib
0x00007ff82b819000 	/System/Library/PrivateFrameworks/perfdata.framework/Versions/A/perfdata
0x00007ff920fff000 	/System/Library/PrivateFrameworks/SystemPolicy.framework/Versions/A/SystemPolicy
0x00007ff82b6bc000 	/usr/lib/libSMC.dylib
0x00007ff82b827000 	/usr/lib/libperfcheck.dylib
0x00007ffb2e56f000 	/System/Library/PrivateFrameworks/AudioAnalytics.framework/Versions/A/AudioAnalytics
0x00007ffd33d7a000 	/usr/lib/swift/libswift_DarwinFoundation2.dylib
0x00007ffd33d7b000 	/usr/lib/swift/libswift_DarwinFoundation3.dylib
0x00007ffa277d9000 	/System/Library/Frameworks/OSLog.framework/Versions/A/OSLog
0x00007ff921f29000 	/usr/lib/libmis.dylib
0x00007ff828ca5000 	/System/Library/PrivateFrameworks/MediaExperience.framework/Versions/A/MediaExperience
0x00007ff82b180000 	/System/Library/PrivateFrameworks/AudioSession.framework/libSessionUtility.dylib
0x00007ff829b8c000 	/System/Library/PrivateFrameworks/CMCaptureCore.framework/Versions/A/CMCaptureCore
0x00007ff8308a0000 	/System/Library/Frameworks/CoreBluetooth.framework/Versions/A/CoreBluetooth
0x00007ff825c79000 	/System/Library/PrivateFrameworks/CoreUtils.framework/Versions/A/CoreUtils
0x00007ff91a138000 	/System/Library/PrivateFrameworks/HID.framework/Versions/A/HID
0x00007ffc170c0000 	/System/Library/PrivateFrameworks/CoreUtilsExtras.framework/Versions/A/CoreUtilsExtras
0x00007ffc25106000 	/System/Library/PrivateFrameworks/IO80211.framework/Versions/A/IO80211
0x00007ff82d153000 	/System/Library/Frameworks/IOBluetooth.framework/Versions/A/IOBluetooth
0x00007ffb2e1a9000 	/System/Library/PrivateFrameworks/ArgumentParserInternal.framework/Versions/A/ArgumentParserInternal
0x00007ff8288f2000 	/usr/lib/libIOReport.dylib
0x00007ff825e13000 	/System/Library/Frameworks/SecurityFoundation.framework/Versions/A/SecurityFoundation
0x00007ff817760000 	/System/Library/PrivateFrameworks/Lexicon.framework/Versions/A/Lexicon
0x00007ff825f6c000 	/usr/lib/libgermantok.dylib
0x00007ff824746000 	/System/Library/PrivateFrameworks/LinguisticData.framework/Versions/A/LinguisticData
0x00007ff830a9e000 	/System/Library/PrivateFrameworks/MediaKit.framework/Versions/A/MediaKit
0x00007ff8309f8000 	/System/Library/Frameworks/DiscRecording.framework/Versions/A/DiscRecording
0x00007ff828b78000 	/usr/lib/libheimdal-asn1.dylib
0x00007ff83464d000 	/System/Library/Frameworks/AudioUnit.framework/Versions/A/AudioUnit
0x00007ff821507000 	/System/Library/Frameworks/OpenDirectory.framework/Versions/A/OpenDirectory
0x00007ff821513000 	/System/Library/Frameworks/OpenDirectory.framework/Versions/A/Frameworks/CFOpenDirectory.framework/Versions/A/CFOpenDirectory
0x00007ffb1d60e000 	/System/Library/Frameworks/AVFAudio.framework/Versions/A/AVFAudio
0x00007ff91b090000 	/usr/lib/libAccessibility.dylib
0x00007ffc2885c000 	/System/Library/PrivateFrameworks/IsolatedCoreAudioClient.framework/Versions/A/IsolatedCoreAudioClient
0x00007ffd247b6000 	/System/Library/PrivateFrameworks/Tightbeam.framework/Versions/A/Tightbeam
0x00007ffb3321e000 	/System/Library/PrivateFrameworks/CoreAudioOrchestration.framework/Versions/A/CoreAudioOrchestration
0x00007ffa1a14c000 	/System/Library/PrivateFrameworks/AFKUser.framework/Versions/A/AFKUser
0x00007ff82fbd5000 	/System/Library/Frameworks/MediaAccessibility.framework/Versions/A/MediaAccessibility
0x00007ffd286b7000 	/System/Library/PrivateFrameworks/VideoToolboxParavirtualizationSupport.framework/Versions/A/VideoToolboxParavirtualizationSupport
0x00007ff828b0e000 	/System/Library/PrivateFrameworks/AppleVA.framework/Versions/A/AppleVA
0x00007ff829b16000 	/System/Library/PrivateFrameworks/GPUWrangler.framework/Versions/A/GPUWrangler
0x00007ff829afa000 	/System/Library/PrivateFrameworks/IOPresentment.framework/Versions/A/IOPresentment
0x00007ff829b20000 	/System/Library/PrivateFrameworks/DSExternalDisplay.framework/Versions/A/DSExternalDisplay
0x00007ffb2e00b000 	/System/Library/PrivateFrameworks/AppleMobileFileIntegrity.framework/Versions/A/AppleMobileFileIntegrity
0x00007ffd328bd000 	/usr/lib/libTLE.dylib
0x00007ffb177de000 	/System/Library/PrivateFrameworks/ConfigProfileHelper.framework/Versions/A/ConfigProfileHelper
0x00007ffa2d465000 	/usr/lib/libedit.3.dylib
0x00007ffc29b98000 	/System/Library/PrivateFrameworks/MIL.framework/Versions/A/MIL
0x00007ff927403000 	/usr/lib/libncurses.5.4.dylib
0x00007ff825bb5000 	/System/Library/PrivateFrameworks/CoreEmoji.framework/Versions/A/CoreEmoji
0x00007ff817ac9000 	/usr/lib/libCRFSuite.dylib
0x00007ff824636000 	/System/Library/PrivateFrameworks/CoreNLP.framework/Versions/A/CoreNLP
0x00007ff825f11000 	/usr/lib/libmecab.dylib
0x00007ff826f17000 	/usr/lib/libThaiTokenizer.dylib
0x00007ffa27cb1000 	/System/Library/PrivateFrameworks/HIDDisplay.framework/Versions/A/HIDDisplay
0x00007ff829b57000 	/System/Library/Frameworks/ApplicationServices.framework/Versions/A/Frameworks/ATSUI.framework/Versions/A/ATSUI
0x00007ff82b79d000 	/usr/lib/libcups.2.dylib
0x00007ff82b836000 	/System/Library/Frameworks/Kerberos.framework/Versions/A/Kerberos
0x00007ff82b49a000 	/usr/lib/libresolv.9.dylib
0x00007ff828df7000 	/System/Library/PrivateFrameworks/Heimdal.framework/Versions/A/Heimdal
0x00007ff83464c000 	/System/Library/Frameworks/Kerberos.framework/Versions/A/Libraries/libHeimdalProxy.dylib
0x00007ff82b88e000 	/System/Library/PrivateFrameworks/CommonAuth.framework/Versions/A/CommonAuth
0x00007ff91afa9000 	/System/Library/PrivateFrameworks/AXCoreUtilities.framework/Versions/A/AXCoreUtilities
0x00007ffd32335000 	/usr/lib/libAXSafeCategoryBundle.dylib
0x00007ff8259a3000 	/System/Library/Frameworks/Accelerate.framework/Versions/A/Frameworks/vecLib.framework/Versions/A/libvDSP.dylib
0x00007ff827071000 	/System/Library/Frameworks/Accelerate.framework/Versions/A/Frameworks/vecLib.framework/Versions/A/libLAPACK.dylib
0x00007ff825f6f000 	/System/Library/Frameworks/Accelerate.framework/Versions/A/Frameworks/vecLib.framework/Versions/A/libLinearAlgebra.dylib
0x00007ff826f5b000 	/System/Library/Frameworks/Accelerate.framework/Versions/A/Frameworks/vecLib.framework/Versions/A/libSparseBLAS.dylib
0x00007ff82706b000 	/System/Library/Frameworks/Accelerate.framework/Versions/A/Frameworks/vecLib.framework/Versions/A/libQuadrature.dylib
0x00007ff82474d000 	/System/Library/Frameworks/Accelerate.framework/Versions/A/Frameworks/vecLib.framework/Versions/A/libBNNS.dylib
0x00007ff81786c000 	/System/Library/Frameworks/Accelerate.framework/Versions/A/Frameworks/vecLib.framework/Versions/A/libSparse.dylib
0x00007ff82b800000 	/System/Library/PrivateFrameworks/NetAuth.framework/Versions/A/NetAuth
0x00007ff821707000 	/System/Library/PrivateFrameworks/login.framework/Versions/A/Frameworks/loginsupport.framework/Versions/A/loginsupport
0x00007ff825edf000 	/usr/lib/libCheckFix.dylib
0x00007ff820156000 	/System/Library/PrivateFrameworks/MetadataUtilities.framework/Versions/A/MetadataUtilities
0x00007ffc25ad1000 	/System/Library/PrivateFrameworks/InstalledContentLibrary.framework/Versions/A/InstalledContentLibrary
0x00007ff81a83a000 	/System/Library/PrivateFrameworks/CoreServicesStore.framework/Versions/A/CoreServicesStore
0x00007ffa15685000 	/System/Library/PrivateFrameworks/MobileSystemServices.framework/Versions/A/MobileSystemServices
0x00007ff8285f5000 	/usr/lib/libxslt.1.dylib
0x00007ff825ea2000 	/System/Library/PrivateFrameworks/BackgroundTaskManagement.framework/Versions/A/BackgroundTaskManagement
0x00007ff833dcc000 	/usr/lib/libcurl.4.dylib
0x00007ffd32c55000 	/usr/lib/libcrypto.46.dylib
0x00007ffd3387b000 	/usr/lib/libssl.48.dylib
0x00007ff833aac000 	/System/Library/Frameworks/LDAP.framework/Versions/A/LDAP
0x00007ff833ae7000 	/System/Library/PrivateFrameworks/TrustEvaluationAgent.framework/Versions/A/TrustEvaluationAgent
0x00007ff82b4b7000 	/usr/lib/libsasl2.2.dylib
0x00007ff91f085000 	/usr/lib/swift/libswiftCoreGraphics.dylib
0x00007ff83029b000 	/usr/lib/swift/libswiftFoundation.dylib
0x00007ffb171b1000 	/usr/lib/swift/libswiftSwiftOnoneSupport.dylib
0x00007ffd33ee6000 	/usr/lib/swift/libswiftsys_time.dylib
0x00007ffa238ba000 	/System/Library/PrivateFrameworks/CoreMaterial.framework/Versions/A/CoreMaterial
0x00007ffd33c24000 	/usr/lib/swift/libswiftSpatial.dylib
0x00007ffd328bc000 	/usr/lib/libSpatial.dylib
0x00007ffd3224c000 	/System/Library/SubFrameworks/UIUtilities.framework/Versions/A/UIUtilities
0x0000000109e08000 	/Users/ashakulp/.p2/pool/plugins/org.eclipse.justj.openjdk.hotspot.jre.full.macosx.x86_64_21.0.9.v20251105-0741/jre/lib/server/libjvm.dylib
0x0000000108b43000 	/Users/ashakulp/.p2/pool/plugins/org.eclipse.justj.openjdk.hotspot.jre.full.macosx.x86_64_21.0.9.v20251105-0741/jre/lib/libjimage.dylib
0x0000000108bd2000 	/Users/ashakulp/.p2/pool/plugins/org.eclipse.justj.openjdk.hotspot.jre.full.macosx.x86_64_21.0.9.v20251105-0741/jre/lib/libjava.dylib
0x000000010978c000 	/Users/ashakulp/.p2/pool/plugins/org.eclipse.justj.openjdk.hotspot.jre.full.macosx.x86_64_21.0.9.v20251105-0741/jre/lib/libnio.dylib
0x00000001097c6000 	/Users/ashakulp/.p2/pool/plugins/org.eclipse.justj.openjdk.hotspot.jre.full.macosx.x86_64_21.0.9.v20251105-0741/jre/lib/libnet.dylib
0x00000001098e4000 	/Users/ashakulp/.p2/pool/plugins/org.eclipse.justj.openjdk.hotspot.jre.full.macosx.x86_64_21.0.9.v20251105-0741/jre/lib/libzip.dylib
0x0000000109a8b000 	/Users/ashakulp/.p2/pool/plugins/org.eclipse.justj.openjdk.hotspot.jre.full.macosx.x86_64_21.0.9.v20251105-0741/jre/lib/libawt.dylib
0x0000000109cc0000 	/Users/ashakulp/.p2/pool/plugins/org.eclipse.justj.openjdk.hotspot.jre.full.macosx.x86_64_21.0.9.v20251105-0741/jre/lib/libmlib_image.dylib
0x00007ffb1ff75000 	/System/Library/Frameworks/JavaRuntimeSupport.framework/Versions/A/JavaRuntimeSupport
0x00007ff9209fd000 	/System/Library/Frameworks/Carbon.framework/Versions/A/Carbon
0x00007ff916b05000 	/System/Library/Frameworks/Carbon.framework/Versions/A/Frameworks/CommonPanels.framework/Versions/A/CommonPanels
0x00007ff833db9000 	/System/Library/Frameworks/Carbon.framework/Versions/A/Frameworks/Help.framework/Versions/A/Help
0x00007ff916b09000 	/System/Library/Frameworks/Carbon.framework/Versions/A/Frameworks/ImageCapture.framework/Versions/A/ImageCapture
0x00007ff916ae6000 	/System/Library/Frameworks/Carbon.framework/Versions/A/Frameworks/OpenScripting.framework/Versions/A/OpenScripting
0x00007ff916b04000 	/System/Library/Frameworks/Carbon.framework/Versions/A/Frameworks/Ink.framework/Versions/A/Ink
0x00007ff916b01000 	/System/Library/Frameworks/Carbon.framework/Versions/A/Frameworks/SecurityHI.framework/Versions/A/SecurityHI
0x00007ffd32737000 	/usr/lib/libInterpreterSecurity.dylib
0x00007ffa17329000 	/System/Library/PrivateFrameworks/XprotectFramework.framework/Versions/A/XprotectFramework
0x00007ff91a441000 	/System/Library/PrivateFrameworks/yara.framework/Versions/A/yara
0x00007ffd32725000 	/usr/lib/libEndpointSecuritySystem.dylib
0x0000000123606000 	/Users/ashakulp/.p2/pool/plugins/org.eclipse.justj.openjdk.hotspot.jre.full.macosx.x86_64_21.0.9.v20251105-0741/jre/lib/libawt_lwawt.dylib
0x0000000109a19000 	/Users/ashakulp/.p2/pool/plugins/org.eclipse.justj.openjdk.hotspot.jre.full.macosx.x86_64_21.0.9.v20251105-0741/jre/lib/libosxapp.dylib
0x00007ff91f0e9000 	/System/Library/Frameworks/ExceptionHandling.framework/Versions/A/ExceptionHandling
0x0000000123a39000 	/Users/ashakulp/.p2/pool/plugins/org.eclipse.justj.openjdk.hotspot.jre.full.macosx.x86_64_21.0.9.v20251105-0741/jre/lib/libfontmanager.dylib
0x00000001238e2000 	/Users/ashakulp/.p2/pool/plugins/org.eclipse.justj.openjdk.hotspot.jre.full.macosx.x86_64_21.0.9.v20251105-0741/jre/lib/libfreetype.dylib
0x00007ff8213d6000 	/System/Library/PrivateFrameworks/ViewBridge.framework/Versions/A/ViewBridge
0x00007ffb1d8ab000 	/System/Library/Frameworks/AppIntents.framework/Versions/A/AppIntents
0x00007ffb26c15000 	/System/Library/Frameworks/RelevanceKit.framework/Versions/A/RelevanceKit
0x00007ff826b3e000 	/System/Library/Frameworks/CoreSpotlight.framework/Versions/A/CoreSpotlight
0x00007ffc29702000 	/System/Library/PrivateFrameworks/LinkServices.framework/Versions/A/LinkServices
0x00007ffc17fd8000 	/System/Library/PrivateFrameworks/DoNotDisturb.framework/Versions/A/DoNotDisturb
0x00007ffc29580000 	/System/Library/PrivateFrameworks/LinkMetadata.framework/Versions/A/LinkMetadata
0x00007ff921fa0000 	/usr/lib/swift/libswiftIntents.dylib
0x00007ff927559000 	/System/Library/PrivateFrameworks/IntentsCore.framework/Versions/A/IntentsCore
0x00007ffb2e948000 	/System/Library/PrivateFrameworks/AvailabilityKit.framework/Versions/A/AvailabilityKit
0x00007ffb2bd93000 	/System/Library/PrivateFrameworks/AppIntentSchemas.framework/Versions/A/AppIntentSchemas
0x00007ffc1f8b3000 	/System/Library/PrivateFrameworks/GRDBInternal.framework/Versions/A/GRDBInternal
0x00007ffd20b6a000 	/System/Library/PrivateFrameworks/StatusKit.framework/Versions/A/StatusKit
0x00007ff831182000 	/System/Library/PrivateFrameworks/GenerationalStorage.framework/Versions/A/GenerationalStorage
0x00007ff830fa7000 	/System/Library/Frameworks/FileProvider.framework/Versions/A/FileProvider
0x00007ff81c3a9000 	/System/Library/PrivateFrameworks/DesktopServicesPriv.framework/Versions/A/DesktopServicesPriv
0x00007ff81e93a000 	/System/Library/Frameworks/Accounts.framework/Versions/A/Accounts
0x00007ff921a46000 	/System/Library/PrivateFrameworks/FTServices.framework/Versions/A/FTServices
0x00007ff91a0f7000 	/System/Library/PrivateFrameworks/CloudServices.framework/Versions/A/CloudServices
0x00007ff83361d000 	/System/Library/PrivateFrameworks/CoreWiFi.framework/Versions/A/CoreWiFi
0x00007ff822ef2000 	/System/Library/Frameworks/CoreLocation.framework/Versions/A/CoreLocation
0x00007ff832f49000 	/System/Library/Frameworks/Intents.framework/Versions/A/Intents
0x00007ffb29157000 	/System/Library/Frameworks/_LocationEssentials.framework/Versions/A/_LocationEssentials
0x00007ff826af0000 	/System/Library/Frameworks/UserNotifications.framework/Versions/A/UserNotifications
0x00007ff82681f000 	/System/Library/PrivateFrameworks/AuthKit.framework/Versions/A/AuthKit
0x00007ff82cdbf000 	/System/Library/PrivateFrameworks/Sharing.framework/Versions/A/Sharing
0x00007ff82c931000 	/System/Library/PrivateFrameworks/IDSFoundation.framework/Versions/A/IDSFoundation
0x00007ff83361c000 	/System/Library/PrivateFrameworks/Apple80211.framework/Versions/A/Apple80211
0x00007ff825bfb000 	/System/Library/Frameworks/CoreWLAN.framework/Versions/A/CoreWLAN
0x00007ff928a7c000 	/usr/lib/swift/libswiftCoreLocation.dylib
0x00007ff82b0d6000 	/System/Library/PrivateFrameworks/IMFoundation.framework/Versions/A/IMFoundation
0x00007ff91a440000 	/System/Library/PrivateFrameworks/Marco.framework/Versions/A/Marco
0x00007ff81e9c7000 	/System/Library/PrivateFrameworks/CommonUtilities.framework/Versions/A/CommonUtilities
0x00007ff916acf000 	/System/Library/PrivateFrameworks/Engram.framework/Versions/A/Engram
0x00007ffd33b85000 	/usr/lib/swift/libswiftRegexBuilder.dylib
0x00007ff916a71000 	/usr/lib/libtidy.A.dylib
0x00007ff8290d7000 	/System/Library/PrivateFrameworks/Bom.framework/Versions/A/Bom
0x00007ff82b4d7000 	/usr/lib/libParallelCompression.dylib
0x00007ffa2f3c0000 	/System/Library/PrivateFrameworks/WiFiPeerToPeer.framework/Versions/A/WiFiPeerToPeer
0x00007ffd3338a000 	/usr/lib/libmrc.dylib
0x00007ffc25178000 	/System/Library/PrivateFrameworks/IPConfiguration.framework/Versions/A/IPConfiguration
0x00007ffa2387f000 	/System/Library/PrivateFrameworks/Netrb.framework/Versions/A/Netrb
0x00007ff82b4ca000 	/System/Library/PrivateFrameworks/MultiverseSupport.framework/Versions/A/MultiverseSupport
0x00007ff830ad1000 	/System/Library/PrivateFrameworks/DiskManagement.framework/Versions/A/DiskManagement
0x00007ff8309eb000 	/System/Library/PrivateFrameworks/AppleIDAuthSupport.framework/Versions/A/AppleIDAuthSupport
0x00007ffb297f5000 	/System/Library/PrivateFrameworks/AAAFoundation.framework/Versions/A/AAAFoundation
0x00007ff82b9cf000 	/System/Library/PrivateFrameworks/KeychainCircle.framework/Versions/A/KeychainCircle
0x00007ff91afa0000 	/System/Library/PrivateFrameworks/URLFormatting.framework/Versions/A/URLFormatting
0x00007ff833dc1000 	/usr/lib/libcsfde.dylib
0x00007ff828a97000 	/usr/lib/libCoreStorage.dylib
0x00007ff82d227000 	/System/Library/PrivateFrameworks/ProtectedCloudStorage.framework/Versions/A/ProtectedCloudStorage
0x00007ff833dbd000 	/System/Library/PrivateFrameworks/EFILogin.framework/Versions/A/EFILogin
0x00007ff8311ac000 	/System/Library/PrivateFrameworks/OctagonTrust.framework/Versions/A/OctagonTrust
0x00007ff82d4a5000 	/System/Library/PrivateFrameworks/GeoServices.framework/Versions/A/GeoServices
0x00007ff82b149000 	/System/Library/PrivateFrameworks/LocationSupport.framework/Versions/A/LocationSupport
0x00007ffc22402000 	/System/Library/PrivateFrameworks/GeoServicesCore.framework/Versions/A/GeoServicesCore
0x00007ff91af9f000 	/System/Library/PrivateFrameworks/PhoneNumbers.framework/Versions/A/PhoneNumbers
0x00007ffc29a96000 	/System/Library/PrivateFrameworks/LocationLogEncryption.framework/Versions/A/LocationLogEncryption
0x00007ff82c74b000 	/System/Library/PrivateFrameworks/IDS.framework/Versions/A/IDS
0x00007ffa2a6dd000 	/System/Library/Frameworks/CryptoKit.framework/Versions/A/CryptoKit
0x00007ff834648000 	/System/Library/PrivateFrameworks/CryptoKitCBridging.framework/Versions/A/CryptoKitCBridging
0x00007ff831d2d000 	/System/Library/Frameworks/CryptoTokenKit.framework/Versions/A/CryptoTokenKit
0x00007ff9309df000 	/System/Library/PrivateFrameworks/FTAWD.framework/Versions/A/FTAWD
0x00007ff81a958000 	/usr/lib/libsandbox.1.dylib
0x00007ff828a8f000 	/usr/lib/libMatch.1.dylib
0x00007ff834705000 	/System/Library/PrivateFrameworks/IntentsFoundation.framework/Versions/A/IntentsFoundation
0x00000001235cf000 	/usr/lib/libobjc-trampolines.dylib
0x00007ff92bd17000 	/System/Library/CoreServices/RawCamera.bundle/Contents/MacOS/RawCamera
0x00007ff82a08f000 	/System/Library/Frameworks/MediaToolbox.framework/Versions/A/MediaToolbox
0x00007ff830f7b000 	/System/Library/PrivateFrameworks/CoreAVCHD.framework/Versions/A/CoreAVCHD
0x00007ff830f77000 	/System/Library/PrivateFrameworks/Mangrove.framework/Versions/A/Mangrove
0x00007ffb30073000 	/System/Library/PrivateFrameworks/CMPhoto.framework/Versions/A/CMPhoto
0x00007ff83172a000 	/System/Library/Frameworks/CoreTelephony.framework/Versions/A/CoreTelephony
0x00007ff831f1d000 	/System/Library/PrivateFrameworks/AppleVPA.framework/Versions/A/AppleVPA
0x00007ff830bbc000 	/System/Library/PrivateFrameworks/CoreAUC.framework/Versions/A/CoreAUC
0x00007ffb2d3f6000 	/System/Library/PrivateFrameworks/AppleJPEGXL.framework/Versions/A/AppleJPEGXL
0x00007ff82ba20000 	/usr/lib/libTelephonyUtilDynamic.dylib
0x00007ff928a5f000 	/System/Library/Frameworks/Accelerate.framework/Versions/A/Frameworks/vImage.framework/Versions/A/Libraries/libCGInterfaces.dylib
0x00007ffb2908f000 	/System/Library/Frameworks/_AppIntents_AppKit.framework/Versions/A/_AppIntents_AppKit
0x00007ffd32339000 	/usr/lib/libAccessibilityBaseImplementations.dylib
0x00007ffd2c40f000 	/System/Library/PrivateFrameworks/WritingToolsUI.framework/Versions/A/WritingToolsUI
0x00007ffc21ebf000 	/System/Library/PrivateFrameworks/GenerativeAssistantSettings.framework/Versions/A/GenerativeAssistantSettings
0x00007ffd226a3000 	/System/Library/PrivateFrameworks/TextComposer.framework/Versions/A/TextComposer
0x00007ffc21e9b000 	/System/Library/PrivateFrameworks/GenerativeAssistantCommon.framework/Versions/A/GenerativeAssistantCommon
0x00007ff929aea000 	/System/Library/Frameworks/SwiftUI.framework/Versions/A/SwiftUI
0x00007ffb290c0000 	/System/Library/Frameworks/_AuthenticationServices_SwiftUI.framework/Versions/A/_AuthenticationServices_SwiftUI
0x00007ffb2bb21000 	/System/Library/PrivateFrameworks/Anvil.framework/Versions/A/Anvil
0x00007ff92909e000 	/System/Library/PrivateFrameworks/AppStoreDaemon.framework/Versions/A/AppStoreDaemon
0x00007ff91469e000 	/System/Library/PrivateFrameworks/AppleMediaServices.framework/Versions/A/AppleMediaServices
0x00007ffc22295000 	/System/Library/PrivateFrameworks/GenerativePartnerServiceUI.framework/Versions/A/GenerativePartnerServiceUI
0x00007ffb167ee000 	/System/Library/PrivateFrameworks/JetEngine.framework/Versions/A/JetEngine
0x00007ffc22277000 	/System/Library/PrivateFrameworks/GenerativePartnerService.framework/Versions/A/GenerativePartnerService
0x00007ff921bdd000 	/System/Library/Frameworks/SafariServices.framework/Versions/A/SafariServices
0x00007ff91f15f000 	/System/Library/Frameworks/WebKit.framework/Versions/A/WebKit
0x00007ff9252f5000 	/System/Library/PrivateFrameworks/AppleMediaServicesUI.framework/Versions/A/AppleMediaServicesUI
0x00007ff92296a000 	/System/Library/PrivateFrameworks/OnBoardingKit.framework/Versions/A/OnBoardingKit
0x00007ffd191cc000 	/System/Library/PrivateFrameworks/Settings.framework/Versions/A/Settings
0x00007ffb1ef62000 	/System/Library/Frameworks/ExtensionKit.framework/Versions/A/ExtensionKit
0x00007ffb1efa0000 	/System/Library/Frameworks/FSKit.framework/Versions/A/FSKit
0x00007ffc29881000 	/System/Library/PrivateFrameworks/LiveFS.framework/Versions/A/LiveFS
0x00007ffd22594000 	/System/Library/PrivateFrameworks/TextAnimationSupport.framework/Versions/A/TextAnimationSupport
0x00007ffd16ad8000 	/System/Library/PrivateFrameworks/RecapPerformanceTesting.framework/Versions/A/RecapPerformanceTesting
0x00007ff92295c000 	/System/Library/PrivateFrameworks/SignpostCollection.framework/Versions/A/SignpostCollection
0x00007ff914000000 	/System/Library/Frameworks/WebKit.framework/Versions/A/Frameworks/WebKitLegacy.framework/Versions/A/WebKitLegacy
0x00007ff834451000 	/System/Library/PrivateFrameworks/CorePrediction.framework/Versions/A/CorePrediction
0x00007ff822209000 	/System/Library/Frameworks/WebKit.framework/Versions/A/Frameworks/WebCore.framework/Versions/A/Frameworks/libwebrtc.dylib
0x00007ff91f0eb000 	/System/Library/PrivateFrameworks/SafariSafeBrowsing.framework/Versions/A/SafariSafeBrowsing
0x00007ff82b543000 	/System/Library/Frameworks/SecurityInterface.framework/Versions/A/SecurityInterface
0x00007ff922969000 	/System/Library/PrivateFrameworks/WebInspectorUI.framework/Versions/A/WebInspectorUI
0x00007ff916b0b000 	/System/Library/Frameworks/JavaScriptCore.framework/Versions/A/JavaScriptCore
0x00007ff91b0be000 	/System/Library/Frameworks/WebKit.framework/Versions/A/Frameworks/WebCore.framework/Versions/A/WebCore
0x00007ffb1e2bf000 	/System/Library/Frameworks/BrowserEngineCore.framework/Versions/A/BrowserEngineCore
0x00007ffb28c8a000 	/System/Library/Frameworks/WebKit.framework/Versions/A/Frameworks/WebCore.framework/Versions/A/Frameworks/libANGLE-shared.dylib
0x00007ffd2ae62000 	/System/Library/PrivateFrameworks/WebGPU.framework/Versions/A/WebGPU
0x00007ff924907000 	/System/Library/Frameworks/SceneKit.framework/Versions/A/SceneKit
0x00007ffa15f2c000 	/System/Library/Frameworks/ModelIO.framework/Versions/A/ModelIO
0x00007ff82d317000 	/System/Library/Frameworks/MetalKit.framework/Versions/A/MetalKit
0x00007ff82f80f000 	/System/Library/Frameworks/GLKit.framework/Versions/A/GLKit
0x00007ffe1407c000 	/usr/lib/usd/libusd_ms.dylib
0x00007ffd2674c000 	/System/Library/PrivateFrameworks/USDLib_FormatLoaderProxy.framework/Versions/A/USDLib_FormatLoaderProxy
0x00007ffd33ee1000 	/usr/lib/swift/libswift_errno.dylib
0x00007ff921a26000 	/System/Library/PrivateFrameworks/CoreOptimization.framework/Versions/A/CoreOptimization
0x00007ffb2e817000 	/System/Library/PrivateFrameworks/AuthenticationServicesCore.framework/Versions/A/AuthenticationServicesCore
0x00007ff92c1e0000 	/System/Library/Frameworks/AuthenticationServices.framework/Versions/A/AuthenticationServices
0x00007ff828a28000 	/System/Library/PrivateFrameworks/SharedWebCredentials.framework/Versions/A/SharedWebCredentials
0x00007ff9238cd000 	/System/Library/PrivateFrameworks/SafariCore.framework/Versions/A/SafariCore
0x00007ff92bcc7000 	/System/Library/PrivateFrameworks/SafariFoundation.framework/Versions/A/SafariFoundation
0x00007ff830537000 	/System/Library/Frameworks/Contacts.framework/Versions/A/Contacts
0x00007ffb2fb1f000 	/System/Library/PrivateFrameworks/CBORLibrary.framework/Versions/A/CBORLibrary
0x00007ffb30968000 	/System/Library/PrivateFrameworks/Chirp.framework/Versions/A/Chirp
0x00007ffb313b0000 	/System/Library/PrivateFrameworks/CloudSubscriptionFeatures.framework/Versions/A/CloudSubscriptionFeatures
0x00007ff83029c000 	/System/Library/PrivateFrameworks/ContactsFoundation.framework/Versions/A/ContactsFoundation
0x00007ffb17b18000 	/System/Library/PrivateFrameworks/RemoteManagement.framework/Versions/A/RemoteManagement
0x00007ffd16df0000 	/System/Library/PrivateFrameworks/RemoteManagementModel.framework/Versions/A/RemoteManagementModel
0x00007ffd16e80000 	/System/Library/PrivateFrameworks/RemoteManagementStore.framework/Versions/A/RemoteManagementStore
0x00007ff82d334000 	/usr/lib/libxcselect.dylib
0x00007ff92bc31000 	/System/Library/PrivateFrameworks/DifferentialPrivacy.framework/Versions/A/DifferentialPrivacy
0x00007ffc2c29b000 	/System/Library/PrivateFrameworks/ManagedSettingsObjC.framework/Versions/A/ManagedSettingsObjC
0x00007ffc29a9a000 	/System/Library/PrivateFrameworks/LockdownMode.framework/Versions/A/LockdownMode
0x00007ffd272a9000 	/System/Library/PrivateFrameworks/VDAF.framework/Versions/A/VDAF
0x00007ff830363000 	/System/Library/PrivateFrameworks/ContactsPersistence.framework/Versions/A/ContactsPersistence
0x00007ff82f4fd000 	/System/Library/PrivateFrameworks/AppleLDAP.framework/Versions/A/AppleLDAP
0x00007ff834169000 	/System/Library/Frameworks/ClassKit.framework/Versions/A/ClassKit
0x00007ff8364ac000 	/System/Library/PrivateFrameworks/CoreSuggestions.framework/Versions/A/CoreSuggestions
0x00007ff831ce3000 	/System/Library/PrivateFrameworks/vCard.framework/Versions/A/vCard
0x00007ffb31edc000 	/System/Library/PrivateFrameworks/ContactsMetrics.framework/Versions/A/ContactsMetrics
0x00007ff828ea3000 	/System/Library/PrivateFrameworks/login.framework/Versions/A/login
0x00007ffc2c296000 	/System/Library/PrivateFrameworks/ManagedOrganizationContacts.framework/Versions/A/ManagedOrganizationContacts
0x00007ff821b74000 	/System/Library/PrivateFrameworks/CloudDocs.framework/Versions/A/CloudDocs
0x00007ff91a965000 	/System/Library/PrivateFrameworks/ProactiveEventTracker.framework/Versions/A/ProactiveEventTracker
0x00007ff82b57b000 	/System/Library/PrivateFrameworks/CoreFollowUp.framework/Versions/A/CoreFollowUp
0x00007ff8358fc000 	/System/Library/PrivateFrameworks/ConfigurationProfiles.framework/Versions/A/ConfigurationProfiles
0x00007ffc17313000 	/System/Library/PrivateFrameworks/DMCUtilities.framework/Versions/A/DMCUtilities
0x00007ffc29b11000 	/System/Library/PrivateFrameworks/MDMClientLibrary.framework/Versions/A/MDMClientLibrary
0x00007ffd16e75000 	/System/Library/PrivateFrameworks/RemoteManagementProtocol.framework/Versions/A/RemoteManagementProtocol
0x00007ff82fbea000 	/System/Library/PrivateFrameworks/SystemAdministration.framework/Versions/A/SystemAdministration
0x00007ff9188de000 	/System/Library/PrivateFrameworks/PowerlogControl.framework/Versions/A/PowerlogControl
0x00007ff9188e0000 	/usr/lib/libUniversalAccess.dylib
0x00007ff914fe1000 	/System/Library/PrivateFrameworks/FamilyControls.framework/Versions/A/FamilyControls
0x00007ff82f4d5000 	/System/Library/Frameworks/DirectoryService.framework/Versions/A/DirectoryService
0x00007ff833e50000 	/System/Library/PrivateFrameworks/LoginUIKit.framework/Versions/A/Frameworks/LoginUICore.framework/Versions/A/LoginUICore
0x00007ff8290d6000 	/usr/lib/libodfde.dylib
0x00007ff914fdc000 	/System/Library/PrivateFrameworks/UniversalAccess.framework/Versions/A/Libraries/libUAPreferences.dylib
0x00007ff915004000 	/System/Library/PrivateFrameworks/CommerceKit.framework/Versions/A/Frameworks/CommerceCore.framework/Versions/A/CommerceCore
0x00007ffc17289000 	/System/Library/PrivateFrameworks/DEPClientLibrary.framework/Versions/A/DEPClientLibrary
0x00007ffc172ae000 	/System/Library/PrivateFrameworks/DMCEnrollmentLibrary.framework/Versions/A/DMCEnrollmentLibrary
0x00007ff9189bf000 	/System/Library/PrivateFrameworks/SetupAssistantFramework.framework/Versions/A/SetupAssistantFramework
0x00007ff8344a7000 	/System/Library/PrivateFrameworks/AuthKitUI.framework/Versions/A/AuthKitUI
0x00007ff833e95000 	/System/Library/PrivateFrameworks/AppSSO.framework/Versions/A/AppSSO
0x00007ff928e0c000 	/System/Library/PrivateFrameworks/LocalAuthenticationUI.framework/Versions/A/LocalAuthenticationUI
0x00007ffd14d74000 	/System/Library/PrivateFrameworks/PlatformSSO.framework/Versions/A/PlatformSSO
0x00007ffd14e75000 	/System/Library/PrivateFrameworks/PlatformSSOCore.framework/Versions/A/PlatformSSOCore
0x00007ffb1fffc000 	/System/Library/Frameworks/LocalAuthenticationEmbeddedUI.framework/Versions/A/LocalAuthenticationEmbeddedUI
0x00007ff9298bf000 	/System/Library/PrivateFrameworks/AOSUI.framework/Versions/A/AOSUI
0x00007ff91a748000 	/System/Library/Frameworks/ContactsUI.framework/Versions/A/ContactsUI
0x00007ff8307b0000 	/System/Library/PrivateFrameworks/FamilyCircle.framework/Versions/A/FamilyCircle
0x00007ffa1774b000 	/System/Library/Frameworks/LinkPresentation.framework/Versions/A/LinkPresentation
0x00007ff91a335000 	/System/Library/PrivateFrameworks/IASUtilities.framework/Versions/A/IASUtilities
0x00007ffc25068000 	/System/Library/PrivateFrameworks/IASUtilitiesCore.framework/Versions/A/IASUtilitiesCore
0x00007ffd16ee6000 	/System/Library/PrivateFrameworks/RemoteUI.framework/Versions/A/RemoteUI
0x00007ffc29039000 	/System/Library/PrivateFrameworks/LiftUI.framework/Versions/A/LiftUI
0x00007ffd2cdd7000 	/System/Library/PrivateFrameworks/_IconServices_SwiftUI.framework/Versions/A/_IconServices_SwiftUI
0x00007ffb312fc000 	/System/Library/PrivateFrameworks/CloudSettings.framework/Versions/A/CloudSettings
0x00007ff83657a000 	/System/Library/Frameworks/EventKit.framework/Versions/A/EventKit
0x00007ff922b75000 	/System/Library/PrivateFrameworks/SearchFoundation.framework/Versions/A/SearchFoundation
0x00007ffa19807000 	/System/Library/PrivateFrameworks/Email.framework/Versions/A/Email
0x00007ff921633000 	/System/Library/PrivateFrameworks/CoreRoutine.framework/Versions/A/CoreRoutine
0x00007ffb174d1000 	/System/Library/PrivateFrameworks/VoiceShortcutClient.framework/Versions/A/VoiceShortcutClient
0x00007ff931546000 	/System/Library/PrivateFrameworks/Categories.framework/Versions/A/Categories
0x00007ff929780000 	/System/Library/PrivateFrameworks/ChronoServices.framework/Versions/A/ChronoServices
0x00007ffb3046f000 	/System/Library/PrivateFrameworks/CalendarDatabase.framework/Versions/A/CalendarDatabase
0x00007ffb303b8000 	/System/Library/PrivateFrameworks/CalendarDaemon.framework/Versions/A/CalendarDaemon
0x00007ff83585f000 	/System/Library/PrivateFrameworks/CalendarFoundation.framework/Versions/A/CalendarFoundation
0x00007ff83581a000 	/System/Library/PrivateFrameworks/iCalendar.framework/Versions/A/iCalendar
0x00007ffc17504000 	/System/Library/PrivateFrameworks/DataAccessExpress.framework/Versions/A/DataAccessExpress
0x00007ff91a897000 	/System/Library/PrivateFrameworks/ContactsAutocomplete.framework/Versions/A/ContactsAutocomplete
0x00007ff9296c9000 	/System/Library/PrivateFrameworks/FTClientServices.framework/Versions/A/FTClientServices
0x00007ffc31665000 	/System/Library/PrivateFrameworks/OSEligibility.framework/Versions/A/OSEligibility
0x00007ffd210b4000 	/System/Library/PrivateFrameworks/StorageContainersPrivate.framework/Versions/A/StorageContainersPrivate
0x00007ffd33b3e000 	/usr/lib/swift/libswiftCoreMediaIO.dylib
0x00007ff91a1b5000 	/System/Library/PrivateFrameworks/CoreDAV.framework/Versions/A/CoreDAV
0x00007ff83644b000 	/System/Library/PrivateFrameworks/CalDAV.framework/Versions/A/CalDAV
0x00007ff91edf5000 	/System/Library/PrivateFrameworks/TelephonyUtilities.framework/Versions/A/TelephonyUtilities
0x00007ffb1ffc1000 	/System/Library/Frameworks/LiveCommunicationKit.framework/Versions/A/LiveCommunicationKit
0x00007ffb31afa000 	/System/Library/PrivateFrameworks/CommunicationTrust.framework/Versions/A/CommunicationTrust
0x00007ff9236ea000 	/System/Library/Frameworks/CallKit.framework/Versions/A/CallKit
0x00007ff8307a9000 	/System/Library/PrivateFrameworks/CommunicationsFilter.framework/Versions/A/CommunicationsFilter
0x00007ffa2d59f000 	/System/Library/PrivateFrameworks/IMTransferServices.framework/Versions/A/IMTransferServices
0x00007ff921a40000 	/System/Library/PrivateFrameworks/IncomingCallFilter.framework/Versions/A/IncomingCallFilter
0x00007ffc2fdb4000 	/System/Library/PrivateFrameworks/NeighborhoodActivityConduit.framework/Versions/A/NeighborhoodActivityConduit
0x00007ff925c60000 	/System/Library/PrivateFrameworks/CallHistory.framework/Versions/A/CallHistory
0x00007ffd32585000 	/usr/lib/libBASupport.dylib
0x00007ffb30828000 	/System/Library/PrivateFrameworks/CallsUtilities.framework/Versions/A/CallsUtilities
0x00007ffb30832000 	/System/Library/PrivateFrameworks/CallsXPC.framework/Versions/A/CallsXPC
0x00007ffb17c4f000 	/usr/lib/swift/libswiftCallKit.dylib
0x00007ffb3081d000 	/System/Library/PrivateFrameworks/CallsPersistence.framework/Versions/A/CallsPersistence
0x00007ffb26ed1000 	/System/Library/Frameworks/SensitiveContentAnalysis.framework/Versions/A/SensitiveContentAnalysis
0x00007ff926dd1000 	/System/Library/PrivateFrameworks/PeopleSuggester.framework/Versions/A/PeopleSuggester
0x00007ff93032a000 	/System/Library/PrivateFrameworks/SpotlightReceiver.framework/Versions/A/SpotlightReceiver
0x00007ffd2cda3000 	/System/Library/PrivateFrameworks/_AppIntentsServices_AppIntents.framework/Versions/A/_AppIntentsServices_AppIntents
0x00007ffb2bdf4000 	/System/Library/PrivateFrameworks/AppIntentsServices.framework/Versions/A/AppIntentsServices
0x00007ff835804000 	/System/Library/PrivateFrameworks/CoreRecents.framework/Versions/A/CoreRecents
0x00007ffb1f5c8000 	/System/Library/Frameworks/GeoToolbox.framework/Versions/A/GeoToolbox
0x00007ffb2912c000 	/System/Library/Frameworks/_GeoToolbox_AppIntents.framework/Versions/A/_GeoToolbox_AppIntents
0x00007ffa2334d000 	/System/Library/PrivateFrameworks/DiagnosticRequest.framework/Versions/A/DiagnosticRequest
0x00007ffd2ccfe000 	/System/Library/PrivateFrameworks/XPCDistributed.framework/Versions/A/XPCDistributed
0x00007ffd16b68000 	/System/Library/PrivateFrameworks/RegulatoryDomain.framework/Versions/A/RegulatoryDomain
0x00007ff82f8e9000 	/usr/lib/libCTGreenTeaLogger.dylib
0x00007ffc29a74000 	/System/Library/PrivateFrameworks/LocalStatusKit.framework/Versions/A/LocalStatusKit
0x00007ff91ecd9000 	/System/Library/PrivateFrameworks/CoreParsec.framework/Versions/A/CoreParsec
0x00007ffa197fb000 	/System/Library/PrivateFrameworks/EmailAddressing.framework/Versions/A/EmailAddressing
0x00007ffa15749000 	/System/Library/PrivateFrameworks/EmailCore.framework/Versions/A/EmailCore
0x00007ffa16812000 	/System/Library/PrivateFrameworks/EmailFoundation.framework/Versions/A/EmailFoundation
0x00007ffc32ace000 	/System/Library/PrivateFrameworks/PegasusAPI.framework/Versions/A/PegasusAPI
0x00007ffc33458000 	/System/Library/PrivateFrameworks/PegasusConfiguration.framework/Versions/A/PegasusConfiguration
0x00007ffd250c4000 	/System/Library/PrivateFrameworks/ToolKit.framework/Versions/A/ToolKit
0x00007ffd171f7000 	/System/Library/PrivateFrameworks/ReplicatorEngine.framework/Versions/A/ReplicatorEngine
0x00007ffd1735c000 	/System/Library/PrivateFrameworks/ReplicatorServices.framework/Versions/A/ReplicatorServices
0x00007ffd21f70000 	/System/Library/PrivateFrameworks/SystemWake.framework/Versions/A/SystemWake
0x00007ff9238b4000 	/System/Library/PrivateFrameworks/ContextKit.framework/Versions/A/ContextKit
0x00007ffb3202a000 	/System/Library/PrivateFrameworks/ContextKitCore.framework/Versions/A/ContextKitCore
0x00007ff921cb5000 	/System/Library/Frameworks/LocalAuthentication.framework/Support/DaemonUtils.framework/Versions/A/DaemonUtils
0x00007ffc29a10000 	/System/Library/PrivateFrameworks/LocalAuthenticationCoreUI.framework/Versions/A/LocalAuthenticationCoreUI
0x00007ff9252c0000 	/System/Library/PrivateFrameworks/BridgeXPC.framework/Versions/A/BridgeXPC
0x00007ff922a3b000 	/System/Library/PrivateFrameworks/CoreKDL.framework/Versions/A/CoreKDL
0x00007ff920ff8000 	/System/Library/PrivateFrameworks/EmbeddedOSSupportHost.framework/Versions/A/EmbeddedOSSupportHost
0x00007ff915a9e000 	/System/Library/PrivateFrameworks/LoginUIKit.framework/Versions/A/LoginUIKit
0x00007ff9319a8000 	/System/Library/PrivateFrameworks/StorageKit.framework/Versions/A/StorageKit
0x00007ffb195ac000 	/System/Library/Frameworks/DeviceCheck.framework/Versions/A/DeviceCheck
0x00007ff931a21000 	/System/Library/PrivateFrameworks/CoreWLANKit.framework/Versions/A/CoreWLANKit
0x00007ffd2a362000 	/System/Library/PrivateFrameworks/Wallpaper.framework/Versions/A/Wallpaper
0x00007ffd33b55000 	/usr/lib/swift/libswiftGLKit.dylib
0x00007ffd33b60000 	/usr/lib/swift/libswiftMetalKit.dylib
0x00007ffd33b64000 	/usr/lib/swift/libswiftModelIO.dylib
0x00007ffd33c21000 	/usr/lib/swift/libswiftSceneKit.dylib
0x00007ffc17d02000 	/System/Library/PrivateFrameworks/DiskImages2.framework/Versions/A/DiskImages2
0x00007ffa1a678000 	/System/Library/PrivateFrameworks/DynamicDesktop.framework/Versions/A/DynamicDesktop
0x00007ffd2a4b0000 	/System/Library/PrivateFrameworks/WallpaperFoundation.framework/Versions/A/WallpaperFoundation
0x00007ffd2a4fd000 	/System/Library/PrivateFrameworks/WallpaperTypes.framework/Versions/A/WallpaperTypes
0x00007ffa2f15d000 	/System/Library/PrivateFrameworks/SystemDesktopAppearance.framework/Versions/A/SystemDesktopAppearance
0x00007ffd2fd9d000 	/System/Library/PrivateFrameworks/icloudMCCKit.framework/Versions/A/icloudMCCKit
0x00007ffb2ccd0000 	/System/Library/PrivateFrameworks/AppleAccountUI.framework/Versions/A/AppleAccountUI
0x00007ffa23888000 	/System/Library/PrivateFrameworks/PreferencePanesSupport.framework/Versions/A/PreferencePanesSupport
0x00007ff929a65000 	/System/Library/PrivateFrameworks/FindMyDeviceUI.framework/Versions/A/FindMyDeviceUI
0x00007ffd2da15000 	/System/Library/PrivateFrameworks/iCloudQuotaUI.framework/Versions/A/iCloudQuotaUI
0x00007ffa23a48000 	/System/Library/PrivateFrameworks/CoreCDPUI.framework/Versions/A/CoreCDPUI
0x00007ff92362b000 	/System/Library/PrivateFrameworks/CoreFollowUpUI.framework/Versions/A/CoreFollowUpUI
0x00007ff9305bb000 	/System/Library/PrivateFrameworks/IMCore.framework/Versions/A/IMCore
0x00007ff918944000 	/System/Library/PrivateFrameworks/CoreCDP.framework/Versions/A/CoreCDP
0x00007ff91468a000 	/System/Library/PrivateFrameworks/AskPermission.framework/Versions/A/AskPermission
0x00007ff9274c9000 	/System/Library/Frameworks/Quartz.framework/Versions/A/Quartz
0x00007ffa14029000 	/System/Library/PrivateFrameworks/CloudPhotoServicesConfiguration.framework/Versions/A/CloudPhotoServicesConfiguration
0x00007ff925a84000 	/System/Library/PrivateFrameworks/CommerceKit.framework/Versions/A/CommerceKit
0x00007ffa1580d000 	/System/Library/PrivateFrameworks/FindMyMac.framework/Versions/A/FindMyMac
0x00007ffa156ef000 	/System/Library/Frameworks/PreferencePanes.framework/Versions/A/PreferencePanes
0x00007ff928ef9000 	/System/Library/Frameworks/AddressBook.framework/Versions/A/AddressBook
0x00007ff835c28000 	/System/Library/PrivateFrameworks/AOSAccounts.framework/Versions/A/AOSAccounts
0x00007ff82fbe5000 	/System/Library/PrivateFrameworks/AppleSRP.framework/Versions/A/AppleSRP
0x00007ff83465a000 	/System/Library/PrivateFrameworks/NetFSServer.framework/Versions/A/NetFSServer
0x00007ff9247d3000 	/System/Library/Frameworks/PDFKit.framework/Versions/A/PDFKit
0x00007ffb283c3000 	/System/Library/Frameworks/TabularData.framework/Versions/A/TabularData
0x00007ffd33b79000 	/usr/lib/swift/libswiftPassKit.dylib
0x00007ffa27bbc000 	/System/Library/Frameworks/PassKit.framework/Versions/A/PassKit
0x00007ff915ba3000 	/System/Library/PrivateFrameworks/PassKitCore.framework/Versions/A/PassKitCore
0x00007ffc3250e000 	/System/Library/PrivateFrameworks/PassKitMacHelperTemp.framework/Versions/A/PassKitMacHelperTemp
0x00007ffd324b9000 	/usr/lib/libAppleSSE.dylib
0x00007ff921ce8000 	/System/Library/PrivateFrameworks/BiometricKit.framework/Versions/A/BiometricKit
0x00007ffd17936000 	/System/Library/PrivateFrameworks/SEService.framework/Versions/A/SEService
0x00007ffb1f059000 	/System/Library/Frameworks/FinanceKit.framework/Versions/A/FinanceKit
0x00007ff927576000 	/System/Library/PrivateFrameworks/NearField.framework/Versions/A/NearField
0x00007ffd32860000 	/usr/lib/libSESShared.dylib
0x00007ffd17b18000 	/System/Library/PrivateFrameworks/STSXPCHelperClient.framework/Versions/A/STSXPCHelperClient
0x00007ff9292e5000 	/usr/lib/libnfshared.dylib
0x00007ffd21d24000 	/System/Library/PrivateFrameworks/Symptoms.framework/Versions/A/Frameworks/SymptomPresentationFeed.framework/Versions/A/SymptomPresentationFeed
0x00007ffb2d7cb000 	/System/Library/PrivateFrameworks/AppleMediaServicesKitInternal.framework/Versions/A/AppleMediaServicesKitInternal
0x00007ffb2e430000 	/System/Library/PrivateFrameworks/AsyncAlgorithmsInternal.framework/Versions/A/AsyncAlgorithmsInternal
0x00007ffd21a5e000 	/System/Library/PrivateFrameworks/SymptomShared.framework/Versions/A/SymptomShared
0x00007ffa2a92a000 	/System/Library/PrivateFrameworks/PassKitUIFoundation.framework/Versions/A/PassKitUIFoundation
0x00007ff82f50e000 	/System/Library/Frameworks/MapKit.framework/Versions/A/MapKit
0x00007ffc22327000 	/System/Library/PrivateFrameworks/GeoAnalytics.framework/Versions/A/GeoAnalytics
0x00007ff929313000 	/System/Library/PrivateFrameworks/Navigation.framework/Versions/A/Navigation
0x00007ff932f71000 	/System/Library/PrivateFrameworks/VectorKit.framework/Versions/A/VectorKit
0x00007ff91a3ef000 	/System/Library/PrivateFrameworks/VirtualGarage.framework/Versions/A/VirtualGarage
0x00007ff929509000 	/System/Library/Frameworks/ExternalAccessory.framework/ExternalAccessory
0x00007ff929523000 	/System/Library/PrivateFrameworks/IAP.framework/Versions/A/IAP
0x00007ff82f7d9000 	/System/Library/PrivateFrameworks/IOPlatformPluginFamily.framework/Versions/A/IOPlatformPluginFamily
0x00007ffb2e94b000 	/System/Library/PrivateFrameworks/AvatarKit.framework/Versions/A/AvatarKit
0x00007ffb2ea15000 	/System/Library/PrivateFrameworks/AvatarPersistence.framework/Versions/A/AvatarPersistence
0x00007ffb286ee000 	/System/Library/Frameworks/TipKit.framework/Versions/A/TipKit
0x00007ff9156d1000 	/System/Library/PrivateFrameworks/IMSharedUtilities.framework/Versions/A/IMSharedUtilities
0x00007ffd33b22000 	/usr/lib/swift/libswiftAppleArchive.dylib
0x00007ffd2739d000 	/System/Library/PrivateFrameworks/VFX.framework/Versions/A/VFX
0x00007ffa258c9000 	/System/Library/PrivateFrameworks/AppleCVA.framework/Versions/A/AppleCVA
0x00007ffb2ea14000 	/System/Library/PrivateFrameworks/AvatarKitContent.framework/Versions/A/AvatarKitContent
0x00007ffb20d44000 	/System/Library/Frameworks/MetalFX.framework/Versions/A/MetalFX
0x00007ffb31be7000 	/System/Library/PrivateFrameworks/CompositorNonUI.framework/Versions/A/CompositorNonUI
0x00007ffb1d60d000 	/System/Library/Frameworks/ARKit.framework/Versions/A/ARKit
0x00007ffb2a8ec000 	/System/Library/PrivateFrameworks/ARKitCore.framework/Versions/A/ARKitCore
0x00007ffd325b2000 	/usr/lib/libDisplayWarpSupport.dylib
0x00007ffb3334e000 	/System/Library/PrivateFrameworks/CoreComposite.framework/Versions/A/CoreComposite
0x00007ffd3294c000 	/usr/lib/libchannel.dylib
0x00007ffd3378e000 	/usr/lib/librealtime_safety.dylib
0x00007ffb2a978000 	/System/Library/PrivateFrameworks/ARKitFoundation.framework/Versions/A/ARKitFoundation
0x00007ffb2cd5e000 	/System/Library/PrivateFrameworks/AppleDepth.framework/Versions/A/AppleDepth
0x00007ffb2cf21000 	/System/Library/PrivateFrameworks/AppleDepthCore.framework/Versions/A/AppleDepthCore
0x00007ff82f916000 	/System/Library/PrivateFrameworks/CoreAppleCVA.framework/Versions/A/CoreAppleCVA
0x00007ff91a531000 	/System/Library/PrivateFrameworks/ContactsUICore.framework/Versions/A/ContactsUICore
0x00007ff921b46000 	/System/Library/PrivateFrameworks/ContactsDonation.framework/Versions/A/ContactsDonation
0x00007ff921403000 	/System/Library/PrivateFrameworks/DataDetectors.framework/Versions/A/DataDetectors
0x00007ff836439000 	/System/Library/Frameworks/MediaLibrary.framework/Versions/A/MediaLibrary
0x00007ff83079a000 	/System/Library/PrivateFrameworks/PersonaKit.framework/Versions/A/PersonaKit
0x00007ff91a520000 	/System/Library/PrivateFrameworks/PersonaUI.framework/Versions/A/PersonaUI
0x00007ffa1510c000 	/System/Library/PrivateFrameworks/Transparency.framework/Versions/A/Transparency
0x00007ffc194ff000 	/System/Library/PrivateFrameworks/FindMyLocate.framework/Versions/A/FindMyLocate
0x00007ff9235ab000 	/System/Library/PrivateFrameworks/IntlPreferences.framework/Versions/A/IntlPreferences
0x00007ffc193fc000 	/System/Library/PrivateFrameworks/FindMyCommon.framework/Versions/A/FindMyCommon
0x00007ffc19243000 	/System/Library/PrivateFrameworks/FindMyBase.framework/Versions/A/FindMyBase
0x00007ffb25c5d000 	/System/Library/Frameworks/NearbyInteraction.framework/Versions/A/NearbyInteraction
0x00007ff8303da000 	/System/Library/PrivateFrameworks/AddressBookCore.framework/Versions/A/AddressBookCore
0x00007ff92907d000 	/System/Library/PrivateFrameworks/ToneKit.framework/Versions/A/ToneKit
0x00007ff9235f1000 	/System/Library/PrivateFrameworks/ToneLibrary.framework/Versions/A/ToneLibrary
0x00007ffb31eb2000 	/System/Library/PrivateFrameworks/ContactsAccounts.framework/Versions/A/ContactsAccounts
0x00007ff9273e9000 	/System/Library/PrivateFrameworks/Lookup.framework/Versions/A/Lookup
0x00007ffb26481000 	/System/Library/Frameworks/QuickLookUI.framework/Versions/A/QuickLookUI
0x00007ffb26e51000 	/System/Library/Frameworks/ScreenCaptureKit.framework/Versions/A/ScreenCaptureKit
0x00007ff924305000 	/System/Library/Frameworks/Quartz.framework/Versions/A/Frameworks/QuartzComposer.framework/Versions/A/QuartzComposer
0x00007ff923582000 	/System/Library/Frameworks/Quartz.framework/Versions/A/Frameworks/QuartzFilters.framework/Versions/A/QuartzFilters
0x00007ff922511000 	/System/Library/Frameworks/Quartz.framework/Versions/A/Frameworks/ImageKit.framework/Versions/A/ImageKit
0x00007ff9209fc000 	/System/Library/PrivateFrameworks/CorePDF.framework/Versions/A/CorePDF
0x00007ff82d2b4000 	/System/Library/Frameworks/QuickLook.framework/Versions/A/QuickLook
0x00007ff915a99000 	/System/Library/PrivateFrameworks/DisplayServices.framework/Versions/A/DisplayServices
0x00007ff923500000 	/System/Library/Frameworks/ImageCaptureCore.framework/Versions/A/ImageCaptureCore
0x00007ffd292fe000 	/System/Library/PrivateFrameworks/VisionKitCore.framework/Versions/A/VisionKitCore
0x00007ff91ecaa000 	/System/Library/PrivateFrameworks/QuickLookSupport.framework/Versions/A/QuickLookSupport
0x00007ffc2cbbe000 	/System/Library/PrivateFrameworks/MediaAnalysisServices.framework/Versions/A/MediaAnalysisServices
0x00007ff92632b000 	/System/Library/PrivateFrameworks/PhotoLibraryServices.framework/Versions/A/PhotoLibraryServices
0x00007ff9230f2000 	/System/Library/Frameworks/Photos.framework/Versions/A/Photos
0x00007ffa17b4a000 	/System/Library/PrivateFrameworks/PhotosFormats.framework/Versions/A/PhotosFormats
0x00007ffa14052000 	/System/Library/PrivateFrameworks/CloudPhotoLibrary.framework/Versions/A/CloudPhotoLibrary
0x00007ffa1d361000 	/System/Library/PrivateFrameworks/CloudPhotoServices.framework/Versions/A/CloudPhotoServices
0x00007ffa19964000 	/System/Library/PrivateFrameworks/CoreMediaStream.framework/Versions/A/CoreMediaStream
0x00007ff8311dd000 	/System/Library/PrivateFrameworks/CPAnalytics.framework/Versions/A/CPAnalytics
0x00007ffa15e5e000 	/System/Library/PrivateFrameworks/MediaConversionService.framework/Versions/A/MediaConversionService
0x00007ff9156bf000 	/System/Library/PrivateFrameworks/PhotoFoundation.framework/Versions/A/PhotoFoundation
0x00007ffc339de000 	/System/Library/PrivateFrameworks/PhotoLibraryServicesCore.framework/Versions/A/PhotoLibraryServicesCore
0x00007ff92fd29000 	/System/Library/PrivateFrameworks/MMCS.framework/Versions/A/MMCS
0x00007ff836276000 	/System/Library/PrivateFrameworks/ChunkingLibrary.framework/Versions/A/ChunkingLibrary
0x00007ff82fbb5000 	/System/Library/PrivateFrameworks/AssetCacheServices.framework/Versions/A/AssetCacheServices
0x00007ff831e1e000 	/System/Library/PrivateFrameworks/AVFoundationCF.framework/Versions/A/AVFoundationCF
0x00007ffa2d499000 	/usr/lib/swift/libswiftDemangle.dylib
0x00007ffc25235000 	/System/Library/PrivateFrameworks/ImageCaptureDevices.framework/Versions/A/ImageCaptureDevices
0x00007ff9216c6000 	/System/Library/PrivateFrameworks/MediaStream.framework/Versions/A/MediaStream
0x00007ffa16352000 	/System/Library/PrivateFrameworks/NeutrinoCore.framework/Versions/A/NeutrinoCore
0x00007ff81e1ba000 	/System/Library/PrivateFrameworks/NLP.framework/Versions/A/NLP
0x00007ffa1c0c3000 	/System/Library/PrivateFrameworks/PhotoImaging.framework/Versions/A/PhotoImaging
0x00007ffa1d321000 	/System/Library/PrivateFrameworks/PhotosImagingFoundation.framework/Versions/A/PhotosImagingFoundation
0x00007ffd146c3000 	/System/Library/PrivateFrameworks/PhotosIntelligenceCore.framework/Versions/A/PhotosIntelligenceCore
0x00007ff83227a000 	/System/Library/PrivateFrameworks/EmbeddedAcousticRecognition.framework/Versions/A/EmbeddedAcousticRecognition
0x00007ff92ad95000 	/System/Library/PrivateFrameworks/EmojiFoundation.framework/Versions/A/EmojiFoundation
0x00007ffa142d7000 	/System/Library/PrivateFrameworks/SDAPI.framework/Versions/A/SDAPI
0x00007ffa1d36f000 	/System/Library/PrivateFrameworks/AutoLoop.framework/Versions/A/AutoLoop
0x00007ffd151b9000 	/System/Library/PrivateFrameworks/Portrait.framework/Versions/A/Portrait
0x00007ffc19b0d000 	/System/Library/PrivateFrameworks/FusionTracker.framework/Versions/A/FusionTracker
0x00007ff923d94000 	/System/Library/PrivateFrameworks/iTunesCloud.framework/Versions/A/iTunesCloud
0x00007ff92cec5000 	/System/Library/PrivateFrameworks/DAAPKit.framework/Versions/A/DAAPKit
0x00007ff91f025000 	/System/Library/PrivateFrameworks/DeviceManagement.framework/Versions/A/DeviceManagement
0x00007ffa232a0000 	/System/Library/PrivateFrameworks/ScreenTimeUI.framework/Versions/A/ScreenTimeUI
0x00007ff9213fd000 	/System/Library/PrivateFrameworks/QuickLookNonBaseSystem.framework/Versions/A/QuickLookNonBaseSystem
0x00007ff921c1b000 	/System/Library/PrivateFrameworks/Catalyst.framework/Versions/A/Catalyst
0x00007ff92378c000 	/System/Library/PrivateFrameworks/ScreenTimeCore.framework/Versions/A/ScreenTimeCore
0x00007ffa16fad000 	/System/Library/PrivateFrameworks/ScreenTimeServiceUI.framework/Versions/A/ScreenTimeServiceUI
0x00007ff92fec6000 	/System/Library/PrivateFrameworks/ConfigurationEngineModel.framework/Versions/A/ConfigurationEngineModel
0x00007ff932f23000 	/System/Library/PrivateFrameworks/UsageTracking.framework/Versions/A/UsageTracking
0x00007ffb1ed35000 	/System/Library/Frameworks/DeviceActivity.framework/Versions/A/DeviceActivity
0x00007ff932ef5000 	/System/Library/PrivateFrameworks/KnowledgeMonitor.framework/Versions/A/KnowledgeMonitor
0x00007ffa2a8d1000 	/System/Library/PrivateFrameworks/BluetoothManager.framework/Versions/A/BluetoothManager
0x00007ffb200cb000 	/System/Library/Frameworks/ManagedSettings.framework/Versions/A/ManagedSettings
0x00007ffc2c2dc000 	/System/Library/PrivateFrameworks/ManagedSettingsSupport.framework/Versions/A/ManagedSettingsSupport
0x00007ffa27cbd000 	/System/Library/Frameworks/ReplayKit.framework/Versions/A/ReplayKit
0x00007ff916aa3000 	/System/Library/PrivateFrameworks/MarkupUI.framework/Versions/A/MarkupUI
0x00007ff9213d7000 	/System/Library/PrivateFrameworks/SidecarCore.framework/Versions/A/SidecarCore
0x00007ff9241a7000 	/System/Library/PrivateFrameworks/AnnotationKit.framework/Versions/A/AnnotationKit
0x00007ff922771000 	/System/Library/Frameworks/PencilKit.framework/Versions/A/PencilKit
0x00007ff922949000 	/System/Library/PrivateFrameworks/SidecarUI.framework/Versions/A/SidecarUI
0x00007ff921fe9000 	/System/Library/PrivateFrameworks/CoreHandwriting.framework/Versions/A/CoreHandwriting
0x00007ff817b00000 	/usr/lib/libmecabra.dylib
0x00007ff91aa9e000 	/System/Library/PrivateFrameworks/Calculate.framework/Versions/A/Calculate
0x00007ff82861f000 	/usr/lib/libChineseTokenizer.dylib
0x00007ffb17a41000 	/System/Library/PrivateFrameworks/ScreenReaderCore.framework/Versions/A/ScreenReaderCore
0x00007ffd2105b000 	/System/Library/PrivateFrameworks/StocksKit.framework/Versions/A/StocksKit
0x00007ff919b1d000 	/System/Library/PrivateFrameworks/OAuth.framework/Versions/A/OAuth
0x00007ffd20daa000 	/System/Library/PrivateFrameworks/StocksCore.framework/Versions/A/StocksCore
0x00007ffd22239000 	/System/Library/PrivateFrameworks/TeaFoundation.framework/Versions/A/TeaFoundation
0x00007ffd223b8000 	/System/Library/PrivateFrameworks/TeaSettings.framework/Versions/A/TeaSettings
0x00007ffa2e9c9000 	/System/Library/PrivateFrameworks/NewsCore.framework/Versions/A/NewsCore
0x00007ffd221e3000 	/System/Library/PrivateFrameworks/TeaDB.framework/Versions/A/TeaDB
0x00007ffa2ba77000 	/System/Library/PrivateFrameworks/RemoteConfiguration.framework/Versions/A/RemoteConfiguration
0x00007ffa2e56f000 	/System/Library/PrivateFrameworks/NewsTransport.framework/Versions/A/NewsTransport
0x00007ffa2e9bb000 	/System/Library/PrivateFrameworks/NewsFoundation.framework/Versions/A/NewsFoundation
0x00007ffc30373000 	/System/Library/PrivateFrameworks/NewsURLBucket.framework/Versions/A/NewsURLBucket
0x00007ff925e3c000 	/System/Library/PrivateFrameworks/MobileInstallation.framework/Versions/A/MobileInstallation
0x00007ffb2883c000 	/System/Library/Frameworks/Translation.framework/Versions/A/Translation
0x00007ffa1ec98000 	/System/Library/PrivateFrameworks/RevealCore.framework/Versions/A/RevealCore
0x00007ffa1ec8d000 	/System/Library/PrivateFrameworks/Reveal.framework/Versions/A/Reveal
0x00007ffa16caf000 	/System/Library/Frameworks/Speech.framework/Versions/A/Speech
0x00007ffb2990e000 	/System/Library/PrivateFrameworks/AIMLExperimentationAnalytics.framework/Versions/A/AIMLExperimentationAnalytics
0x00007ffb2ba1c000 	/System/Library/PrivateFrameworks/AlgorithmsInternal.framework/Versions/A/AlgorithmsInternal
0x00007ffd257cf000 	/System/Library/PrivateFrameworks/TranslationUIServices.framework/Versions/A/TranslationUIServices
0x00007ffd248f3000 	/System/Library/PrivateFrameworks/TipKitCore.framework/Versions/A/TipKitCore
0x00007ff92ae15000 	/System/Library/PrivateFrameworks/CoreCDPInternal.framework/Versions/A/CoreCDPInternal
0x00007ffc25902000 	/System/Library/PrivateFrameworks/InputAnalytics.framework/Versions/A/InputAnalytics
0x00007ff930ea0000 	/System/Library/Frameworks/InstantMessage.framework/Versions/A/InstantMessage
0x00007ff928e06000 	/System/Library/PrivateFrameworks/IDSKVStore.framework/Versions/A/IDSKVStore
0x00007ff928ada000 	/System/Library/PrivateFrameworks/IMDPersistence.framework/Versions/A/IMDPersistence
0x00007ffd272a0000 	/System/Library/PrivateFrameworks/UserSafety.framework/Versions/A/UserSafety
0x00007ffa29b9d000 	/System/Library/PrivateFrameworks/BlastDoor.framework/Versions/A/BlastDoor
0x00007ffc296d3000 	/System/Library/PrivateFrameworks/LinkPresentationStyleSheetParsing.framework/Versions/A/LinkPresentationStyleSheetParsing
0x00007ffd1536b000 	/System/Library/PrivateFrameworks/PosterFoundation.framework/Versions/A/PosterFoundation
0x00007ffd153f7000 	/System/Library/PrivateFrameworks/PosterModel.framework/Versions/A/PosterModel
0x00007ffd153d5000 	/System/Library/PrivateFrameworks/PosterFuturesKit.framework/Versions/A/PosterFuturesKit
0x00007ffc19077000 	/System/Library/PrivateFrameworks/FeedbackService.framework/Versions/A/FeedbackService
0x00007ff921aa0000 	/System/Library/PrivateFrameworks/CoreSDB.framework/Versions/A/CoreSDB
0x00007ffb2e239000 	/System/Library/PrivateFrameworks/AskToCore.framework/Versions/A/AskToCore
0x00007ffa23a45000 	/System/Library/PrivateFrameworks/MachineSettings.framework/Versions/A/MachineSettings
0x00007ffa15673000 	/System/Library/PrivateFrameworks/BezelServices.framework/Versions/A/BezelServices
0x00007ff92cf55000 	/System/Library/PrivateFrameworks/SPOwner.framework/Versions/A/SPOwner
0x00007ff925ae6000 	/System/Library/PrivateFrameworks/FMCore.framework/Versions/A/FMCore
0x00007ffd2d976000 	/System/Library/PrivateFrameworks/iCloudQuota.framework/Versions/A/iCloudQuota
0x00007ff91a48c000 	/System/Library/PrivateFrameworks/CoreRecognition.framework/Versions/A/CoreRecognition
0x00007ffa15725000 	/System/Library/PrivateFrameworks/InAppMessages.framework/Versions/A/InAppMessages
0x00007ffb1670f000 	/System/Library/PrivateFrameworks/JetUI.framework/Versions/A/JetUI
0x00007ffc28b64000 	/System/Library/PrivateFrameworks/JetPack.framework/Versions/A/JetPack
0x00007ffa1571d000 	/System/Library/PrivateFrameworks/InAppMessagesCore.framework/Versions/A/InAppMessagesCore
0x00007ffd2cde4000 	/System/Library/PrivateFrameworks/_JetEngine_SwiftUI.framework/Versions/A/_JetEngine_SwiftUI
0x00007ffd21d4c000 	/System/Library/PrivateFrameworks/Synapse.framework/Versions/A/Synapse
0x00007ffb30242000 	/System/Library/PrivateFrameworks/CSExattrCrypto.framework/Versions/A/CSExattrCrypto
0x00007ff9270e3000 	/System/Library/PrivateFrameworks/StoreFoundation.framework/Versions/A/StoreFoundation
0x00007ff925ae0000 	/System/Library/PrivateFrameworks/ServerInformation.framework/Versions/A/ServerInformation
0x00007ff925505000 	/System/Library/PrivateFrameworks/Install.framework/Frameworks/DistributionKit.framework/Versions/A/DistributionKit
0x00007ff91ea6f000 	/System/Library/PrivateFrameworks/PackageKit.framework/Versions/A/PackageKit
0x00007ff925526000 	/System/Library/PrivateFrameworks/OSPersonalization.framework/Versions/A/OSPersonalization
0x00007ff927652000 	/System/Library/PrivateFrameworks/BridgeOSSoftwareUpdate.framework/Versions/A/BridgeOSSoftwareUpdate
0x00007ff921f09000 	/System/Library/PrivateFrameworks/StorageManagement.framework/Versions/A/StorageManagement
0x00007ffa16b37000 	/usr/lib/libauthinstall.dylib
0x00007ff92765a000 	/System/Library/PrivateFrameworks/InstallerDiagnostics.framework/Versions/A/InstallerDiagnostics
0x00007ffa1717c000 	/usr/lib/libcrypto.42.dylib
0x00007ffd34086000 	/usr/lib/updaters/libAppleTconUARPUpdater.dylib
0x00007ff927642000 	/System/Library/PrivateFrameworks/GPUInfo.framework/Versions/A/GPUInfo
0x00007ffa15813000 	/System/Library/PrivateFrameworks/MobileActivationMacOS.framework/Versions/A/MobileActivationMacOS
0x00007ff919a5b000 	/System/Library/PrivateFrameworks/AccountsDaemon.framework/Versions/A/AccountsDaemon
0x00007ff82b97e000 	/System/Library/PrivateFrameworks/CacheDelete.framework/Versions/A/CacheDelete
0x00007ff834776000 	/System/Library/Frameworks/QuickLookThumbnailing.framework/Versions/A/QuickLookThumbnailing
0x00007ff9276a2000 	/System/Library/PrivateFrameworks/AOSKit.framework/Versions/A/AOSKit
0x00007ff82890e000 	/System/Library/PrivateFrameworks/AppSSOCore.framework/Versions/A/AppSSOCore
0x00007ff920ddf000 	/System/Library/Frameworks/AVFoundation.framework/Versions/A/AVFoundation
0x00007ffb2eaab000 	/System/Library/PrivateFrameworks/BackgroundSystemTasks.framework/Versions/A/BackgroundSystemTasks
0x00007ff834692000 	/System/Library/PrivateFrameworks/DuetActivityScheduler.framework/Versions/A/DuetActivityScheduler
0x00007ff934018000 	/System/Library/PrivateFrameworks/NetworkServiceProxy.framework/Versions/A/NetworkServiceProxy
0x00007ff82f849000 	/usr/lib/libnetworkextension.dylib
0x00007ff832193000 	/System/Library/PrivateFrameworks/Rapport.framework/Versions/A/Rapport
0x00007ffd21a6d000 	/System/Library/PrivateFrameworks/Symptoms.framework/Versions/A/Frameworks/SymptomAnalytics.framework/Versions/A/SymptomAnalytics
0x00007ff82c456000 	/System/Library/Frameworks/NetworkExtension.framework/Versions/A/NetworkExtension
0x00007ff832ef4000 	/System/Library/PrivateFrameworks/CoreDuetContext.framework/Versions/A/CoreDuetContext
0x00007ff81c664000 	/System/Library/PrivateFrameworks/CoreDuet.framework/Versions/A/CoreDuet
0x00007ff915433000 	/System/Library/PrivateFrameworks/AssistantServices.framework/Versions/A/AssistantServices
0x00007ff831f8b000 	/System/Library/PrivateFrameworks/SAObjects.framework/Versions/A/SAObjects
0x00007ff91500f000 	/System/Library/PrivateFrameworks/MediaRemote.framework/Versions/A/MediaRemote
0x00007ff927a8f000 	/System/Library/PrivateFrameworks/SiriInstrumentation.framework/Versions/A/SiriInstrumentation
0x00007ffd19788000 	/System/Library/PrivateFrameworks/SiriAnalytics.framework/Versions/A/SiriAnalytics
0x00007ffd1ec44000 	/System/Library/PrivateFrameworks/SiriTTSService.framework/Versions/A/SiriTTSService
0x00007ffd19f9c000 	/System/Library/PrivateFrameworks/SiriCrossDeviceArbitration.framework/Versions/A/SiriCrossDeviceArbitration
0x00007ff9252ca000 	/System/Library/PrivateFrameworks/FeedbackLogger.framework/Versions/A/FeedbackLogger
0x00007ffc18c61000 	/System/Library/PrivateFrameworks/FaceTimeNameUtility.framework/Versions/A/FaceTimeNameUtility
0x00007ffd19feb000 	/System/Library/PrivateFrameworks/SiriCrossDeviceArbitrationFeedback.framework/Versions/A/SiriCrossDeviceArbitrationFeedback
0x00007ffc22166000 	/System/Library/PrivateFrameworks/GenerativeModels.framework/Versions/A/GenerativeModels
0x00007ffb1d74a000 	/System/Library/Frameworks/AVRouting.framework/Versions/A/AVRouting
0x00007ff91a2aa000 	/System/Library/PrivateFrameworks/MediaServices.framework/Versions/A/MediaServices
0x00007ff831daa000 	/System/Library/Frameworks/LocalAuthentication.framework/Versions/A/LocalAuthentication
0x00007ffc298ef000 	/System/Library/PrivateFrameworks/LocalAuthenticationCore.framework/Versions/A/LocalAuthenticationCore
0x00007ffc29a4c000 	/System/Library/PrivateFrameworks/LocalAuthenticationCredentialServices.framework/Versions/A/LocalAuthenticationCredentialServices
0x00007ff831e0d000 	/System/Library/Frameworks/LocalAuthentication.framework/Support/SharedUtils.framework/Versions/A/SharedUtils
0x00007ff828d5f000 	/System/Library/PrivateFrameworks/PersistentConnection.framework/Versions/A/PersistentConnection
0x00007ffd201eb000 	/System/Library/PrivateFrameworks/SonicFoundation.framework/Versions/A/SonicFoundation
0x00007ffc176bf000 	/System/Library/PrivateFrameworks/Dendrite.framework/Versions/A/Dendrite
0x00007ff929ab5000 	/usr/lib/libtailspin.dylib
0x00007ffa1d47f000 	/System/Library/PrivateFrameworks/Osprey.framework/Versions/A/Osprey
0x00007ffd1e24c000 	/System/Library/PrivateFrameworks/SiriTTS.framework/Versions/A/SiriTTS
0x00007ff921b61000 	/System/Library/Frameworks/NaturalLanguage.framework/Versions/A/NaturalLanguage
0x00007ffd1d202000 	/System/Library/PrivateFrameworks/SiriPowerInstrumentation.framework/Versions/A/SiriPowerInstrumentation
0x00007ff922aca000 	/System/Library/PrivateFrameworks/Trial.framework/Versions/A/Trial
0x00007ff922a4c000 	/System/Library/PrivateFrameworks/TrialProto.framework/Versions/A/TrialProto
0x00007ffd26a20000 	/System/Library/PrivateFrameworks/UnifiedAssetFramework.framework/Versions/A/UnifiedAssetFramework
0x00007ffa1f495000 	/usr/lib/swift/libswiftAVFoundation.dylib
0x00007ffa2f34d000 	/usr/lib/swift/libswiftNaturalLanguage.dylib
0x00007ffd221e1000 	/System/Library/PrivateFrameworks/TailspinSymbolication.framework/Versions/A/TailspinSymbolication
0x00007ffc173cc000 	/System/Library/PrivateFrameworks/Darwinup.framework/Versions/A/Darwinup
0x00007ffa15e98000 	/System/Library/PrivateFrameworks/SignpostSupport.framework/Versions/A/SignpostSupport
0x00007ff921a2b000 	/System/Library/PrivateFrameworks/FeatureFlagsSupport.framework/Versions/A/FeatureFlagsSupport
0x00007ffa1558c000 	/System/Library/PrivateFrameworks/ktrace.framework/Versions/A/ktrace
0x00007ffa160eb000 	/System/Library/PrivateFrameworks/SampleAnalysis.framework/Versions/A/SampleAnalysis
0x00007ffa1ec53000 	/System/Library/PrivateFrameworks/kperfdata.framework/Versions/A/kperfdata
0x00007ff82d3e0000 	/usr/lib/libdscsym.dylib
0x00007ffa1f1d8000 	/System/Library/PrivateFrameworks/BulkSymbolication.framework/Versions/A/BulkSymbolication
0x00007ff8347bd000 	/System/Library/PrivateFrameworks/Espresso.framework/Versions/A/Espresso
0x00007ff821c53000 	/System/Library/Frameworks/CoreML.framework/Versions/A/CoreML
0x00007ffb17db1000 	/System/Library/PrivateFrameworks/ANECompiler.framework/Versions/A/ANECompiler
0x00007ff914264000 	/System/Library/PrivateFrameworks/AppleNeuralEngine.framework/Versions/A/AppleNeuralEngine
0x00007ffb20e06000 	/System/Library/Frameworks/MetalPerformanceShadersGraph.framework/Versions/A/MetalPerformanceShadersGraph
0x00007ffc2a37a000 	/System/Library/PrivateFrameworks/MLCompilerServices.framework/Versions/A/MLCompilerServices
0x00007ff835747000 	/System/Library/PrivateFrameworks/ANEServices.framework/Versions/A/ANEServices
0x00007ffc3145d000 	/System/Library/PrivateFrameworks/ODIE.framework/Versions/A/ODIE
0x00007ffc2a31f000 	/System/Library/PrivateFrameworks/MLCompilerRuntime.framework/Versions/A/MLCompilerRuntime
0x00007ff8262fc000 	/System/Library/Frameworks/MLCompute.framework/Versions/A/MLCompute
0x00007ffc2a2a5000 	/System/Library/PrivateFrameworks/MLAssetIO.framework/Versions/A/MLAssetIO
0x00007ffd33b59000 	/usr/lib/swift/libswiftMLCompute.dylib
0x00007ff83191d000 	/System/Library/PrivateFrameworks/AVFCore.framework/Versions/A/AVFCore
0x00007ff9189cf000 	/System/Library/PrivateFrameworks/AVFCapture.framework/Versions/A/AVFCapture
0x00007ffb2ff1d000 	/System/Library/PrivateFrameworks/CMImaging.framework/Versions/A/CMImaging
0x00007ff918c1e000 	/System/Library/PrivateFrameworks/Quagga.framework/Versions/A/Quagga
0x00007ff918d4d000 	/System/Library/PrivateFrameworks/CMCapture.framework/Versions/A/CMCapture
0x00007ff82b5ae000 	/System/Library/Frameworks/CoreMediaIO.framework/Versions/A/CoreMediaIO
0x00007ffb2fe56000 	/System/Library/PrivateFrameworks/CMCaptureDevice.framework/Versions/A/CMCaptureDevice
0x00007ff828ec4000 	/System/Library/PrivateFrameworks/CoreBrightness.framework/Versions/A/CoreBrightness
0x00007ffb30d2a000 	/System/Library/PrivateFrameworks/CinematicFraming.framework/Versions/A/CinematicFraming
0x00007ffc2e2bf000 	/System/Library/PrivateFrameworks/ModelManagerServices.framework/Versions/A/ModelManagerServices
0x00007ffd21efa000 	/System/Library/PrivateFrameworks/SystemStatus.framework/Versions/A/SystemStatus
0x00007ff9209fe000 	/System/Library/Frameworks/CoreMotion.framework/Versions/A/CoreMotion
0x00007ff930f78000 	/System/Library/PrivateFrameworks/TimeSync.framework/Versions/A/TimeSync
0x00007ffc17f08000 	/System/Library/PrivateFrameworks/DistributedSensing.framework/Versions/A/DistributedSensing
0x00007ff92c19e000 	/System/Library/PrivateFrameworks/MobileBluetooth.framework/Versions/A/MobileBluetooth
0x00007ff932b6d000 	/System/Library/PrivateFrameworks/IOKitten.framework/Versions/A/IOKitten
0x00007ffb2d319000 	/System/Library/PrivateFrameworks/AppleIntelligenceReporting.framework/Versions/A/AppleIntelligenceReporting
0x00007ff818dab000 	/System/Library/PrivateFrameworks/LanguageModeling.framework/Versions/A/LanguageModeling
0x00007ff81df88000 	/System/Library/PrivateFrameworks/Montreal.framework/Versions/A/Montreal
0x00007ff826dd3000 	/usr/lib/libcmph.dylib
0x00007ffc2221e000 	/System/Library/PrivateFrameworks/GenerativeModelsFoundation.framework/Versions/A/GenerativeModelsFoundation
0x00007ffd24bff000 	/System/Library/PrivateFrameworks/TokenGeneration.framework/Versions/A/TokenGeneration
0x00007ffc2205a000 	/System/Library/PrivateFrameworks/GenerativeFunctions.framework/Versions/A/GenerativeFunctions
0x00007ffc2209a000 	/System/Library/PrivateFrameworks/GenerativeFunctionsFoundation.framework/Versions/A/GenerativeFunctionsFoundation
0x00007ffc2decd000 	/System/Library/PrivateFrameworks/ModelCatalog.framework/Versions/A/ModelCatalog
0x00007ffd18d36000 	/System/Library/PrivateFrameworks/SensitiveContentAnalysisML.framework/Versions/A/SensitiveContentAnalysisML
0x00007ffc22114000 	/System/Library/PrivateFrameworks/GenerativeFunctionsInstrumentation.framework/Versions/A/GenerativeFunctionsInstrumentation
0x00007ffd16349000 	/System/Library/PrivateFrameworks/PromptKit.framework/Versions/A/PromptKit
0x00007ffd15e98000 	/System/Library/PrivateFrameworks/ProactiveDaemonSupport.framework/Versions/A/ProactiveDaemonSupport
0x00007ffd24de5000 	/System/Library/PrivateFrameworks/TokenGenerationCore.framework/Versions/A/TokenGenerationCore
0x00007ffb2d001000 	/System/Library/PrivateFrameworks/AppleFlatBuffers.framework/Versions/A/AppleFlatBuffers
0x00007ffd18f22000 	/System/Library/PrivateFrameworks/SentencePieceInternal.framework/Versions/A/SentencePieceInternal
0x00007ff82fc25000 	/System/Library/Frameworks/Vision.framework/Versions/A/Vision
0x00007ffc16df8000 	/System/Library/PrivateFrameworks/CoreSceneUnderstanding.framework/Versions/A/CoreSceneUnderstanding
0x00007ffd292b1000 	/System/Library/PrivateFrameworks/VisionCore.framework/Versions/A/VisionCore
0x00007ff92aef4000 	/System/Library/Frameworks/Vision.framework/libfaceCore.dylib
0x00007ff92bc18000 	/System/Library/PrivateFrameworks/Futhark.framework/Versions/A/Futhark
0x00007ff92fdd7000 	/System/Library/PrivateFrameworks/InertiaCam.framework/Versions/A/InertiaCam
0x00007ff92b97d000 	/System/Library/PrivateFrameworks/TextRecognition.framework/Versions/A/TextRecognition
0x00007ff82892e000 	/System/Library/PrivateFrameworks/CVNLP.framework/Versions/A/CVNLP
0x00007ff82170a000 	/System/Library/PrivateFrameworks/ApplePushService.framework/Versions/A/ApplePushService
0x00007ff821771000 	/System/Library/Frameworks/CloudKit.framework/Versions/A/CloudKit
0x00007ff8358fb000 	/System/Library/PrivateFrameworks/CoreDuetDaemonProtocol.framework/Versions/A/CoreDuetDaemonProtocol
0x00007ffa18724000 	/System/Library/PrivateFrameworks/DeviceIdentity.framework/Versions/A/DeviceIdentity
0x00007ffb2703d000 	/System/Library/Frameworks/SharedWithYouCore.framework/Versions/A/SharedWithYouCore
0x00007ffb314b3000 	/System/Library/PrivateFrameworks/CloudTelemetry.framework/Versions/A/CloudTelemetry
0x00007ff83422f000 	/System/Library/PrivateFrameworks/AppleAccount.framework/Versions/A/AppleAccount
0x00007ff83471d000 	/System/Library/PrivateFrameworks/C2.framework/Versions/A/C2
0x00007ffb31167000 	/System/Library/PrivateFrameworks/CloudCoreInternal.framework/Versions/A/CloudCoreInternal
0x00007ffb30f6c000 	/System/Library/PrivateFrameworks/CloudAsset.framework/Versions/A/CloudAsset
0x00007ff834715000 	/System/Library/Frameworks/PushKit.framework/Versions/A/PushKit
0x00007ffb314cf000 	/System/Library/PrivateFrameworks/CloudTelemetryTools.framework/Versions/A/CloudTelemetryTools
0x00007ff836790000 	/System/Library/PrivateFrameworks/RTCReporting.framework/Versions/A/RTCReporting
0x00007ffb2980f000 	/System/Library/PrivateFrameworks/AAAFoundationSwift.framework/Versions/A/AAAFoundationSwift
0x00007ff83441a000 	/System/Library/PrivateFrameworks/AppleIDSSOAuthentication.framework/Versions/A/AppleIDSSOAuthentication
0x00007ff926f7e000 	/System/Library/PrivateFrameworks/CaptiveNetwork.framework/Versions/A/CaptiveNetwork
0x00007ff833cc6000 	/System/Library/PrivateFrameworks/EAP8021X.framework/Versions/A/EAP8021X
0x00007ffc171ce000 	/System/Library/PrivateFrameworks/CryptoKitPrivate.framework/Versions/A/CryptoKitPrivate
0x00007ff921027000 	/System/Library/PrivateFrameworks/FindMyDevice.framework/Versions/A/FindMyDevice
0x00007ff915b86000 	/System/Library/PrivateFrameworks/FMCoreLite.framework/Versions/A/FMCoreLite
0x00007ff825ed2000 	/System/Library/Frameworks/ServiceManagement.framework/Versions/A/ServiceManagement
0x00007ffa160b5000 	/System/Library/PrivateFrameworks/UIKitServices.framework/Versions/A/UIKitServices
0x00000001790e3000 	/System/Library/Extensions/AGXMetalG14G.bundle/Contents/MacOS/AGXMetalG14G
0x00007ff91a14a000 	/System/Library/PrivateFrameworks/IOGPU.framework/Versions/A/IOGPU
0x0000000177f68000 	/Users/ashakulp/.p2/pool/plugins/org.eclipse.justj.openjdk.hotspot.jre.full.macosx.x86_64_21.0.9.v20251105-0741/jre/lib/libosxui.dylib
0x00007ffd20818000 	/System/Library/PrivateFrameworks/SpotlightKnowledge.framework/Versions/A/SpotlightKnowledge
0x00007ffd207ff000 	/System/Library/PrivateFrameworks/SpotlightEmbedding.framework/Versions/A/SpotlightEmbedding
0x00007ff81c605000 	/System/Library/PrivateFrameworks/SpotlightLinguistics.framework/Versions/A/SpotlightLinguistics
0x00007ffd209d8000 	/System/Library/PrivateFrameworks/SpotlightResources.framework/Versions/A/SpotlightResources
0x00007ff926f43000 	/System/Library/PrivateFrameworks/DataDeliveryServices.framework/Versions/A/DataDeliveryServices
0x00007ffd22917000 	/System/Library/PrivateFrameworks/TextInputUI.framework/Versions/A/TextInputUI
0x00007ffd22948000 	/System/Library/PrivateFrameworks/TextInputUIMacHelper.framework/Versions/A/TextInputUIMacHelper
0x00007ff92bd09000 	/System/Library/PrivateFrameworks/SafariPlatformSupport.framework/Versions/A/SafariPlatformSupport

JVMTI agents: none


VM Arguments:
jvm_args: -Dfile.encoding=UTF-8 -Dstdout.encoding=UTF-8 -Dstderr.encoding=UTF-8 --module-path=/Users/ashakulp/git/prison-break-game/bin -XX:+ShowCodeDetailsInExceptionMessages -Djdk.module.main=prison_break_simulator 
java_command: prison_break_simulator/main.Main
java_class_path (initial): <not set>
Launcher Type: SUN_STANDARD

[Global flags]
     intx CICompilerCount                          = 4                                         {product} {ergonomic}
     uint ConcGCThreads                            = 2                                         {product} {ergonomic}
     uint G1ConcRefinementThreads                  = 8                                         {product} {ergonomic}
   size_t G1HeapRegionSize                         = 1048576                                   {product} {ergonomic}
    uintx GCDrainStackTargetSize                   = 64                                        {product} {ergonomic}
   size_t InitialHeapSize                          = 134217728                                 {product} {ergonomic}
   size_t MarkStackSize                            = 4194304                                   {product} {ergonomic}
   size_t MaxHeapSize                              = 2147483648                                {product} {ergonomic}
   size_t MaxNewSize                               = 1287651328                                {product} {ergonomic}
   size_t MinHeapDeltaBytes                        = 1048576                                   {product} {ergonomic}
   size_t MinHeapSize                              = 8388608                                   {product} {ergonomic}
    uintx NonNMethodCodeHeapSize                   = 5839372                                {pd product} {ergonomic}
    uintx NonProfiledCodeHeapSize                  = 122909434                              {pd product} {ergonomic}
    uintx ProfiledCodeHeapSize                     = 122909434                              {pd product} {ergonomic}
    uintx ReservedCodeCacheSize                    = 251658240                              {pd product} {ergonomic}
     bool SegmentedCodeCache                       = true                                      {product} {ergonomic}
     bool ShowCodeDetailsInExceptionMessages       = true                                   {manageable} {command line}
   size_t SoftMaxHeapSize                          = 2147483648                             {manageable} {ergonomic}
     bool UseCompressedOops                        = true                           {product lp64_product} {ergonomic}
     bool UseG1GC                                  = true                                      {product} {ergonomic}
     bool UseNUMA                                  = false                                     {product} {ergonomic}
     bool UseNUMAInterleaving                      = false                                     {product} {ergonomic}

Logging:
Log output configuration:
 #0: stdout all=warning uptime,level,tags foldmultilines=false
 #1: stderr all=off uptime,level,tags foldmultilines=false

Release file:
JAVA_VERSION="21.0.9"
MODULES="java.base java.compiler java.datatransfer java.xml java.prefs java.desktop java.instrument java.logging java.management java.security.sasl java.naming java.rmi java.management.rmi java.net.http java.scripting java.security.jgss java.transaction.xa java.sql java.sql.rowset java.xml.crypto java.se java.smartcardio jdk.accessibility jdk.internal.jvmstat jdk.attach jdk.charsets jdk.internal.opt jdk.zipfs jdk.compiler jdk.crypto.ec jdk.crypto.cryptoki jdk.dynalink jdk.internal.ed jdk.editpad jdk.hotspot.agent jdk.httpserver jdk.internal.le jdk.internal.vm.ci jdk.internal.vm.compiler jdk.internal.vm.compiler.management jdk.jartool jdk.javadoc jdk.jcmd jdk.management jdk.management.agent jdk.jconsole jdk.jdeps jdk.jdwp.agent jdk.jdi jdk.jfr jdk.jshell jdk.jsobject jdk.jstatd jdk.localedata jdk.management.jfr jdk.naming.dns jdk.naming.rmi jdk.net jdk.nio.mapmode jdk.random jdk.sctp jdk.security.auth jdk.security.jgss jdk.unsupported jdk.unsupported.desktop jdk.xml.dom"

Environment Variables:
PATH=/usr/bin:/bin:/usr/sbin:/sbin
SHELL=/bin/zsh
TMPDIR=/var/folders/5s/7tb148dd29d0xdbdp9y87wdr0000gn/T/

Active Locale:
LC_ALL=C
LC_COLLATE=C
LC_CTYPE=C
LC_MESSAGES=C
LC_MONETARY=C
LC_NUMERIC=C
LC_TIME=C

Signal Handlers:
   SIGSEGV: crash_handler in libjvm.dylib, mask=11100110100111111111111111111111, flags=SA_ONSTACK|SA_RESTART|SA_SIGINFO, unblocked
    SIGBUS: crash_handler in libjvm.dylib, mask=11100110100111111111111111111111, flags=SA_RESTART|SA_SIGINFO, unblocked
    SIGFPE: crash_handler in libjvm.dylib, mask=11100110100111111111111111111111, flags=SA_RESTART|SA_SIGINFO, unblocked
   SIGPIPE: javaSignalHandler in libjvm.dylib, mask=11100110100111111111111111111111, flags=SA_RESTART|SA_SIGINFO, blocked
   SIGXFSZ: javaSignalHandler in libjvm.dylib, mask=11100110100111111111111111111111, flags=SA_RESTART|SA_SIGINFO, blocked
    SIGILL: crash_handler in libjvm.dylib, mask=11100110100111111111111111111111, flags=SA_RESTART|SA_SIGINFO, unblocked
   SIGUSR2: SR_handler in libjvm.dylib, mask=00000000000000000000000000000000, flags=SA_RESTART|SA_SIGINFO, blocked
    SIGHUP: UserHandler in libjvm.dylib, mask=11100110100111111111111111111111, flags=SA_RESTART|SA_SIGINFO, blocked
    SIGINT: UserHandler in libjvm.dylib, mask=11100110100111111111111111111111, flags=SA_RESTART|SA_SIGINFO, blocked
   SIGTERM: UserHandler in libjvm.dylib, mask=11100110100111111111111111111111, flags=SA_RESTART|SA_SIGINFO, blocked
   SIGQUIT: UserHandler in libjvm.dylib, mask=11100110100111111111111111111111, flags=SA_RESTART|SA_SIGINFO, blocked
   SIGTRAP: crash_handler in libjvm.dylib, mask=11100110100111111111111111111111, flags=SA_RESTART|SA_SIGINFO, unblocked


Periodic native trim disabled

---------------  S Y S T E M  ---------------

OS:
uname: Darwin 25.3.0 Darwin Kernel Version 25.3.0: Wed Jan 28 20:56:34 PST 2026; root:xnu-12377.91.3~2/RELEASE_ARM64_T8112 x86_64
OS uptime: 0 days 11:15 hours
rlimit (soft/hard): STACK 8176k/65520k , CORE 0k/infinity , NPROC 1333/2000 , NOFILE 1048576/infinity , AS infinity/infinity , CPU infinity/infinity , DATA infinity/infinity , FSIZE infinity/infinity , MEMLOCK infinity/infinity , RSS infinity/infinity
load average: 22.49 9.72 6.27

CPU: (EMULATED) total 8 (initial active 8) (1 cores per cpu, 1 threads per core) family 6 model 44 stepping 0 microcode 0x0, cx8, cmov, fxsr, mmx, sse, sse2, sse3, ssse3, sse4.1, sse4.2, popcnt, tsc, tscinvbit, aes, clmul, clflush, rdtscp
machdep.cpu.brand_string:Apple M2
hw.cpufrequency:2400000000
hw.cpufrequency_min:2400000000
hw.cpufrequency_max:2400000000
hw.cachelinesize:64
hw.l1icachesize:131072
hw.l1dcachesize:65536
hw.l2cachesize:4194304

Memory: 4k page, physical 8388608k(41964k free), swap 7340032k(692864k free)

vm_info: OpenJDK 64-Bit Server VM (21.0.9+10-LTS) for bsd-amd64 JRE (21.0.9+10-LTS), built on 2025-10-21T00:00:00Z by "admin" with clang Apple LLVM 15.0.0 (clang-1500.1.0.2.5)

END.
