#
# A fatal error has been detected by the Java Runtime Environment:
#
#  SIGSEGV (0xb) at pc=0x00007ff814393b2c, pid=63069, tid=51555
#
# JRE version: OpenJDK Runtime Environment Temurin-21.0.9+10 (21.0.9+10) (build 21.0.9+10-LTS)
# Java VM: OpenJDK 64-Bit Server VM Temurin-21.0.9+10 (21.0.9+10-LTS, mixed mode, sharing, tiered, compressed oops, compressed class ptrs, g1 gc, bsd-amd64)
# Problematic frame:
# C  [CoreVideo+0x2b2c]  CVXTime::translateTime(CVTimeStamp const*, CVTimeStamp*) const+0x1a
#
# No core dump will be written. Core dumps have been disabled. To enable core dumping, try "ulimit -c unlimited" before starting Java again
#
# If you would like to submit a bug report, please visit:
#   https://github.com/adoptium/adoptium-support/issues
#

---------------  S U M M A R Y ------------

Command Line: -Dfile.encoding=UTF-8 -Dstdout.encoding=UTF-8 -Dstderr.encoding=UTF-8 --module-path=/Users/courtneysweeney/git/prison-break-game/bin -XX:+ShowCodeDetailsInExceptionMessages -Djdk.module.main=prison_break_simulator prison_break_simulator/main.Main

Host: "Mac14,7" x86_64 (EMULATED) 2400 MHz, 8 cores, 8G, Darwin 24.5.0, macOS 15.5 (24F74)
Time: Thu Apr  9 10:23:22 2026 EDT elapsed time: 11557.578916 seconds (0d 3h 12m 37s)

---------------  T H R E A D  ---------------

Current thread is native thread

Stack: [0x000000030a9f7000,0x000000030aa77000],  sp=0x000000030aa76ca0,  free space=511k
Native frames: (J=compiled Java code, j=interpreted, Vv=VM code, C=native code)
C  [CoreVideo+0x2b2c]  CVXTime::translateTime(CVTimeStamp const*, CVTimeStamp*) const+0x1a
C  [CoreVideo+0x282d]  CVDisplayLink::calculateNextWakeUpTime(CVTimeStamp*, CVTimeStamp*, bool)+0x11f
C  [CoreVideo+0x1e1a]  CVDisplayLink::runIOThread()+0x186
C  [libsystem_pthread.dylib+0x5df1]  _pthread_start+0x63
C  [libsystem_pthread.dylib+0x1857]  thread_start+0xf

siginfo: si_signo: 11 (SIGSEGV), si_code: 1 (SEGV_MAPERR), si_addr: 0x000039f14f05d8e8

Registers:
RAX=0x000039f14f05d730, RBX=0x000000030aa76e30, RCX=0x0000000000000000, RDX=0x000000030aa76e30
RSP=0x000000030aa76ca0, RBP=0x000000030aa76cd0, RSI=0x000000030aa76ce0, RDI=0x0000600000abd730
R8 =0x0000000000001c44, R9 =0x000000000000003c, R10=0x0000000000000018, R11=0x0000000000000020
R12=0x000000030aa76e30, R13=0x000000030aa76ce0, R14=0x00007fada089c220, R15=0x0000600000abd730
RIP=0x00007ff814393b2c, EFLAGS=0x0000000000000246, ERR=0x0000000000000004
  TRAPNO=0x000000000000000e


Top of Stack: (sp=0x000000030aa76ca0)
0x000000030aa76ca0:   0000000000fe502a 000000030aa76e30
0x000000030aa76cb0:   0000000000000000 000000030aa76e98
0x000000030aa76cc0:   00007fada089c220 00007fada089c2d8
0x000000030aa76cd0:   000000030aa76e20 00007ff81439382d
0x000000030aa76ce0:   3b9aca0000000000 0002860701b47fac
0x000000030aa76cf0:   00028607006b5155 3ff0000000000000
0x000000030aa76d00:   0000000000fe502a 0000000000000000
0x000000030aa76d10:   0000000000000000 0000000000000000
0x000000030aa76d20:   0000000000000001 0000000000000000
0x000000030aa76d30:   0000000000000001 000000000000003c
0x000000030aa76d40:   00007fada089c278 00000000ffffffff
0x000000030aa76d50:   000000030aa76de0 00007ff80a47730c
0x000000030aa76d60:   0000000000000000 0000000000000000
0x000000030aa76d70:   0000000000000000 0000010000000000
0x000000030aa76d80:   0000000000000000 0000000000000000
0x000000030aa76d90:   0000000000000000 0000000000000000
0x000000030aa76da0:   0000000000000000 0000000000000000
0x000000030aa76db0:   0000000000000000 0000000000000002
0x000000030aa76dc0:   0000000000000000 00007fada089c220
0x000000030aa76dd0:   00007fada089c418 00007ff80a472680
0x000000030aa76de0:   00000000a089c238 00007fada089c400
0x000000030aa76df0:   0002860701f846ea 00007fada089c220
0x000000030aa76e00:   00007fada089c318 000000030aa76e98
0x000000030aa76e10:   0000000000000000 00007fada089c2d8
0x000000030aa76e20:   000000030aa76fb0 00007ff814392e1a
0x000000030aa76e30:   0000000000000000 0000000000000000
0x000000030aa76e40:   0000000000000000 0000000000000000
0x000000030aa76e50:   0000000000000000 0000000000000000
0x000000030aa76e60:   0000000000000000 0000000000000000
0x000000030aa76e70:   0000000000000013 0000000000000000
0x000000030aa76e80:   0000000000000000 00007fada089c238
0x000000030aa76e90:   0000000000000000 0000000000000000 

Instructions: (pc=0x00007ff814393b2c)
0x00007ff814393a2c:   0f 85 46 fd ff ff e9 89 00 00 00 f2 0f 11 4d b8
0x00007ff814393a3c:   e8 2e 88 03 00 f2 0f 10 4d b8 e9 30 ff ff ff f2
0x00007ff814393a4c:   4c 0f 2c d0 4d 8b 8e b8 01 00 00 48 8d 35 ca c4
0x00007ff814393a5c:   03 00 bf 02 00 00 00 4c 89 f2 48 8b 4d d0 31 c0
0x00007ff814393a6c:   41 52 41 ff b6 30 02 00 00 e8 c1 5c 01 00 48 83
0x00007ff814393a7c:   c4 10 49 8b be 38 02 00 00 e8 6a f5 ff ff 49 8b
0x00007ff814393a8c:   be 38 02 00 00 e8 9e f5 ff ff 49 8b 06 4c 89 f7
0x00007ff814393a9c:   48 8b 75 c8 ff 90 88 00 00 00 49 c7 86 30 02 00
0x00007ff814393aac:   00 00 00 00 00 49 8b 06 4c 89 f7 48 89 de ff 90
0x00007ff814393abc:   88 00 00 00 48 81 c4 18 01 00 00 5b 41 5c 41 5d
0x00007ff814393acc:   41 5e 41 5f 5d c3 55 48 89 e5 41 57 41 56 53 50
0x00007ff814393adc:   48 89 fb 4c 8d 77 18 4c 89 f7 e8 49 ae 03 00 4c
0x00007ff814393aec:   8b bb b8 01 00 00 48 8b 9b c0 01 00 00 4c 89 f7
0x00007ff814393afc:   e8 39 ae 03 00 4c 89 f8 48 89 da 48 83 c4 08 5b
0x00007ff814393b0c:   41 5e 41 5f 5d c3 55 48 89 e5 41 57 41 56 41 55
0x00007ff814393b1c:   41 54 53 50 49 89 d4 49 89 f5 49 89 ff 48 8b 07
0x00007ff814393b2c:   4c 8b b0 b8 01 00 00 8b 98 c0 01 00 00 48 8b 4e
0x00007ff814393b3c:   08 4c 8b 46 10 4c 8b 4e 40 48 8d 35 3d d1 04 00
0x00007ff814393b4c:   bf 05 00 00 00 4c 89 fa 31 c0 e8 e0 5b 01 00 49
0x00007ff814393b5c:   8b 4c 24 08 4d 8b 44 24 10 4d 8b 4c 24 40 45 8b
0x00007ff814393b6c:   54 24 04 f2 41 0f 10 44 24 18 48 8d 35 57 d1 04
0x00007ff814393b7c:   00 bf 05 00 00 00 4c 89 fa b0 01 41 ff 74 24 20
0x00007ff814393b8c:   41 52 e8 a8 5b 01 00 48 83 c4 10 48 8d 35 c0 d1
0x00007ff814393b9c:   04 00 bf 05 00 00 00 4c 89 fa 4c 89 f1 41 89 d8
0x00007ff814393bac:   31 c0 e8 88 5b 01 00 49 8b 4f 58 45 8b 47 50 48
0x00007ff814393bbc:   8d 35 eb d1 04 00 bf 05 00 00 00 4c 89 fa 31 c0
0x00007ff814393bcc:   e8 6a 5b 01 00 f2 41 0f 10 4f 10 0f 14 0d 02 e7
0x00007ff814393bdc:   04 00 66 0f 5c 0d 0a e7 04 00 f2 41 0f 10 47 48
0x00007ff814393bec:   66 0f 7c c9 48 8d 35 f9 d1 04 00 bf 05 00 00 00
0x00007ff814393bfc:   4c 89 fa b0 02 e8 35 5b 01 00 4d 8b 4c 24 40 41
0x00007ff814393c0c:   f6 c1 01 0f 84 94 00 00 00 49 8b 45 40 a8 01 75
0x00007ff814393c1c:   08 a8 02 75 0a 31 c0 eb 7f 49 8b 45 08 eb 79 49 



---------------  P R O C E S S  ---------------

VM state: not at safepoint (normal execution)

VM Mutex/Monitor currently owned by a thread: None

Heap address: 0x0000000780000000, size: 2048 MB, Compressed Oops mode: Zero based, Oop shift amount: 3

CDS archive(s) mapped at: [0x0000000126000000-0x0000000126c97000-0x0000000126c97000), size 13201408, SharedBaseAddress: 0x0000000126000000, ArchiveRelocationMode: 1.
Compressed class space mapped at: 0x0000000127000000-0x0000000167000000, reserved size: 1073741824
Narrow klass base: 0x0000000126000000, Narrow klass shift: 0, Narrow klass range: 0x100000000

GC Precious Log:
<Skipped>

Heap:
 garbage-first heap   total 133120K, used 62504K [0x0000000780000000, 0x0000000800000000)
  region size 1024K, 38 young (38912K), 1 survivors (1024K)
 Metaspace       used 11614K, committed 11840K, reserved 1114112K
  class space    used 1260K, committed 1344K, reserved 1048576K

Heap Regions: E=young(eden), S=young(survivor), O=old, HS=humongous(starts), HC=humongous(continues), CS=collection set, F=free, TAMS=top-at-mark-start, PB=parsable bottom
|   0|0x0000000780000000, 0x0000000780100000, 0x0000000780100000|100%| O|  |TAMS 0x0000000780000000| PB 0x0000000780000000| Untracked 
|   1|0x0000000780100000, 0x0000000780200000, 0x0000000780200000|100%| O|  |TAMS 0x0000000780100000| PB 0x0000000780100000| Untracked 
|   2|0x0000000780200000, 0x0000000780300000, 0x0000000780300000|100%|HS|  |TAMS 0x0000000780200000| PB 0x0000000780200000| Complete 
|   3|0x0000000780300000, 0x0000000780400000, 0x0000000780400000|100%|HC|  |TAMS 0x0000000780300000| PB 0x0000000780300000| Complete 
|   4|0x0000000780400000, 0x0000000780500000, 0x0000000780500000|100%| O|  |TAMS 0x0000000780400000| PB 0x0000000780400000| Untracked 
|   5|0x0000000780500000, 0x00000007805018f0, 0x0000000780600000|  0%| O|  |TAMS 0x0000000780500000| PB 0x0000000780500000| Untracked 
|   6|0x0000000780600000, 0x0000000780600000, 0x0000000780700000|  0%| F|  |TAMS 0x0000000780600000| PB 0x0000000780600000| Untracked 
|   7|0x0000000780700000, 0x0000000780700000, 0x0000000780800000|  0%| F|  |TAMS 0x0000000780700000| PB 0x0000000780700000| Untracked 
|   8|0x0000000780800000, 0x0000000780900000, 0x0000000780900000|100%|HS|  |TAMS 0x0000000780800000| PB 0x0000000780800000| Complete 
|   9|0x0000000780900000, 0x0000000780a00000, 0x0000000780a00000|100%|HC|  |TAMS 0x0000000780900000| PB 0x0000000780900000| Complete 
|  10|0x0000000780a00000, 0x0000000780a00000, 0x0000000780b00000|  0%| F|  |TAMS 0x0000000780a00000| PB 0x0000000780a00000| Untracked 
|  11|0x0000000780b00000, 0x0000000780b00000, 0x0000000780c00000|  0%| F|  |TAMS 0x0000000780b00000| PB 0x0000000780b00000| Untracked 
|  12|0x0000000780c00000, 0x0000000780d00000, 0x0000000780d00000|100%|HS|  |TAMS 0x0000000780c00000| PB 0x0000000780c00000| Complete 
|  13|0x0000000780d00000, 0x0000000780e00000, 0x0000000780e00000|100%|HC|  |TAMS 0x0000000780d00000| PB 0x0000000780d00000| Complete 
|  14|0x0000000780e00000, 0x0000000780e00000, 0x0000000780f00000|  0%| F|  |TAMS 0x0000000780e00000| PB 0x0000000780e00000| Untracked 
|  15|0x0000000780f00000, 0x0000000780f00000, 0x0000000781000000|  0%| F|  |TAMS 0x0000000780f00000| PB 0x0000000780f00000| Untracked 
|  16|0x0000000781000000, 0x0000000781100000, 0x0000000781100000|100%|HS|  |TAMS 0x0000000781000000| PB 0x0000000781000000| Complete 
|  17|0x0000000781100000, 0x0000000781200000, 0x0000000781200000|100%|HC|  |TAMS 0x0000000781100000| PB 0x0000000781100000| Complete 
|  18|0x0000000781200000, 0x0000000781200000, 0x0000000781300000|  0%| F|  |TAMS 0x0000000781200000| PB 0x0000000781200000| Untracked 
|  19|0x0000000781300000, 0x0000000781300000, 0x0000000781400000|  0%| F|  |TAMS 0x0000000781300000| PB 0x0000000781300000| Untracked 
|  20|0x0000000781400000, 0x0000000781500000, 0x0000000781500000|100%|HS|  |TAMS 0x0000000781400000| PB 0x0000000781400000| Complete 
|  21|0x0000000781500000, 0x0000000781600000, 0x0000000781600000|100%|HC|  |TAMS 0x0000000781500000| PB 0x0000000781500000| Complete 
|  22|0x0000000781600000, 0x0000000781600000, 0x0000000781700000|  0%| F|  |TAMS 0x0000000781600000| PB 0x0000000781600000| Untracked 
|  23|0x0000000781700000, 0x0000000781700000, 0x0000000781800000|  0%| F|  |TAMS 0x0000000781700000| PB 0x0000000781700000| Untracked 
|  24|0x0000000781800000, 0x0000000781900000, 0x0000000781900000|100%|HS|  |TAMS 0x0000000781800000| PB 0x0000000781800000| Complete 
|  25|0x0000000781900000, 0x0000000781a00000, 0x0000000781a00000|100%|HC|  |TAMS 0x0000000781900000| PB 0x0000000781900000| Complete 
|  26|0x0000000781a00000, 0x0000000781a00000, 0x0000000781b00000|  0%| F|  |TAMS 0x0000000781a00000| PB 0x0000000781a00000| Untracked 
|  27|0x0000000781b00000, 0x0000000781b00000, 0x0000000781c00000|  0%| F|  |TAMS 0x0000000781b00000| PB 0x0000000781b00000| Untracked 
|  28|0x0000000781c00000, 0x0000000781d00000, 0x0000000781d00000|100%|HS|  |TAMS 0x0000000781c00000| PB 0x0000000781c00000| Complete 
|  29|0x0000000781d00000, 0x0000000781e00000, 0x0000000781e00000|100%|HC|  |TAMS 0x0000000781d00000| PB 0x0000000781d00000| Complete 
|  30|0x0000000781e00000, 0x0000000781e00000, 0x0000000781f00000|  0%| F|  |TAMS 0x0000000781e00000| PB 0x0000000781e00000| Untracked 
|  31|0x0000000781f00000, 0x0000000781f00000, 0x0000000782000000|  0%| F|  |TAMS 0x0000000781f00000| PB 0x0000000781f00000| Untracked 
|  32|0x0000000782000000, 0x0000000782000000, 0x0000000782100000|  0%| F|  |TAMS 0x0000000782000000| PB 0x0000000782000000| Untracked 
|  33|0x0000000782100000, 0x0000000782200000, 0x0000000782200000|100%|HS|  |TAMS 0x0000000782100000| PB 0x0000000782100000| Complete 
|  34|0x0000000782200000, 0x0000000782300000, 0x0000000782300000|100%|HC|  |TAMS 0x0000000782200000| PB 0x0000000782200000| Complete 
|  35|0x0000000782300000, 0x0000000782300000, 0x0000000782400000|  0%| F|  |TAMS 0x0000000782300000| PB 0x0000000782300000| Untracked 
|  36|0x0000000782400000, 0x0000000782400000, 0x0000000782500000|  0%| F|  |TAMS 0x0000000782400000| PB 0x0000000782400000| Untracked 
|  37|0x0000000782500000, 0x0000000782600000, 0x0000000782600000|100%|HS|  |TAMS 0x0000000782500000| PB 0x0000000782500000| Complete 
|  38|0x0000000782600000, 0x0000000782700000, 0x0000000782700000|100%|HC|  |TAMS 0x0000000782600000| PB 0x0000000782600000| Complete 
|  39|0x0000000782700000, 0x0000000782700000, 0x0000000782800000|  0%| F|  |TAMS 0x0000000782700000| PB 0x0000000782700000| Untracked 
|  40|0x0000000782800000, 0x0000000782800000, 0x0000000782900000|  0%| F|  |TAMS 0x0000000782800000| PB 0x0000000782800000| Untracked 
|  41|0x0000000782900000, 0x0000000782a00000, 0x0000000782a00000|100%|HS|  |TAMS 0x0000000782900000| PB 0x0000000782900000| Complete 
|  42|0x0000000782a00000, 0x0000000782b00000, 0x0000000782b00000|100%|HC|  |TAMS 0x0000000782a00000| PB 0x0000000782a00000| Complete 
|  43|0x0000000782b00000, 0x0000000782b00000, 0x0000000782c00000|  0%| F|  |TAMS 0x0000000782b00000| PB 0x0000000782b00000| Untracked 
|  44|0x0000000782c00000, 0x0000000782c00000, 0x0000000782d00000|  0%| F|  |TAMS 0x0000000782c00000| PB 0x0000000782c00000| Untracked 
|  45|0x0000000782d00000, 0x0000000782d00000, 0x0000000782e00000|  0%| F|  |TAMS 0x0000000782d00000| PB 0x0000000782d00000| Untracked 
|  46|0x0000000782e00000, 0x0000000782e00000, 0x0000000782f00000|  0%| F|  |TAMS 0x0000000782e00000| PB 0x0000000782e00000| Untracked 
|  47|0x0000000782f00000, 0x0000000782f00000, 0x0000000783000000|  0%| F|  |TAMS 0x0000000782f00000| PB 0x0000000782f00000| Untracked 
|  48|0x0000000783000000, 0x0000000783000000, 0x0000000783100000|  0%| F|  |TAMS 0x0000000783000000| PB 0x0000000783000000| Untracked 
|  49|0x0000000783100000, 0x0000000783100000, 0x0000000783200000|  0%| F|  |TAMS 0x0000000783100000| PB 0x0000000783100000| Untracked 
|  50|0x0000000783200000, 0x0000000783200000, 0x0000000783300000|  0%| F|  |TAMS 0x0000000783200000| PB 0x0000000783200000| Untracked 
|  51|0x0000000783300000, 0x0000000783300000, 0x0000000783400000|  0%| F|  |TAMS 0x0000000783300000| PB 0x0000000783300000| Untracked 
|  52|0x0000000783400000, 0x0000000783402850, 0x0000000783500000|  0%| S|CS|TAMS 0x0000000783400000| PB 0x0000000783400000| Complete 
|  53|0x0000000783500000, 0x0000000783500000, 0x0000000783600000|  0%| F|  |TAMS 0x0000000783500000| PB 0x0000000783500000| Untracked 
|  54|0x0000000783600000, 0x0000000783600000, 0x0000000783700000|  0%| F|  |TAMS 0x0000000783600000| PB 0x0000000783600000| Untracked 
|  55|0x0000000783700000, 0x0000000783700000, 0x0000000783800000|  0%| F|  |TAMS 0x0000000783700000| PB 0x0000000783700000| Untracked 
|  56|0x0000000783800000, 0x0000000783800000, 0x0000000783900000|  0%| F|  |TAMS 0x0000000783800000| PB 0x0000000783800000| Untracked 
|  57|0x0000000783900000, 0x0000000783900000, 0x0000000783a00000|  0%| F|  |TAMS 0x0000000783900000| PB 0x0000000783900000| Untracked 
|  58|0x0000000783a00000, 0x0000000783a00000, 0x0000000783b00000|  0%| F|  |TAMS 0x0000000783a00000| PB 0x0000000783a00000| Untracked 
|  59|0x0000000783b00000, 0x0000000783b00000, 0x0000000783c00000|  0%| F|  |TAMS 0x0000000783b00000| PB 0x0000000783b00000| Untracked 
|  60|0x0000000783c00000, 0x0000000783c00000, 0x0000000783d00000|  0%| F|  |TAMS 0x0000000783c00000| PB 0x0000000783c00000| Untracked 
|  61|0x0000000783d00000, 0x0000000783d00000, 0x0000000783e00000|  0%| F|  |TAMS 0x0000000783d00000| PB 0x0000000783d00000| Untracked 
|  62|0x0000000783e00000, 0x0000000783e00000, 0x0000000783f00000|  0%| F|  |TAMS 0x0000000783e00000| PB 0x0000000783e00000| Untracked 
|  63|0x0000000783f00000, 0x0000000783f00000, 0x0000000784000000|  0%| F|  |TAMS 0x0000000783f00000| PB 0x0000000783f00000| Untracked 
|  64|0x0000000784000000, 0x0000000784000000, 0x0000000784100000|  0%| F|  |TAMS 0x0000000784000000| PB 0x0000000784000000| Untracked 
|  65|0x0000000784100000, 0x0000000784100000, 0x0000000784200000|  0%| F|  |TAMS 0x0000000784100000| PB 0x0000000784100000| Untracked 
|  66|0x0000000784200000, 0x0000000784200000, 0x0000000784300000|  0%| F|  |TAMS 0x0000000784200000| PB 0x0000000784200000| Untracked 
|  67|0x0000000784300000, 0x0000000784300000, 0x0000000784400000|  0%| F|  |TAMS 0x0000000784300000| PB 0x0000000784300000| Untracked 
|  68|0x0000000784400000, 0x0000000784400000, 0x0000000784500000|  0%| F|  |TAMS 0x0000000784400000| PB 0x0000000784400000| Untracked 
|  69|0x0000000784500000, 0x0000000784500000, 0x0000000784600000|  0%| F|  |TAMS 0x0000000784500000| PB 0x0000000784500000| Untracked 
|  70|0x0000000784600000, 0x0000000784600000, 0x0000000784700000|  0%| F|  |TAMS 0x0000000784600000| PB 0x0000000784600000| Untracked 
|  71|0x0000000784700000, 0x0000000784700000, 0x0000000784800000|  0%| F|  |TAMS 0x0000000784700000| PB 0x0000000784700000| Untracked 
|  72|0x0000000784800000, 0x0000000784800000, 0x0000000784900000|  0%| F|  |TAMS 0x0000000784800000| PB 0x0000000784800000| Untracked 
|  73|0x0000000784900000, 0x0000000784900000, 0x0000000784a00000|  0%| F|  |TAMS 0x0000000784900000| PB 0x0000000784900000| Untracked 
|  74|0x0000000784a00000, 0x0000000784a00000, 0x0000000784b00000|  0%| F|  |TAMS 0x0000000784a00000| PB 0x0000000784a00000| Untracked 
|  75|0x0000000784b00000, 0x0000000784b00000, 0x0000000784c00000|  0%| F|  |TAMS 0x0000000784b00000| PB 0x0000000784b00000| Untracked 
|  76|0x0000000784c00000, 0x0000000784c00000, 0x0000000784d00000|  0%| F|  |TAMS 0x0000000784c00000| PB 0x0000000784c00000| Untracked 
|  77|0x0000000784d00000, 0x0000000784d00000, 0x0000000784e00000|  0%| F|  |TAMS 0x0000000784d00000| PB 0x0000000784d00000| Untracked 
|  78|0x0000000784e00000, 0x0000000784e00000, 0x0000000784f00000|  0%| F|  |TAMS 0x0000000784e00000| PB 0x0000000784e00000| Untracked 
|  79|0x0000000784f00000, 0x0000000784f00000, 0x0000000785000000|  0%| F|  |TAMS 0x0000000784f00000| PB 0x0000000784f00000| Untracked 
|  80|0x0000000785000000, 0x0000000785000000, 0x0000000785100000|  0%| F|  |TAMS 0x0000000785000000| PB 0x0000000785000000| Untracked 
|  81|0x0000000785100000, 0x0000000785100000, 0x0000000785200000|  0%| F|  |TAMS 0x0000000785100000| PB 0x0000000785100000| Untracked 
|  82|0x0000000785200000, 0x0000000785200000, 0x0000000785300000|  0%| F|  |TAMS 0x0000000785200000| PB 0x0000000785200000| Untracked 
|  83|0x0000000785300000, 0x0000000785300000, 0x0000000785400000|  0%| F|  |TAMS 0x0000000785300000| PB 0x0000000785300000| Untracked 
|  84|0x0000000785400000, 0x0000000785400000, 0x0000000785500000|  0%| F|  |TAMS 0x0000000785400000| PB 0x0000000785400000| Untracked 
|  85|0x0000000785500000, 0x0000000785500000, 0x0000000785600000|  0%| F|  |TAMS 0x0000000785500000| PB 0x0000000785500000| Untracked 
|  86|0x0000000785600000, 0x0000000785600000, 0x0000000785700000|  0%| F|  |TAMS 0x0000000785600000| PB 0x0000000785600000| Untracked 
|  87|0x0000000785700000, 0x0000000785700000, 0x0000000785800000|  0%| F|  |TAMS 0x0000000785700000| PB 0x0000000785700000| Untracked 
|  88|0x0000000785800000, 0x0000000785800000, 0x0000000785900000|  0%| F|  |TAMS 0x0000000785800000| PB 0x0000000785800000| Untracked 
|  89|0x0000000785900000, 0x0000000785900000, 0x0000000785a00000|  0%| F|  |TAMS 0x0000000785900000| PB 0x0000000785900000| Untracked 
|  90|0x0000000785a00000, 0x0000000785a00000, 0x0000000785b00000|  0%| F|  |TAMS 0x0000000785a00000| PB 0x0000000785a00000| Untracked 
|  91|0x0000000785b00000, 0x0000000785c00000, 0x0000000785c00000|100%| E|  |TAMS 0x0000000785b00000| PB 0x0000000785b00000| Complete 
|  92|0x0000000785c00000, 0x0000000785d00000, 0x0000000785d00000|100%| E|CS|TAMS 0x0000000785c00000| PB 0x0000000785c00000| Complete 
|  93|0x0000000785d00000, 0x0000000785e00000, 0x0000000785e00000|100%| E|CS|TAMS 0x0000000785d00000| PB 0x0000000785d00000| Complete 
|  94|0x0000000785e00000, 0x0000000785f00000, 0x0000000785f00000|100%| E|CS|TAMS 0x0000000785e00000| PB 0x0000000785e00000| Complete 
|  95|0x0000000785f00000, 0x0000000786000000, 0x0000000786000000|100%| E|CS|TAMS 0x0000000785f00000| PB 0x0000000785f00000| Complete 
|  96|0x0000000786000000, 0x0000000786100000, 0x0000000786100000|100%| E|CS|TAMS 0x0000000786000000| PB 0x0000000786000000| Complete 
|  97|0x0000000786100000, 0x0000000786200000, 0x0000000786200000|100%| E|CS|TAMS 0x0000000786100000| PB 0x0000000786100000| Complete 
|  98|0x0000000786200000, 0x0000000786300000, 0x0000000786300000|100%| E|CS|TAMS 0x0000000786200000| PB 0x0000000786200000| Complete 
|  99|0x0000000786300000, 0x0000000786400000, 0x0000000786400000|100%| E|CS|TAMS 0x0000000786300000| PB 0x0000000786300000| Complete 
| 100|0x0000000786400000, 0x0000000786500000, 0x0000000786500000|100%| E|CS|TAMS 0x0000000786400000| PB 0x0000000786400000| Complete 
| 101|0x0000000786500000, 0x0000000786600000, 0x0000000786600000|100%| E|CS|TAMS 0x0000000786500000| PB 0x0000000786500000| Complete 
| 102|0x0000000786600000, 0x0000000786700000, 0x0000000786700000|100%| E|CS|TAMS 0x0000000786600000| PB 0x0000000786600000| Complete 
| 103|0x0000000786700000, 0x0000000786800000, 0x0000000786800000|100%| E|CS|TAMS 0x0000000786700000| PB 0x0000000786700000| Complete 
| 104|0x0000000786800000, 0x0000000786900000, 0x0000000786900000|100%| E|CS|TAMS 0x0000000786800000| PB 0x0000000786800000| Complete 
| 105|0x0000000786900000, 0x0000000786a00000, 0x0000000786a00000|100%| E|CS|TAMS 0x0000000786900000| PB 0x0000000786900000| Complete 
| 106|0x0000000786a00000, 0x0000000786b00000, 0x0000000786b00000|100%| E|CS|TAMS 0x0000000786a00000| PB 0x0000000786a00000| Complete 
| 107|0x0000000786b00000, 0x0000000786c00000, 0x0000000786c00000|100%| E|CS|TAMS 0x0000000786b00000| PB 0x0000000786b00000| Complete 
| 108|0x0000000786c00000, 0x0000000786d00000, 0x0000000786d00000|100%| E|CS|TAMS 0x0000000786c00000| PB 0x0000000786c00000| Complete 
| 109|0x0000000786d00000, 0x0000000786e00000, 0x0000000786e00000|100%| E|CS|TAMS 0x0000000786d00000| PB 0x0000000786d00000| Complete 
| 110|0x0000000786e00000, 0x0000000786f00000, 0x0000000786f00000|100%| E|CS|TAMS 0x0000000786e00000| PB 0x0000000786e00000| Complete 
| 111|0x0000000786f00000, 0x0000000787000000, 0x0000000787000000|100%| E|CS|TAMS 0x0000000786f00000| PB 0x0000000786f00000| Complete 
| 112|0x0000000787000000, 0x0000000787100000, 0x0000000787100000|100%| E|CS|TAMS 0x0000000787000000| PB 0x0000000787000000| Complete 
| 113|0x0000000787100000, 0x0000000787200000, 0x0000000787200000|100%| E|CS|TAMS 0x0000000787100000| PB 0x0000000787100000| Complete 
| 114|0x0000000787200000, 0x0000000787300000, 0x0000000787300000|100%| E|CS|TAMS 0x0000000787200000| PB 0x0000000787200000| Complete 
| 115|0x0000000787300000, 0x0000000787400000, 0x0000000787400000|100%| E|CS|TAMS 0x0000000787300000| PB 0x0000000787300000| Complete 
| 116|0x0000000787400000, 0x0000000787500000, 0x0000000787500000|100%| E|CS|TAMS 0x0000000787400000| PB 0x0000000787400000| Complete 
| 117|0x0000000787500000, 0x0000000787600000, 0x0000000787600000|100%| E|CS|TAMS 0x0000000787500000| PB 0x0000000787500000| Complete 
| 118|0x0000000787600000, 0x0000000787700000, 0x0000000787700000|100%| E|CS|TAMS 0x0000000787600000| PB 0x0000000787600000| Complete 
| 119|0x0000000787700000, 0x0000000787800000, 0x0000000787800000|100%| E|CS|TAMS 0x0000000787700000| PB 0x0000000787700000| Complete 
| 120|0x0000000787800000, 0x0000000787900000, 0x0000000787900000|100%| E|CS|TAMS 0x0000000787800000| PB 0x0000000787800000| Complete 
| 121|0x0000000787900000, 0x0000000787a00000, 0x0000000787a00000|100%| E|CS|TAMS 0x0000000787900000| PB 0x0000000787900000| Complete 
| 122|0x0000000787a00000, 0x0000000787b00000, 0x0000000787b00000|100%| E|CS|TAMS 0x0000000787a00000| PB 0x0000000787a00000| Complete 
| 123|0x0000000787b00000, 0x0000000787c00000, 0x0000000787c00000|100%| E|CS|TAMS 0x0000000787b00000| PB 0x0000000787b00000| Complete 
| 124|0x0000000787c00000, 0x0000000787d00000, 0x0000000787d00000|100%| E|CS|TAMS 0x0000000787c00000| PB 0x0000000787c00000| Complete 
| 125|0x0000000787d00000, 0x0000000787e00000, 0x0000000787e00000|100%| E|CS|TAMS 0x0000000787d00000| PB 0x0000000787d00000| Complete 
| 126|0x0000000787e00000, 0x0000000787f00000, 0x0000000787f00000|100%| E|CS|TAMS 0x0000000787e00000| PB 0x0000000787e00000| Complete 
| 127|0x0000000787f00000, 0x0000000788000000, 0x0000000788000000|100%| E|CS|TAMS 0x0000000787f00000| PB 0x0000000787f00000| Complete 
|2046|0x00000007ffe00000, 0x00000007fff00000, 0x00000007fff00000|100%| O|  |TAMS 0x00000007ffe00000| PB 0x00000007ffe00000| Untracked 
|2047|0x00000007fff00000, 0x00000007fff05fc8, 0x0000000800000000|  2%| O|  |TAMS 0x00000007fff00000| PB 0x00000007fff00000| Untracked 

Card table byte_map: [0x000000010bbc1000,0x000000010bfc1000] _byte_map_base: 0x0000000107fc1000

Marking Bits: (CMBitMap*) 0x00007fada1008810
 Bits: [0x0000000121e35000, 0x0000000123e35000)

Polling page: 0x000000010b48b000

Metaspace:

Usage:
  Non-class:     10.11 MB used.
      Class:      1.23 MB used.
       Both:     11.34 MB used.

Virtual space:
  Non-class space:       64.00 MB reserved,      10.25 MB ( 16%) committed,  1 nodes.
      Class space:        1.00 GB reserved,       1.31 MB ( <1%) committed,  1 nodes.
             Both:        1.06 GB reserved,      11.56 MB (  1%) committed. 

Chunk freelists:
   Non-Class:  4.98 MB
       Class:  14.70 MB
        Both:  19.68 MB

MaxMetaspaceSize: unlimited
CompressedClassSpaceSize: 1.00 GB
Initial GC threshold: 21.00 MB
Current GC threshold: 21.00 MB
CDS: on
 - commit_granule_bytes: 65536.
 - commit_granule_words: 8192.
 - virtual_space_node_default_size: 8388608.
 - enlarge_chunks_in_place: 1.
 - use_allocation_guard: 0.


Internal statistics:

num_allocs_failed_limit: 0.
num_arena_births: 196.
num_arena_deaths: 0.
num_vsnodes_births: 2.
num_vsnodes_deaths: 0.
num_space_committed: 185.
num_space_uncommitted: 0.
num_chunks_returned_to_freelist: 0.
num_chunks_taken_from_freelist: 248.
num_chunk_merges: 0.
num_chunk_splits: 154.
num_chunks_enlarged: 78.
num_inconsistent_stats: 0.

CodeHeap 'non-profiled nmethods': size=120028Kb used=1711Kb max_used=1711Kb free=118316Kb
 bounds [0x000000011a8fe000, 0x000000011ab6e000, 0x0000000121e35000]
CodeHeap 'profiled nmethods': size=120028Kb used=4450Kb max_used=4450Kb free=115577Kb
 bounds [0x0000000112e35000, 0x0000000113295000, 0x000000011a36c000]
CodeHeap 'non-nmethods': size=5704Kb used=1630Kb max_used=1671Kb free=4073Kb
 bounds [0x000000011a36c000, 0x000000011a5dc000, 0x000000011a8fe000]
CodeCache: size=245760Kb, used=7791Kb, max_used=7832Kb, free=237966Kb
 total_blobs=3249, nmethods=2547, adapters=608, full_count=0
Compilation: enabled, stopped_count=0, restarted_count=0

Compilation events (20 events):
Event: 1985.218 Thread 0x00007fada081a200 2539   !   3       java.util.concurrent.locks.AbstractQueuedSynchronizer::acquire (424 bytes)
Event: 1985.234 Thread 0x00007fada081a200 nmethod 2539 0x0000000113288490 code [0x0000000113288840, 0x000000011328a100]
Event: 2244.082 Thread 0x00007fada080a600 2540   !   4       java.util.concurrent.locks.AbstractQueuedSynchronizer::acquire (424 bytes)
Event: 2244.123 Thread 0x00007fada080a600 nmethod 2540 0x000000011aaa4910 code [0x000000011aaa4b20, 0x000000011aaa5b60]
Event: 2518.435 Thread 0x00007fada080a600 2541 %s!   4       sun.java2d.metal.MTLRenderQueue$QueueFlusher::run @ 2 (234 bytes)
Event: 2518.520 Thread 0x00007fada080a600 nmethod 2541% 0x000000011aaa6090 code [0x000000011aaa6400, 0x000000011aaa7c48]
Event: 2895.283 Thread 0x00007fada081a200 2542 %     3       java.awt.EventDispatchThread::pumpEventsForFilter @ 10 (47 bytes)
Event: 2895.316 Thread 0x00007fada081a200 nmethod 2542% 0x000000011328a910 code [0x000000011328ab00, 0x000000011328b020]
Event: 2940.784 Thread 0x00007fada081a200 2543       3       java.awt.EventDispatchThread::pumpEventsForFilter (47 bytes)
Event: 2940.788 Thread 0x00007fada081a200 nmethod 2543 0x000000011328b210 code [0x000000011328b400, 0x000000011328b860]
Event: 2988.671 Thread 0x00007fada081a200 2544   !   3       java.lang.ref.ReferenceQueue::enqueue (32 bytes)
Event: 2988.672 Thread 0x00007fada080a600 2546       4       java.util.concurrent.locks.AbstractQueuedSynchronizer$ConditionObject::signalAll (34 bytes)
Event: 2988.676 Thread 0x00007fada081a200 nmethod 2544 0x000000011328ba10 code [0x000000011328bc60, 0x000000011328c5f0]
Event: 2988.676 Thread 0x00007fada081a200 2545       3       java.lang.ref.ReferenceQueue::signal (10 bytes)
Event: 2988.678 Thread 0x00007fada081a200 nmethod 2545 0x000000011328c990 code [0x000000011328cb80, 0x000000011328cf78]
Event: 2988.722 Thread 0x00007fada080a600 nmethod 2546 0x000000011aaa8e10 code [0x000000011aaa8fc0, 0x000000011aaa9698]
Event: 4310.309 Thread 0x00007fada081a200 2548   !   3       java.util.concurrent.locks.LockSupport::parkNanos (56 bytes)
Event: 4310.335 Thread 0x00007fada081a200 nmethod 2548 0x000000011328d110 code [0x000000011328d300, 0x000000011328d738]
Event: 4745.522 Thread 0x00007fada080a600 2549 %     4       java.awt.EventDispatchThread::pumpEventsForFilter @ 10 (47 bytes)
Event: 4745.558 Thread 0x00007fada080a600 nmethod 2549% 0x000000011aaa9910 code [0x000000011aaa9aa0, 0x000000011aaa9c48]

GC Heap History (20 events):
Event: 6391.646 GC heap before
{Heap before GC invocations=12 (full 0):
 garbage-first heap   total 133120K, used 98343K [0x0000000780000000, 0x0000000800000000)
  region size 1024K, 76 young (77824K), 4 survivors (4096K)
 Metaspace       used 11614K, committed 11840K, reserved 1114112K
  class space    used 1260K, committed 1344K, reserved 1048576K
}
Event: 6391.721 GC heap after
{Heap after GC invocations=13 (full 0):
 garbage-first heap   total 133120K, used 24614K [0x0000000780000000, 0x0000000800000000)
  region size 1024K, 4 young (4096K), 4 survivors (4096K)
 Metaspace       used 11614K, committed 11840K, reserved 1114112K
  class space    used 1260K, committed 1344K, reserved 1048576K
}
Event: 7033.271 GC heap before
{Heap before GC invocations=13 (full 0):
 garbage-first heap   total 133120K, used 98342K [0x0000000780000000, 0x0000000800000000)
  region size 1024K, 76 young (77824K), 4 survivors (4096K)
 Metaspace       used 11614K, committed 11840K, reserved 1114112K
  class space    used 1260K, committed 1344K, reserved 1048576K
}
Event: 7033.358 GC heap after
{Heap after GC invocations=14 (full 0):
 garbage-first heap   total 133120K, used 24942K [0x0000000780000000, 0x0000000800000000)
  region size 1024K, 4 young (4096K), 4 survivors (4096K)
 Metaspace       used 11614K, committed 11840K, reserved 1114112K
  class space    used 1260K, committed 1344K, reserved 1048576K
}
Event: 7620.182 GC heap before
{Heap before GC invocations=14 (full 0):
 garbage-first heap   total 133120K, used 98670K [0x0000000780000000, 0x0000000800000000)
  region size 1024K, 76 young (77824K), 4 survivors (4096K)
 Metaspace       used 11614K, committed 11840K, reserved 1114112K
  class space    used 1260K, committed 1344K, reserved 1048576K
}
Event: 7620.243 GC heap after
{Heap after GC invocations=15 (full 0):
 garbage-first heap   total 133120K, used 24647K [0x0000000780000000, 0x0000000800000000)
  region size 1024K, 4 young (4096K), 4 survivors (4096K)
 Metaspace       used 11614K, committed 11840K, reserved 1114112K
  class space    used 1260K, committed 1344K, reserved 1048576K
}
Event: 8220.217 GC heap before
{Heap before GC invocations=15 (full 0):
 garbage-first heap   total 133120K, used 98375K [0x0000000780000000, 0x0000000800000000)
  region size 1024K, 76 young (77824K), 4 survivors (4096K)
 Metaspace       used 11614K, committed 11840K, reserved 1114112K
  class space    used 1260K, committed 1344K, reserved 1048576K
}
Event: 8220.287 GC heap after
{Heap after GC invocations=16 (full 0):
 garbage-first heap   total 133120K, used 24705K [0x0000000780000000, 0x0000000800000000)
  region size 1024K, 2 young (2048K), 2 survivors (2048K)
 Metaspace       used 11614K, committed 11840K, reserved 1114112K
  class space    used 1260K, committed 1344K, reserved 1048576K
}
Event: 8853.448 GC heap before
{Heap before GC invocations=16 (full 0):
 garbage-first heap   total 133120K, used 100481K [0x0000000780000000, 0x0000000800000000)
  region size 1024K, 76 young (77824K), 2 survivors (2048K)
 Metaspace       used 11614K, committed 11840K, reserved 1114112K
  class space    used 1260K, committed 1344K, reserved 1048576K
}
Event: 8853.536 GC heap after
{Heap after GC invocations=17 (full 0):
 garbage-first heap   total 133120K, used 24756K [0x0000000780000000, 0x0000000800000000)
  region size 1024K, 2 young (2048K), 2 survivors (2048K)
 Metaspace       used 11614K, committed 11840K, reserved 1114112K
  class space    used 1260K, committed 1344K, reserved 1048576K
}
Event: 9294.718 GC heap before
{Heap before GC invocations=17 (full 0):
 garbage-first heap   total 133120K, used 100532K [0x0000000780000000, 0x0000000800000000)
  region size 1024K, 76 young (77824K), 2 survivors (2048K)
 Metaspace       used 11614K, committed 11840K, reserved 1114112K
  class space    used 1260K, committed 1344K, reserved 1048576K
}
Event: 9294.755 GC heap after
{Heap after GC invocations=18 (full 0):
 garbage-first heap   total 133120K, used 24772K [0x0000000780000000, 0x0000000800000000)
  region size 1024K, 1 young (1024K), 1 survivors (1024K)
 Metaspace       used 11614K, committed 11840K, reserved 1114112K
  class space    used 1260K, committed 1344K, reserved 1048576K
}
Event: 9745.230 GC heap before
{Heap before GC invocations=18 (full 0):
 garbage-first heap   total 133120K, used 101572K [0x0000000780000000, 0x0000000800000000)
  region size 1024K, 76 young (77824K), 1 survivors (1024K)
 Metaspace       used 11614K, committed 11840K, reserved 1114112K
  class space    used 1260K, committed 1344K, reserved 1048576K
}
Event: 9745.304 GC heap after
{Heap after GC invocations=19 (full 0):
 garbage-first heap   total 133120K, used 24661K [0x0000000780000000, 0x0000000800000000)
  region size 1024K, 1 young (1024K), 1 survivors (1024K)
 Metaspace       used 11614K, committed 11840K, reserved 1114112K
  class space    used 1260K, committed 1344K, reserved 1048576K
}
Event: 10190.464 GC heap before
{Heap before GC invocations=19 (full 0):
 garbage-first heap   total 133120K, used 101461K [0x0000000780000000, 0x0000000800000000)
  region size 1024K, 76 young (77824K), 1 survivors (1024K)
 Metaspace       used 11614K, committed 11840K, reserved 1114112K
  class space    used 1260K, committed 1344K, reserved 1048576K
}
Event: 10190.559 GC heap after
{Heap after GC invocations=20 (full 0):
 garbage-first heap   total 133120K, used 24615K [0x0000000780000000, 0x0000000800000000)
  region size 1024K, 1 young (1024K), 1 survivors (1024K)
 Metaspace       used 11614K, committed 11840K, reserved 1114112K
  class space    used 1260K, committed 1344K, reserved 1048576K
}
Event: 10748.242 GC heap before
{Heap before GC invocations=20 (full 0):
 garbage-first heap   total 133120K, used 101415K [0x0000000780000000, 0x0000000800000000)
  region size 1024K, 76 young (77824K), 1 survivors (1024K)
 Metaspace       used 11614K, committed 11840K, reserved 1114112K
  class space    used 1260K, committed 1344K, reserved 1048576K
}
Event: 10748.274 GC heap after
{Heap after GC invocations=21 (full 0):
 garbage-first heap   total 133120K, used 24622K [0x0000000780000000, 0x0000000800000000)
  region size 1024K, 1 young (1024K), 1 survivors (1024K)
 Metaspace       used 11614K, committed 11840K, reserved 1114112K
  class space    used 1260K, committed 1344K, reserved 1048576K
}
Event: 11273.641 GC heap before
{Heap before GC invocations=21 (full 0):
 garbage-first heap   total 133120K, used 101422K [0x0000000780000000, 0x0000000800000000)
  region size 1024K, 76 young (77824K), 1 survivors (1024K)
 Metaspace       used 11614K, committed 11840K, reserved 1114112K
  class space    used 1260K, committed 1344K, reserved 1048576K
}
Event: 11273.669 GC heap after
{Heap after GC invocations=22 (full 0):
 garbage-first heap   total 133120K, used 24616K [0x0000000780000000, 0x0000000800000000)
  region size 1024K, 1 young (1024K), 1 survivors (1024K)
 Metaspace       used 11614K, committed 11840K, reserved 1114112K
  class space    used 1260K, committed 1344K, reserved 1048576K
}

Dll operation events (10 events):
Event: 0.047 Loaded shared library /Users/courtneysweeney/.p2/pool/plugins/org.eclipse.justj.openjdk.hotspot.jre.full.macosx.x86_64_21.0.9.v20251105-0741/jre/lib/libjava.dylib
Event: 0.179 Loaded shared library /Users/courtneysweeney/.p2/pool/plugins/org.eclipse.justj.openjdk.hotspot.jre.full.macosx.x86_64_21.0.9.v20251105-0741/jre/lib/libnio.dylib
Event: 0.268 Loaded shared library /Users/courtneysweeney/.p2/pool/plugins/org.eclipse.justj.openjdk.hotspot.jre.full.macosx.x86_64_21.0.9.v20251105-0741/jre/lib/libzip.dylib
Event: 0.277 Loaded shared library /Users/courtneysweeney/.p2/pool/plugins/org.eclipse.justj.openjdk.hotspot.jre.full.macosx.x86_64_21.0.9.v20251105-0741/jre/lib/libnet.dylib
Event: 0.449 Loaded shared library /Users/courtneysweeney/.p2/pool/plugins/org.eclipse.justj.openjdk.hotspot.jre.full.macosx.x86_64_21.0.9.v20251105-0741/jre/lib/libjimage.dylib
Event: 0.507 Loaded shared library /Users/courtneysweeney/.p2/pool/plugins/org.eclipse.justj.openjdk.hotspot.jre.full.macosx.x86_64_21.0.9.v20251105-0741/jre/lib/libawt.dylib
Event: 0.589 Loaded shared library /Users/courtneysweeney/.p2/pool/plugins/org.eclipse.justj.openjdk.hotspot.jre.full.macosx.x86_64_21.0.9.v20251105-0741/jre/lib/libawt_lwawt.dylib
Event: 0.756 Loaded shared library /Users/courtneysweeney/.p2/pool/plugins/org.eclipse.justj.openjdk.hotspot.jre.full.macosx.x86_64_21.0.9.v20251105-0741/jre/lib/libfontmanager.dylib
Event: 2.583 Loaded shared library /Users/courtneysweeney/.p2/pool/plugins/org.eclipse.justj.openjdk.hotspot.jre.full.macosx.x86_64_21.0.9.v20251105-0741/jre/lib/libosxui.dylib
Event: 2.979 Loaded shared library /Users/courtneysweeney/.p2/pool/plugins/org.eclipse.justj.openjdk.hotspot.jre.full.macosx.x86_64_21.0.9.v20251105-0741/jre/lib/libzip.dylib

Deoptimization events (20 events):
Event: 529.837 Thread 0x00007fad9f93a200 DEOPT PACKING pc=0x000000011a9e9484 sp=0x000000030bacb4c0
Event: 529.838 Thread 0x00007fad9f93a200 DEOPT UNPACKING pc=0x000000011a3bff93 sp=0x000000030bacb458 mode 2
Event: 678.416 Thread 0x00007fad9f93a200 Uncommon trap: trap_request=0xffffff45 fr.pc=0x000000011aa6fc74 relative=0x0000000000000bf4
Event: 678.417 Thread 0x00007fad9f93a200 Uncommon trap: reason=unstable_if action=reinterpret pc=0x000000011aa6fc74 method=java.util.concurrent.locks.AbstractQueuedSynchronizer.acquire(Ljava/util/concurrent/locks/AbstractQueuedSynchronizer$Node;IZZZJ)I @ 49 c2
Event: 678.419 Thread 0x00007fad9f93a200 DEOPT PACKING pc=0x000000011aa6fc74 sp=0x000000030bacb450
Event: 678.420 Thread 0x00007fad9f93a200 DEOPT UNPACKING pc=0x000000011a3bff93 sp=0x000000030bacb3d0 mode 2
Event: 1222.806 Thread 0x00007fada2237400 DEOPT PACKING pc=0x000000011327e256 sp=0x000000030c366a10
Event: 1222.806 Thread 0x00007fada2237400 DEOPT UNPACKING pc=0x000000011a3c0710 sp=0x000000030c365ed8 mode 0
Event: 1715.454 Thread 0x00007fad9f93a200 Uncommon trap: trap_request=0xffffff45 fr.pc=0x000000011aa72340 relative=0x00000000000000a0
Event: 1715.454 Thread 0x00007fad9f93a200 Uncommon trap: reason=unstable_if action=reinterpret pc=0x000000011aa72340 method=java.util.concurrent.locks.LockSupport.unpark(Ljava/lang/Thread;)V @ 1 c2
Event: 1715.457 Thread 0x00007fad9f93a200 DEOPT PACKING pc=0x000000011aa72340 sp=0x000000030bacb510
Event: 1715.458 Thread 0x00007fad9f93a200 DEOPT UNPACKING pc=0x000000011a3bff93 sp=0x000000030bacb4c8 mode 2
Event: 1979.817 Thread 0x00007fada1827c00 Uncommon trap: trap_request=0xffffff45 fr.pc=0x000000011aaa2d08 relative=0x0000000000000f68
Event: 1979.817 Thread 0x00007fada1827c00 Uncommon trap: reason=unstable_if action=reinterpret pc=0x000000011aaa2d08 method=java.util.concurrent.locks.AbstractQueuedSynchronizer.acquire(Ljava/util/concurrent/locks/AbstractQueuedSynchronizer$Node;IZZZJ)I @ 99 c2
Event: 1979.819 Thread 0x00007fada1827c00 DEOPT PACKING pc=0x000000011aaa2d08 sp=0x000000030a0cf9a0
Event: 1979.820 Thread 0x00007fada1827c00 DEOPT UNPACKING pc=0x000000011a3bff93 sp=0x000000030a0cf928 mode 2
Event: 2699.003 Thread 0x00007fada18b0800 DEOPT PACKING pc=0x0000000113283c28 sp=0x000000030b8c5990
Event: 2699.005 Thread 0x00007fada18b0800 DEOPT UNPACKING pc=0x000000011a3c0710 sp=0x000000030b8c4ef0 mode 0
Event: 5091.992 Thread 0x00007fad9f93a200 DEOPT PACKING pc=0x000000011328af76 sp=0x000000030bacb900
Event: 5091.994 Thread 0x00007fad9f93a200 DEOPT UNPACKING pc=0x000000011a3c0710 sp=0x000000030bacae28 mode 0

Classes loaded (20 events):
Event: 5.559 Loading class java/text/AttributedCharacterIterator done
Event: 5.559 Loading class java/text/AttributedString$AttributedStringIterator done
Event: 6.422 Loading class javax/swing/plaf/basic/BasicSplitPaneDivider$DragController
Event: 6.422 Loading class javax/swing/plaf/basic/BasicSplitPaneDivider$DragController done
Event: 7.002 Loading class javax/swing/RepaintManager$3
Event: 7.002 Loading class javax/swing/RepaintManager$3 done
Event: 11.265 Loading class javax/swing/Timer$1
Event: 11.265 Loading class javax/swing/Timer$1 done
Event: 21.740 Loading class javax/swing/text/JTextComponent$InputMethodRequestsHandler
Event: 21.740 Loading class javax/swing/text/JTextComponent$InputMethodRequestsHandler done
Event: 21.822 Loading class javax/swing/Autoscroller
Event: 21.822 Loading class javax/swing/Autoscroller done
Event: 21.823 Loading class javax/swing/plaf/basic/DragRecognitionSupport
Event: 21.823 Loading class javax/swing/plaf/basic/DragRecognitionSupport done
Event: 36.651 Loading class java/security/DomainCombiner
Event: 36.652 Loading class java/security/DomainCombiner done
Event: 56.653 Loading class java/awt/LightweightDispatcher$2
Event: 56.653 Loading class java/awt/LightweightDispatcher$2 done
Event: 62.388 Loading class java/awt/image/BufferedImageOp
Event: 62.388 Loading class java/awt/image/BufferedImageOp done

Classes unloaded (0 events):
No events

Classes redefined (0 events):
No events

Internal exceptions (20 events):
Event: 2.706 Thread 0x00007fad9f809800 Exception <a 'java/lang/ClassNotFoundException'{0x0000000787a18e50}: com/apple/laf/resources/spi/aquaProvider> (0x0000000787a18e50) 
thrown [src/hotspot/share/classfile/systemDictionary.cpp, line 312]
Event: 2.746 Thread 0x00007fad9f809800 Exception <a 'java/lang/ClassNotFoundException'{0x0000000787a7dae8}: com/sun/swing/internal/plaf/basic/resources/spi/basicProvider> (0x0000000787a7dae8) 
thrown [src/hotspot/share/classfile/systemDictionary.cpp, line 312]
Event: 2.770 Thread 0x00007fad9f809800 Exception <a 'java/lang/NoSuchMethodError'{0x0000000787a9e228}: 'int java.lang.invoke.Invokers$Holder.invokeExact_MT(java.lang.Object, java.lang.Object)'> (0x0000000787a9e228) 
thrown [src/hotspot/share/interpreter/linkResolver.cpp, line 773]
Event: 3.377 Thread 0x00007fad9f809800 Implicit null exception at 0x000000011a940b8e to 0x000000011a94104c
Event: 3.970 Thread 0x00007fad9f809800 Exception <a 'java/io/FileNotFoundException'{0x0000000785598958}> (0x0000000785598958) 
thrown [src/hotspot/share/prims/jni.cpp, line 520]
Event: 4.201 Thread 0x00007fad7800a000 Exception <a 'java/lang/NoSuchMethodError'{0x0000000787eec3b0}: 'java.lang.Object java.lang.invoke.DirectMethodHandle$Holder.newInvokeSpecial(java.lang.Object, java.lang.Object, java.lang.Object, int, int, int, int, int)'> (0x0000000787eec3b0) 
thrown [src/hotspot/share/interpreter/linkResolver.cpp, line 773]
Event: 4.288 Thread 0x00007fad9f809800 Exception <a 'java/lang/NoSuchMethodError'{0x0000000787d53130}: 'void java.lang.invoke.Invokers$Holder.invokeExact_MT(java.lang.Object, java.lang.Object, java.lang.Object, java.lang.Object)'> (0x0000000787d53130) 
thrown [src/hotspot/share/interpreter/linkResolver.cpp, line 773]
Event: 4.309 Thread 0x00007fad9f809800 Exception <a 'java/lang/NoSuchMethodError'{0x0000000787d5edc0}: 'java.lang.Object java.lang.invoke.DirectMethodHandle$Holder.newInvokeSpecial(java.lang.Object, java.lang.Object, java.lang.Object, int, java.lang.Object)'> (0x0000000787d5edc0) 
thrown [src/hotspot/share/interpreter/linkResolver.cpp, line 773]
Event: 4.310 Thread 0x00007fad9f809800 Exception <a 'java/lang/NoSuchMethodError'{0x0000000787d66288}: 'java.lang.Object java.lang.invoke.Invokers$Holder.linkToTargetMethod(java.lang.Object, java.lang.Object, int, java.lang.Object, java.lang.Object)'> (0x0000000787d66288) 
thrown [src/hotspot/share/interpreter/linkResolver.cpp, line 773]
Event: 4.379 Thread 0x00007fad9f809800 Exception <a 'java/lang/NoSuchMethodError'{0x0000000787d6a390}: 'void java.lang.invoke.DirectMethodHandle$Holder.invokeStatic(java.lang.Object, int, long)'> (0x0000000787d6a390) 
thrown [src/hotspot/share/interpreter/linkResolver.cpp, line 773]
Event: 4.401 Thread 0x00007fad9f93a200 Exception <a 'java/lang/NoSuchMethodError'{0x0000000787d96fd8}: 'void java.lang.invoke.DirectMethodHandle$Holder.invokeStatic(java.lang.Object, long)'> (0x0000000787d96fd8) 
thrown [src/hotspot/share/interpreter/linkResolver.cpp, line 773]
Event: 4.405 Thread 0x00007fad9f809800 Exception <a 'java/lang/NoSuchMethodError'{0x0000000787d826e0}: 'java.lang.Object java.lang.invoke.Invokers$Holder.linkToTargetMethod(int, int, int, int, java.lang.Object)'> (0x0000000787d826e0) 
thrown [src/hotspot/share/interpreter/linkResolver.cpp, line 773]
Event: 4.406 Thread 0x00007fad9f809800 Exception <a 'java/lang/NoSuchMethodError'{0x0000000787d85e50}: 'void java.lang.invoke.DirectMethodHandle$Holder.invokeStatic(java.lang.Object, java.lang.Object, long)'> (0x0000000787d85e50) 
thrown [src/hotspot/share/interpreter/linkResolver.cpp, line 773]
Event: 4.409 Thread 0x00007fada1827c00 Exception <a 'java/lang/NoSuchMethodError'{0x0000000787c4c498}: 'void java.lang.invoke.DirectMethodHandle$Holder.invokeStatic(java.lang.Object, java.lang.Object, long)'> (0x0000000787c4c498) 
thrown [src/hotspot/share/interpreter/linkResolver.cpp, line 773]
Event: 4.425 Thread 0x00007fada1827c00 Exception <a 'java/lang/NoSuchMethodError'{0x0000000787c71a48}: 'void java.lang.invoke.DirectMethodHandle$Holder.invokeSpecial(java.lang.Object, java.lang.Object, long)'> (0x0000000787c71a48) 
thrown [src/hotspot/share/interpreter/linkResolver.cpp, line 773]
Event: 5.339 Thread 0x00007fad9f809800 Exception <a 'java/lang/NoSuchMethodError'{0x0000000787b99d80}: 'void java.lang.invoke.DirectMethodHandle$Holder.invokeStatic(java.lang.Object, long, long)'> (0x0000000787b99d80) 
thrown [src/hotspot/share/interpreter/linkResolver.cpp, line 773]
Event: 5.341 Thread 0x00007fad9f809800 Exception <a 'java/lang/NoSuchMethodError'{0x0000000787b9ec00}: 'java.lang.Object java.lang.invoke.DirectMethodHandle$Holder.newInvokeSpecial(java.lang.Object, long)'> (0x0000000787b9ec00) 
thrown [src/hotspot/share/interpreter/linkResolver.cpp, line 773]
Event: 5.342 Thread 0x00007fad9f809800 Exception <a 'java/lang/NoSuchMethodError'{0x0000000787ba8330}: 'java.lang.Object java.lang.invoke.DirectMethodHandle$Holder.newInvokeSpecial(java.lang.Object, java.lang.Object, int)'> (0x0000000787ba8330) 
thrown [src/hotspot/share/interpreter/linkResolver.cpp, line 773]
Event: 529.835 Thread 0x00007fad9f93a200 Implicit null exception at 0x000000011a9e742c to 0x000000011a9e9454
Event: 1715.451 Thread 0x00007fad9f93a200 Implicit null exception at 0x000000011aa722bd to 0x000000011aa72331

ZGC Phase Switch (0 events):
No events

VM Operations (20 events):
Event: 11295.729 Executing VM operation: HandshakeAllThreads (HandshakeForDeflation)
Event: 11295.729 Executing VM operation: HandshakeAllThreads (HandshakeForDeflation) done
Event: 11295.729 Executing VM operation: RendezvousGCThreads
Event: 11295.729 Executing VM operation: RendezvousGCThreads done
Event: 11355.737 Executing VM operation: HandshakeAllThreads (HandshakeForDeflation)
Event: 11355.743 Executing VM operation: HandshakeAllThreads (HandshakeForDeflation) done
Event: 11355.743 Executing VM operation: RendezvousGCThreads
Event: 11355.743 Executing VM operation: RendezvousGCThreads done
Event: 11415.794 Executing VM operation: HandshakeAllThreads (HandshakeForDeflation)
Event: 11415.794 Executing VM operation: HandshakeAllThreads (HandshakeForDeflation) done
Event: 11415.794 Executing VM operation: RendezvousGCThreads
Event: 11415.794 Executing VM operation: RendezvousGCThreads done
Event: 11475.871 Executing VM operation: HandshakeAllThreads (HandshakeForDeflation)
Event: 11475.874 Executing VM operation: HandshakeAllThreads (HandshakeForDeflation) done
Event: 11475.874 Executing VM operation: RendezvousGCThreads
Event: 11475.874 Executing VM operation: RendezvousGCThreads done
Event: 11536.129 Executing VM operation: HandshakeAllThreads (HandshakeForDeflation)
Event: 11536.131 Executing VM operation: HandshakeAllThreads (HandshakeForDeflation) done
Event: 11536.131 Executing VM operation: RendezvousGCThreads
Event: 11536.131 Executing VM operation: RendezvousGCThreads done

Memory protections (20 events):
Event: 0.161 Protecting memory [0x000000030aa7f000,0x000000030aa83000] with protection modes 0
Event: 0.161 Protecting memory [0x000000030ab82000,0x000000030ab86000] with protection modes 0
Event: 0.164 Protecting memory [0x000000030ac85000,0x000000030ac89000] with protection modes 0
Event: 0.165 Protecting memory [0x000000030ad88000,0x000000030ad8c000] with protection modes 0
Event: 0.165 Protecting memory [0x000000030ae8b000,0x000000030ae8f000] with protection modes 0
Event: 0.166 Protecting memory [0x000000030af8e000,0x000000030af92000] with protection modes 0
Event: 0.166 Protecting memory [0x000000030b091000,0x000000030b095000] with protection modes 0
Event: 0.262 Protecting memory [0x000000030b194000,0x000000030b198000] with protection modes 0
Event: 0.421 Protecting memory [0x000000030b297000,0x000000030b29b000] with protection modes 0
Event: 0.840 Protecting memory [0x00000003098d5000,0x00000003098d9000] with protection modes 0
Event: 1.155 Protecting memory [0x000000030b39a000,0x000000030b39e000] with protection modes 0
Event: 2.372 Protecting memory [0x000000030b7c6000,0x000000030b7ca000] with protection modes 0
Event: 2.388 Protecting memory [0x000000030b8c9000,0x000000030b8cd000] with protection modes 0
Event: 2.847 Protecting memory [0x000000030b9cc000,0x000000030b9d0000] with protection modes 0
Event: 3.973 Protecting memory [0x000000030bfde000,0x000000030bfe2000] with protection modes 0
Event: 4.260 Protecting memory [0x000000030c0e1000,0x000000030c0e5000] with protection modes 0
Event: 5.365 Protecting memory [0x000000030c267000,0x000000030c26b000] with protection modes 0
Event: 5.369 Protecting memory [0x000000030a158000,0x000000030a15c000] with protection modes 3
Event: 5.371 Protecting memory [0x000000030a158000,0x000000030a15c000] with protection modes 0
Event: 9.217 Protecting memory [0x000000030bfde000,0x000000030bfe2000] with protection modes 3

Nmethod flushes (0 events):
No events

Events (20 events):
Event: 0.161 Thread 0x00007fad9f809800 Thread added: 0x00007fada2086400
Event: 0.161 Thread 0x00007fad9f809800 Thread added: 0x00007fad9f825e00
Event: 0.164 Thread 0x00007fad9f809800 Thread added: 0x00007fada2087800
Event: 0.165 Thread 0x00007fad9f809800 Thread added: 0x00007fada2088000
Event: 0.165 Thread 0x00007fad9f809800 Thread added: 0x00007fada208aa00
Event: 0.166 Thread 0x00007fad9f809800 Thread added: 0x00007fada080a600
Event: 0.166 Thread 0x00007fad9f809800 Thread added: 0x00007fada081a200
Event: 0.262 Thread 0x00007fad9f809800 Thread added: 0x00007fada20c3200
Event: 0.421 Thread 0x00007fad9f809800 Thread added: 0x00007fad7800a800
Event: 0.840 Thread 0x00007fada1827c00 Thread added: 0x00007fada1827c00
Event: 1.155 Thread 0x00007fada1827c00 Thread added: 0x00007fad9f908a00
Event: 2.372 Thread 0x00007fad9f809800 Thread added: 0x00007fada18b0800
Event: 2.388 Thread 0x00007fad9f809800 Thread added: 0x00007fad7f809a00
Event: 2.847 Thread 0x00007fad9f809800 Thread added: 0x00007fad9f93a200
Event: 3.973 Thread 0x00007fad9f809800 Thread added: 0x00007fad7800a000
Event: 4.259 Thread 0x00007fad9f809800 Thread added: 0x00007fada2165a00
Event: 5.364 Thread 0x00007fad9f809800 Thread added: 0x00007fada2237400
Event: 5.370 Thread 0x00007fad9f809800 Thread exited: 0x00007fad9f809800
Event: 5.371 Thread 0x00007fada1812400 Thread added: 0x00007fada1812400
Event: 9.217 Thread 0x00007fad7800a000 Thread exited: 0x00007fad7800a000


Dynamic libraries:
0x000000010b42f000 	/Users/courtneysweeney/.p2/pool/plugins/org.eclipse.justj.openjdk.hotspot.jre.full.macosx.x86_64_21.0.9.v20251105-0741/jre/lib/libjli.dylib
0x00007ff827e74000 	/System/Library/Frameworks/Cocoa.framework/Versions/A/Cocoa
0x00007ff80deef000 	/System/Library/Frameworks/AppKit.framework/Versions/C/AppKit
0x00007ff811477000 	/System/Library/Frameworks/CoreData.framework/Versions/A/CoreData
0x00007ff80b5af000 	/System/Library/Frameworks/Foundation.framework/Versions/C/Foundation
0x00007ff818faa000 	/usr/lib/libSystem.B.dylib
0x00007ff80f442000 	/System/Library/PrivateFrameworks/UIFoundation.framework/Versions/A/UIFoundation
0x00007ffb1cdbf000 	/System/Library/PrivateFrameworks/CollectionViewCore.framework/Versions/A/CollectionViewCore
0x00007ff820b0d000 	/System/Library/PrivateFrameworks/RemoteViewServices.framework/Versions/A/RemoteViewServices
0x00007ff8166a1000 	/System/Library/PrivateFrameworks/XCTTargetBootstrap.framework/Versions/A/XCTTargetBootstrap
0x00007ff81bc6d000 	/System/Library/PrivateFrameworks/InternationalSupport.framework/Versions/A/InternationalSupport
0x00007ff81bfbc000 	/System/Library/PrivateFrameworks/UserActivity.framework/Versions/A/UserActivity
0x00007ffd091db000 	/System/Library/PrivateFrameworks/UIIntelligenceSupport.framework/Versions/A/UIIntelligenceSupport
0x00007ffb13937000 	/System/Library/Frameworks/SwiftUICore.framework/Versions/A/SwiftUICore
0x00007ffd0ddc9000 	/System/Library/PrivateFrameworks/WritingTools.framework/Versions/A/WritingTools
0x00007ffd0cf1e000 	/System/Library/PrivateFrameworks/WindowManagement.framework/Versions/A/WindowManagement
0x00007ff80b23b000 	/System/Library/Frameworks/SystemConfiguration.framework/Versions/A/SystemConfiguration
0x00007ff81afa5000 	/usr/lib/libspindump.dylib
0x00007ff80f61e000 	/System/Library/Frameworks/UniformTypeIdentifiers.framework/Versions/A/UniformTypeIdentifiers
0x00007ff818297000 	/usr/lib/libbsm.0.dylib
0x00007ff814261000 	/usr/lib/libapp_launch_measurement.dylib
0x00007ff812ed7000 	/System/Library/PrivateFrameworks/CoreAnalytics.framework/Versions/A/CoreAnalytics
0x00007ff814264000 	/System/Library/PrivateFrameworks/CoreAutoLayout.framework/Versions/A/CoreAutoLayout
0x00007ff815ceb000 	/System/Library/Frameworks/Metal.framework/Versions/A/Metal
0x00007ff816f59000 	/usr/lib/liblangid.dylib
0x00007ff8166a6000 	/System/Library/PrivateFrameworks/CoreSVG.framework/Versions/A/CoreSVG
0x00007ff81004f000 	/System/Library/PrivateFrameworks/SkyLight.framework/Versions/A/SkyLight
0x00007ff81051c000 	/System/Library/Frameworks/CoreGraphics.framework/Versions/A/CoreGraphics
0x00007ff8211fc000 	/System/Library/Frameworks/Accelerate.framework/Versions/A/Accelerate
0x00007ff81ade5000 	/System/Library/PrivateFrameworks/IconServices.framework/Versions/A/IconServices
0x00007ff815cca000 	/System/Library/Frameworks/IOSurface.framework/Versions/A/IOSurface
0x00007ff812f05000 	/usr/lib/libDiagnosticMessagesClient.dylib
0x00007ff818eb6000 	/usr/lib/libz.1.dylib
0x00007ff8253bc000 	/System/Library/Frameworks/ApplicationServices.framework/Versions/A/ApplicationServices
0x00007ff81668e000 	/System/Library/PrivateFrameworks/DFRFoundation.framework/Versions/A/DFRFoundation
0x00007ff80d79f000 	/usr/lib/libicucore.A.dylib
0x00007ff81d025000 	/System/Library/Frameworks/AudioToolbox.framework/Versions/A/AudioToolbox
0x00007ff81bf75000 	/System/Library/PrivateFrameworks/DataDetectorsCore.framework/Versions/A/DataDetectorsCore
0x00007ff916d37000 	/System/Library/PrivateFrameworks/TextInput.framework/Versions/A/TextInput
0x00007ff80ffa2000 	/usr/lib/libMobileGestalt.dylib
0x00007ff8163ac000 	/System/Library/Frameworks/Carbon.framework/Versions/A/Frameworks/HIToolbox.framework/Versions/A/HIToolbox
0x00007ff813b72000 	/System/Library/Frameworks/QuartzCore.framework/Versions/A/QuartzCore
0x00007ff80d3bb000 	/System/Library/Frameworks/Security.framework/Versions/A/Security
0x00007ff820b45000 	/System/Library/Frameworks/Carbon.framework/Versions/A/Frameworks/SpeechRecognition.framework/Versions/A/SpeechRecognition
0x00007ff813f6d000 	/System/Library/PrivateFrameworks/CoreUI.framework/Versions/A/CoreUI
0x00007ff80cc79000 	/System/Library/Frameworks/CoreAudio.framework/Versions/A/CoreAudio
0x00007ff812fec000 	/System/Library/Frameworks/DiskArbitration.framework/Versions/A/DiskArbitration
0x00007ff81b3ec000 	/System/Library/PrivateFrameworks/MultitouchSupport.framework/Versions/A/MultitouchSupport
0x00007ff80ffa1000 	/usr/lib/libenergytrace.dylib
0x00007ff90b0e1000 	/System/Library/PrivateFrameworks/RenderBox.framework/Versions/A/RenderBox
0x00007ff80ddbe000 	/System/Library/Frameworks/IOKit.framework/Versions/A/IOKit
0x00007ff820f50000 	/System/Library/Frameworks/CoreServices.framework/Versions/A/CoreServices
0x00007ff8141f8000 	/System/Library/PrivateFrameworks/PerformanceAnalysis.framework/Versions/A/PerformanceAnalysis
0x00007ffb0c736000 	/System/Library/Frameworks/OpenGL.framework/Versions/A/OpenGL
0x00007ff8142ae000 	/usr/lib/libxml2.2.dylib
0x00007ff818189000 	/System/Library/PrivateFrameworks/MobileKeyBag.framework/Versions/A/MobileKeyBag
0x00007ff80a086000 	/usr/lib/libobjc.A.dylib
0x00007ff80a39e000 	/usr/lib/libc++.1.dylib
0x00007ff820ecb000 	/System/Library/Frameworks/Accessibility.framework/Versions/A/Accessibility
0x00007ff810e0f000 	/System/Library/Frameworks/ColorSync.framework/Versions/A/ColorSync
0x00007ff80a4e4000 	/System/Library/Frameworks/CoreFoundation.framework/Versions/A/CoreFoundation
0x00007ff816a75000 	/System/Library/Frameworks/CoreImage.framework/Versions/A/CoreImage
0x00007ff80ca40000 	/System/Library/Frameworks/CoreText.framework/Versions/A/CoreText
0x00007ffb0eaa9000 	/System/Library/Frameworks/CoreTransferable.framework/Versions/A/CoreTransferable
0x00007ffb0ef4d000 	/System/Library/Frameworks/DataDetection.framework/Versions/A/DataDetection
0x00007ffb0ef50000 	/System/Library/Frameworks/DeveloperToolsSupport.framework/Versions/A/DeveloperToolsSupport
0x00007ff8166de000 	/System/Library/Frameworks/ImageIO.framework/Versions/A/ImageIO
0x00007ffb1449d000 	/System/Library/Frameworks/Symbols.framework/Versions/A/Symbols
0x00007ffa1e3ca000 	/System/Library/PrivateFrameworks/FeatureFlags.framework/Versions/A/FeatureFlags
0x00007ff818faf000 	/System/Library/PrivateFrameworks/SoftLinking.framework/Versions/A/SoftLinking
0x00007ffa09f36000 	/usr/lib/swift/libswiftAccelerate.dylib
0x00007ff81ca64000 	/usr/lib/swift/libswiftCore.dylib
0x00007ff913224000 	/usr/lib/swift/libswiftCoreFoundation.dylib
0x00007ff913271000 	/usr/lib/swift/libswiftCoreImage.dylib
0x00007ff910847000 	/usr/lib/swift/libswiftDarwin.dylib
0x00007ffd14e48000 	/usr/lib/swift/libswiftDataDetection.dylib
0x00007ff822d27000 	/usr/lib/swift/libswiftDispatch.dylib
0x00007ff913272000 	/usr/lib/swift/libswiftIOKit.dylib
0x00007ff920100000 	/usr/lib/swift/libswiftMetal.dylib
0x00007ffa0f424000 	/usr/lib/swift/libswiftOSLog.dylib
0x00007ff825883000 	/usr/lib/swift/libswiftObjectiveC.dylib
0x00007ffd14e72000 	/usr/lib/swift/libswiftObservation.dylib
0x00007ff92554d000 	/usr/lib/swift/libswiftQuartzCore.dylib
0x00007ffa09f27000 	/usr/lib/swift/libswiftUniformTypeIdentifiers.dylib
0x00007ff913234000 	/usr/lib/swift/libswiftXPC.dylib
0x00007ffd14f71000 	/usr/lib/swift/libswift_Builtin_float.dylib
0x00007ffd14f74000 	/usr/lib/swift/libswift_Concurrency.dylib
0x00007ffd150bd000 	/usr/lib/swift/libswift_StringProcessing.dylib
0x00007ffd15142000 	/usr/lib/swift/libswift_errno.dylib
0x00007ffd15144000 	/usr/lib/swift/libswift_math.dylib
0x00007ffd15147000 	/usr/lib/swift/libswift_signal.dylib
0x00007ffd15148000 	/usr/lib/swift/libswift_stdio.dylib
0x00007ffd15149000 	/usr/lib/swift/libswift_time.dylib
0x00007ff825887000 	/usr/lib/swift/libswiftos.dylib
0x00007ff916c8a000 	/usr/lib/swift/libswiftsimd.dylib
0x00007ffd1514a000 	/usr/lib/swift/libswiftsys_time.dylib
0x00007ffd1514b000 	/usr/lib/swift/libswiftunistd.dylib
0x00007ff8191a7000 	/usr/lib/libcompression.dylib
0x00007ff81bbaf000 	/System/Library/PrivateFrameworks/TextureIO.framework/Versions/A/TextureIO
0x00007ff81a9da000 	/usr/lib/libate.dylib
0x00007ff818fa4000 	/usr/lib/system/libcache.dylib
0x00007ff818f5d000 	/usr/lib/system/libcommonCrypto.dylib
0x00007ff818f87000 	/usr/lib/system/libcompiler_rt.dylib
0x00007ff818f7b000 	/usr/lib/system/libcopyfile.dylib
0x00007ff80a1cc000 	/usr/lib/system/libcorecrypto.dylib
0x00007ff80a2ca000 	/usr/lib/system/libdispatch.dylib
0x00007ff80a47d000 	/usr/lib/system/libdyld.dylib
0x00007ff818f9a000 	/usr/lib/system/libkeymgr.dylib
0x00007ff818f42000 	/usr/lib/system/libmacho.dylib
0x00007ff818272000 	/usr/lib/system/libquarantine.dylib
0x00007ff818f97000 	/usr/lib/system/libremovefile.dylib
0x00007ff810017000 	/usr/lib/system/libsystem_asl.dylib
0x00007ff80a166000 	/usr/lib/system/libsystem_blocks.dylib
0x00007ff80a315000 	/usr/lib/system/libsystem_c.dylib
0x00007ff818f8f000 	/usr/lib/system/libsystem_collections.dylib
0x00007ff816f48000 	/usr/lib/system/libsystem_configuration.dylib
0x00007ff815c9b000 	/usr/lib/system/libsystem_containermanager.dylib
0x00007ff818aff000 	/usr/lib/system/libsystem_coreservices.dylib
0x00007ff80da48000 	/usr/lib/system/libsystem_darwin.dylib
0x00007ffd152a4000 	/usr/lib/system/libsystem_darwindirectory.dylib
0x00007ff818f9b000 	/usr/lib/system/libsystem_dnssd.dylib
0x00007ffd152a9000 	/usr/lib/system/libsystem_eligibility.dylib
0x00007ff80a312000 	/usr/lib/system/libsystem_featureflags.dylib
0x00007ff80a4b6000 	/usr/lib/system/libsystem_info.dylib
0x00007ff818eca000 	/usr/lib/system/libsystem_m.dylib
0x00007ff80a27f000 	/usr/lib/system/libsystem_malloc.dylib
0x00007ff80ff87000 	/usr/lib/system/libsystem_networkextension.dylib
0x00007ff80de84000 	/usr/lib/system/libsystem_notify.dylib
0x00007ff816f4c000 	/usr/lib/system/libsystem_sandbox.dylib
0x00007ffd152b1000 	/usr/lib/system/libsystem_sanitizers.dylib
0x00007ff818f94000 	/usr/lib/system/libsystem_secinit.dylib
0x00007ff80a434000 	/usr/lib/system/libsystem_kernel.dylib
0x00007ff80a4ac000 	/usr/lib/system/libsystem_platform.dylib
0x00007ff80a471000 	/usr/lib/system/libsystem_pthread.dylib
0x00007ff811dbd000 	/usr/lib/system/libsystem_symptoms.dylib
0x00007ff80a1b1000 	/usr/lib/system/libsystem_trace.dylib
0x00007ff818f6a000 	/usr/lib/system/libunwind.dylib
0x00007ff80a16a000 	/usr/lib/system/libxpc.dylib
0x00007ff80a41d000 	/usr/lib/libc++abi.dylib
0x00007ffd13d03000 	/usr/lib/libRosetta.dylib
0x00007ff80dd3c000 	/System/Library/PrivateFrameworks/CoreServicesInternal.framework/Versions/A/CoreServicesInternal
0x00007ff818f73000 	/usr/lib/liboah.dylib
0x00007ff818fac000 	/usr/lib/libfakelink.dylib
0x00007ff824e93000 	/System/Library/PrivateFrameworks/DiskImages.framework/Versions/A/DiskImages
0x00007ff91037f000 	/System/Library/Frameworks/NetFS.framework/Versions/A/NetFS
0x00007ff80fbe0000 	/System/Library/Frameworks/CFNetwork.framework/Versions/A/CFNetwork
0x00007ff81422b000 	/System/Library/Frameworks/CoreServices.framework/Versions/A/Frameworks/FSEvents.framework/Versions/A/FSEvents
0x00007ff80da53000 	/System/Library/Frameworks/CoreServices.framework/Versions/A/Frameworks/CarbonCore.framework/Versions/A/CarbonCore
0x00007ff812f64000 	/System/Library/Frameworks/CoreServices.framework/Versions/A/Frameworks/Metadata.framework/Versions/A/Metadata
0x00007ff818b06000 	/System/Library/Frameworks/CoreServices.framework/Versions/A/Frameworks/OSServices.framework/Versions/A/OSServices
0x00007ff8190d9000 	/System/Library/Frameworks/CoreServices.framework/Versions/A/Frameworks/SearchKit.framework/Versions/A/SearchKit
0x00007ff811d3d000 	/System/Library/Frameworks/CoreServices.framework/Versions/A/Frameworks/AE.framework/Versions/A/AE
0x00007ff80a997000 	/System/Library/Frameworks/CoreServices.framework/Versions/A/Frameworks/LaunchServices.framework/Versions/A/LaunchServices
0x00007ff81a711000 	/System/Library/Frameworks/CoreServices.framework/Versions/A/Frameworks/DictionaryServices.framework/Versions/A/DictionaryServices
0x00007ff814239000 	/System/Library/Frameworks/CoreServices.framework/Versions/A/Frameworks/SharedFileList.framework/Versions/A/SharedFileList
0x00007ff81915b000 	/usr/lib/libapple_nghttp2.dylib
0x00007ff8119a2000 	/usr/lib/libsqlite3.dylib
0x00007ff81d67b000 	/System/Library/Frameworks/GSS.framework/Versions/A/GSS
0x00007ff811cd8000 	/System/Library/PrivateFrameworks/RunningBoardServices.framework/Versions/A/RunningBoardServices
0x00007ff811dc5000 	/System/Library/Frameworks/Network.framework/Versions/A/Network
0x00007ff818f46000 	/usr/lib/system/libkxld.dylib
0x00007ffb18e2b000 	/System/Library/PrivateFrameworks/AppleKeyStore.framework/Versions/A/AppleKeyStore
0x00007ffd13bd0000 	/usr/lib/libCoreEntitlements.dylib
0x00007ffc130c2000 	/System/Library/PrivateFrameworks/MessageSecurity.framework/Versions/A/MessageSecurity
0x00007ff811988000 	/System/Library/PrivateFrameworks/ProtocolBuffer.framework/Versions/A/ProtocolBuffer
0x00007ff818ae5000 	/System/Library/PrivateFrameworks/AppleFSCompression.framework/Versions/A/AppleFSCompression
0x00007ff81827f000 	/usr/lib/libcoretls.dylib
0x00007ff81a77f000 	/usr/lib/libcoretls_cfhelpers.dylib
0x00007ff8191a1000 	/usr/lib/libpam.2.dylib
0x00007ff81a7f9000 	/usr/lib/libxar.1.dylib
0x00007ff818ffe000 	/usr/lib/libarchive.2.dylib
0x00007ff81edbf000 	/System/Library/Frameworks/Combine.framework/Versions/A/Combine
0x00007ffb1cde6000 	/System/Library/PrivateFrameworks/CollectionsInternal.framework/Versions/A/CollectionsInternal
0x00007ffc1b51a000 	/System/Library/PrivateFrameworks/ReflectionInternal.framework/Versions/A/ReflectionInternal
0x00007ffc1c0c4000 	/System/Library/PrivateFrameworks/RuntimeInternal.framework/Versions/A/RuntimeInternal
0x00007ffd14f05000 	/usr/lib/swift/libswiftSystem.dylib
0x00007ff816f54000 	/System/Library/PrivateFrameworks/AppleSystemInfo.framework/Versions/A/AppleSystemInfo
0x00007ff913116000 	/System/Library/PrivateFrameworks/LoggingSupport.framework/Versions/A/LoggingSupport
0x00007ff821eb0000 	/System/Library/PrivateFrameworks/PowerLog.framework/Versions/A/PowerLog
0x00007ffb1380e000 	/System/Library/Frameworks/SwiftData.framework/Versions/A/SwiftData
0x00007ff814423000 	/System/Library/PrivateFrameworks/UserManagement.framework/Versions/A/UserManagement
0x00007ff80fb06000 	/usr/lib/libboringssl.dylib
0x00007ff811dad000 	/usr/lib/libdns_services.dylib
0x00007ff91231f000 	/usr/lib/libquic.dylib
0x00007ff81c9ec000 	/usr/lib/libusrtcp.dylib
0x00007ffa175dc000 	/System/Library/PrivateFrameworks/InternalSwiftProtobuf.framework/Versions/A/InternalSwiftProtobuf
0x00007ffd14e49000 	/usr/lib/swift/libswiftDistributed.dylib
0x00007ffd14efb000 	/usr/lib/swift/libswiftSynchronization.dylib
0x00007ff80fbdf000 	/usr/lib/libnetwork.dylib
0x00007ff924274000 	/System/Library/PrivateFrameworks/OSAnalytics.framework/Versions/A/OSAnalytics
0x00007ff819139000 	/System/Library/PrivateFrameworks/AppleSauce.framework/Versions/A/AppleSauce
0x00007ff8234bb000 	/System/Library/PrivateFrameworks/CoreSymbolication.framework/Versions/A/CoreSymbolication
0x00007ffa12f68000 	/System/Library/PrivateFrameworks/Symbolication.framework/Versions/A/Symbolication
0x00007ff82349b000 	/System/Library/PrivateFrameworks/DebugSymbols.framework/Versions/A/DebugSymbols
0x00007ffd13a8f000 	/usr/lib/libAppleArchive.dylib
0x00007ff818af0000 	/usr/lib/libbz2.1.0.dylib
0x00007ff81a75f000 	/usr/lib/liblzma.5.dylib
0x00007ff817f87000 	/System/Library/PrivateFrameworks/IOMobileFramebuffer.framework/Versions/A/IOMobileFramebuffer
0x00007ff9131a4000 	/System/Library/PrivateFrameworks/MallocStackLogging.framework/Versions/A/MallocStackLogging
0x00007ff81ab11000 	/System/Library/PrivateFrameworks/CrashReporterSupport.framework/Versions/A/CrashReporterSupport
0x00007ff80aff0000 	/System/Library/PrivateFrameworks/Lexicon.framework/Versions/A/Lexicon
0x00007ffc0bf0d000 	/System/Library/PrivateFrameworks/IO80211.framework/Versions/A/IO80211
0x00007ff822f9d000 	/System/Library/PrivateFrameworks/FrontBoardServices.framework/Versions/A/FrontBoardServices
0x00007ff8181b1000 	/System/Library/Frameworks/SecurityFoundation.framework/Versions/A/SecurityFoundation
0x00007ff818302000 	/usr/lib/libgermantok.dylib
0x00007ff817069000 	/System/Library/PrivateFrameworks/LinguisticData.framework/Versions/A/LinguisticData
0x00007ff811bf5000 	/System/Library/PrivateFrameworks/BaseBoard.framework/Versions/A/BaseBoard
0x00007ff82306b000 	/System/Library/PrivateFrameworks/BoardServices.framework/Versions/A/BoardServices
0x00007ff8181a4000 	/System/Library/PrivateFrameworks/AssertionServices.framework/Versions/A/AssertionServices
0x00007ff824ccc000 	/System/Library/PrivateFrameworks/BackBoardServices.framework/Versions/A/BackBoardServices
0x00007ff8160e6000 	/System/Library/PrivateFrameworks/FontServices.framework/libFontParser.dylib
0x00007ff81002f000 	/System/Library/PrivateFrameworks/TCC.framework/Versions/A/TCC
0x00007ff828851000 	/System/Library/PrivateFrameworks/IOSurfaceAccelerator.framework/Versions/A/IOSurfaceAccelerator
0x00007ff81b3ea000 	/System/Library/PrivateFrameworks/WatchdogClient.framework/Versions/A/WatchdogClient
0x00007ff80c553000 	/System/Library/Frameworks/CoreDisplay.framework/Versions/A/CoreDisplay
0x00007ff815f92000 	/System/Library/Frameworks/CoreMedia.framework/Versions/A/CoreMedia
0x00007ff815ce2000 	/System/Library/PrivateFrameworks/IOAccelerator.framework/Versions/A/IOAccelerator
0x00007ff814391000 	/System/Library/Frameworks/CoreVideo.framework/Versions/A/CoreVideo
0x00007ff81919f000 	/System/Library/Frameworks/MetalPerformanceShaders.framework/Versions/A/MetalPerformanceShaders
0x00007ffc1a96b000 	/System/Library/PrivateFrameworks/ProDisplayLibrary.framework/Versions/A/ProDisplayLibrary
0x00007ff81b430000 	/System/Library/Frameworks/VideoToolbox.framework/Versions/A/VideoToolbox
0x00007ff816f53000 	/System/Library/PrivateFrameworks/AggregateDictionary.framework/Versions/A/AggregateDictionary
0x00007ff81a781000 	/System/Library/PrivateFrameworks/APFS.framework/Versions/A/APFS
0x00007ff81a807000 	/usr/lib/libutil.dylib
0x00007ffc24712000 	/System/Library/PrivateFrameworks/SwiftASN1Internal.framework/Versions/A/SwiftASN1Internal
0x00007ff812ff4000 	/System/Library/Frameworks/Accelerate.framework/Versions/A/Frameworks/vImage.framework/Versions/A/vImage
0x00007ff820f27000 	/System/Library/Frameworks/Accelerate.framework/Versions/A/Frameworks/vecLib.framework/Versions/A/vecLib
0x00007ff81a83c000 	/System/Library/Frameworks/Accelerate.framework/Versions/A/Frameworks/vecLib.framework/Versions/A/libvMisc.dylib
0x00007ff80ae1e000 	/System/Library/Frameworks/Accelerate.framework/Versions/A/Frameworks/vecLib.framework/Versions/A/libBLAS.dylib
0x00007ff81d25e000 	/System/Library/Frameworks/ApplicationServices.framework/Versions/A/Frameworks/ATS.framework/Versions/A/ATS
0x00007ff810fc4000 	/System/Library/Frameworks/ApplicationServices.framework/Versions/A/Frameworks/HIServices.framework/Versions/A/HIServices
0x00007ff81bb3c000 	/System/Library/Frameworks/ApplicationServices.framework/Versions/A/Frameworks/PrintCore.framework/Versions/A/PrintCore
0x00007ff81d645000 	/System/Library/Frameworks/ApplicationServices.framework/Versions/A/Frameworks/QD.framework/Versions/A/QD
0x00007ff81d63d000 	/System/Library/Frameworks/ApplicationServices.framework/Versions/A/Frameworks/ColorSyncLegacy.framework/Versions/A/ColorSyncLegacy
0x00007ff81d234000 	/System/Library/Frameworks/ApplicationServices.framework/Versions/A/Frameworks/SpeechSynthesis.framework/Versions/A/SpeechSynthesis
0x00007ff817f56000 	/System/Library/PrivateFrameworks/CoreEmoji.framework/Versions/A/CoreEmoji
0x00007ffb22eb9000 	/System/Library/PrivateFrameworks/FontServices.framework/Versions/A/FontServices
0x00007ff81af54000 	/System/Library/PrivateFrameworks/OTSVG.framework/Versions/A/OTSVG
0x00007ff813f20000 	/System/Library/Frameworks/ApplicationServices.framework/Versions/A/Frameworks/ATS.framework/Versions/A/Resources/libFontRegistry.dylib
0x00007ffd14247000 	/usr/lib/libhvf.dylib
0x00007ffc16f51000 	/System/Library/PrivateFrameworks/ParsingInternal.framework/Versions/A/ParsingInternal
0x00007ffd14e8e000 	/usr/lib/swift/libswiftRegexBuilder.dylib
0x00007ffd1500f000 	/usr/lib/swift/libswift_RegexParser.dylib
0x00007ff81b2b6000 	/System/Library/PrivateFrameworks/AppleJPEG.framework/Versions/A/AppleJPEG
0x00007ff81ad74000 	/usr/lib/libexpat.1.dylib
0x00007ff81ba05000 	/System/Library/Frameworks/ImageIO.framework/Versions/A/Resources/libPng.dylib
0x00007ff81ba33000 	/System/Library/Frameworks/ImageIO.framework/Versions/A/Resources/libTIFF.dylib
0x00007ff81bb27000 	/System/Library/Frameworks/ImageIO.framework/Versions/A/Resources/libGIF.dylib
0x00007ff81b303000 	/System/Library/Frameworks/ImageIO.framework/Versions/A/Resources/libJP2.dylib
0x00007ff81bac7000 	/System/Library/Frameworks/ImageIO.framework/Versions/A/Resources/libJPEG.dylib
0x00007ff81babe000 	/System/Library/Frameworks/ImageIO.framework/Versions/A/Resources/libRadiance.dylib
0x00007ffb27f94000 	/System/Library/PrivateFrameworks/GPUCompiler.framework/Versions/32023/Libraries/libllvm-flatbuffers.dylib
0x00007ffb22f84000 	/System/Library/PrivateFrameworks/FramePacing.framework/Versions/A/FramePacing
0x00007ffb0c72a000 	/System/Library/Frameworks/OpenGL.framework/Versions/A/Libraries/libCoreFSCache.dylib
0x00007ffb23b9c000 	/System/Library/PrivateFrameworks/GPUCompiler.framework/Versions/32023/Libraries/libGPUCompilerUtils.dylib
0x00007ffb22eba000 	/System/Library/PrivateFrameworks/FontServices.framework/libXTFontStaticRegistryData.dylib
0x00007ffc19c47000 	/System/Library/PrivateFrameworks/PhotosensitivityProcessing.framework/Versions/A/PhotosensitivityProcessing
0x00007ffb0d3e7000 	/System/Library/Frameworks/OpenCL.framework/Versions/A/OpenCL
0x00007ff81af45000 	/System/Library/PrivateFrameworks/GraphVisualizer.framework/Versions/A/GraphVisualizer
0x00007ffb0c788000 	/System/Library/Frameworks/OpenGL.framework/Versions/A/Libraries/libGLU.dylib
0x00007ffb0c749000 	/System/Library/Frameworks/OpenGL.framework/Versions/A/Libraries/libGFXShared.dylib
0x00007ffb0c945000 	/System/Library/Frameworks/OpenGL.framework/Versions/A/Libraries/libGL.dylib
0x00007ffb0c752000 	/System/Library/Frameworks/OpenGL.framework/Versions/A/Libraries/libGLImage.dylib
0x00007ffb0c746000 	/System/Library/Frameworks/OpenGL.framework/Versions/A/Libraries/libCVMSPluginSupport.dylib
0x00007ffb0c731000 	/System/Library/Frameworks/OpenGL.framework/Versions/A/Libraries/libCoreVMClient.dylib
0x00007ff816e8d000 	/System/Library/Frameworks/MetalPerformanceShaders.framework/Versions/A/Frameworks/MPSCore.framework/Versions/A/MPSCore
0x00007ff818a40000 	/System/Library/Frameworks/MetalPerformanceShaders.framework/Versions/A/Frameworks/MPSImage.framework/Versions/A/MPSImage
0x00007ff81831b000 	/System/Library/Frameworks/MetalPerformanceShaders.framework/Versions/A/Frameworks/MPSNeuralNetwork.framework/Versions/A/MPSNeuralNetwork
0x00007ff81887b000 	/System/Library/Frameworks/MetalPerformanceShaders.framework/Versions/A/Frameworks/MPSMatrix.framework/Versions/A/MPSMatrix
0x00007ff818631000 	/System/Library/Frameworks/MetalPerformanceShaders.framework/Versions/A/Frameworks/MPSRayIntersector.framework/Versions/A/MPSRayIntersector
0x00007ff8188ba000 	/System/Library/Frameworks/MetalPerformanceShaders.framework/Versions/A/Frameworks/MPSNDArray.framework/Versions/A/MPSNDArray
0x00007ffb10b1d000 	/System/Library/Frameworks/MetalPerformanceShaders.framework/Versions/A/Frameworks/MPSFunctions.framework/Versions/A/MPSFunctions
0x00007ffb10aff000 	/System/Library/Frameworks/MetalPerformanceShaders.framework/Versions/A/Frameworks/MPSBenchmarkLoop.framework/Versions/A/MPSBenchmarkLoop
0x00007ff80ac8f000 	/System/Library/PrivateFrameworks/MetalTools.framework/Versions/A/MetalTools
0x00007ff9181d7000 	/System/Library/PrivateFrameworks/IOAccelMemoryInfo.framework/Versions/A/IOAccelMemoryInfo
0x00007ff925953000 	/System/Library/PrivateFrameworks/kperf.framework/Versions/A/kperf
0x00007ff913206000 	/System/Library/PrivateFrameworks/GPURawCounter.framework/Versions/A/GPURawCounter
0x00007ff81baf8000 	/System/Library/Frameworks/ApplicationServices.framework/Versions/A/Frameworks/ATSUI.framework/Versions/A/ATSUI
0x00007ff81d5cf000 	/usr/lib/libcups.2.dylib
0x00007ff81d66c000 	/System/Library/Frameworks/Kerberos.framework/Versions/A/Kerberos
0x00007ff81d2d7000 	/usr/lib/libresolv.9.dylib
0x00007ff818fe6000 	/usr/lib/libiconv.2.dylib
0x00007ff81afac000 	/System/Library/PrivateFrameworks/Heimdal.framework/Versions/A/Heimdal
0x00007ff8257db000 	/System/Library/Frameworks/Kerberos.framework/Versions/A/Libraries/libHeimdalProxy.dylib
0x00007ff81ad90000 	/usr/lib/libheimdal-asn1.dylib
0x00007ff814203000 	/System/Library/Frameworks/OpenDirectory.framework/Versions/A/OpenDirectory
0x00007ff81d6c4000 	/System/Library/PrivateFrameworks/CommonAuth.framework/Versions/A/CommonAuth
0x00007ff81420f000 	/System/Library/Frameworks/OpenDirectory.framework/Versions/A/Frameworks/CFOpenDirectory.framework/Versions/A/CFOpenDirectory
0x00007ff818f41000 	/usr/lib/libcharset.1.dylib
0x00007ffb0db53000 	/System/Library/Frameworks/AVFAudio.framework/Versions/A/AVFAudio
0x00007ff90ca63000 	/System/Library/PrivateFrameworks/AXCoreUtilities.framework/Versions/A/AXCoreUtilities
0x00007ffc0f1d3000 	/System/Library/PrivateFrameworks/IsolatedCoreAudioClient.framework/Versions/A/IsolatedCoreAudioClient
0x00007ff81d21c000 	/usr/lib/libAudioStatistics.dylib
0x00007ff815f6e000 	/System/Library/PrivateFrameworks/caulk.framework/Versions/A/caulk
0x00007ff80c67e000 	/System/Library/PrivateFrameworks/AudioToolboxCore.framework/Versions/A/AudioToolboxCore
0x00007ff827c7a000 	/System/Library/Frameworks/CoreMIDI.framework/Versions/A/CoreMIDI
0x00007ff81d1c3000 	/System/Library/PrivateFrameworks/AudioSession.framework/Versions/A/AudioSession
0x00007ff81eb43000 	/System/Library/Frameworks/IOBluetooth.framework/Versions/A/IOBluetooth
0x00007ff81ae7c000 	/System/Library/PrivateFrameworks/MediaExperience.framework/Versions/A/MediaExperience
0x00007ffc27159000 	/System/Library/PrivateFrameworks/Tightbeam.framework/Versions/A/Tightbeam
0x00007ffb1d7a7000 	/System/Library/PrivateFrameworks/CoreAudioOrchestration.framework/Versions/A/CoreAudioOrchestration
0x00007ffa0a56b000 	/System/Library/PrivateFrameworks/AFKUser.framework/Versions/A/AFKUser
0x00007ff91320a000 	/usr/lib/swift/libswiftCoreAudio.dylib
0x00007ff81af9a000 	/System/Library/PrivateFrameworks/AppServerSupport.framework/Versions/A/AppServerSupport
0x00007ff81d64f000 	/System/Library/PrivateFrameworks/perfdata.framework/Versions/A/perfdata
0x00007ff91240c000 	/System/Library/PrivateFrameworks/SystemPolicy.framework/Versions/A/SystemPolicy
0x00007ff81d4ee000 	/usr/lib/libSMC.dylib
0x00007ff81b9d0000 	/usr/lib/libAudioToolboxUtility.dylib
0x00007ff81d65d000 	/usr/lib/libperfcheck.dylib
0x00007ffb19ca4000 	/System/Library/PrivateFrameworks/AudioAnalytics.framework/Versions/A/AudioAnalytics
0x00007ffa173b1000 	/System/Library/Frameworks/OSLog.framework/Versions/A/OSLog
0x00007ff9131d4000 	/usr/lib/libmis.dylib
0x00007ff81cfe4000 	/System/Library/PrivateFrameworks/AudioSession.framework/libSessionUtility.dylib
0x00007ff81bb2d000 	/System/Library/PrivateFrameworks/CMCaptureCore.framework/Versions/A/CMCaptureCore
0x00007ffb0f070000 	/System/Library/Frameworks/ExtensionFoundation.framework/Versions/A/ExtensionFoundation
0x00007ff8235cd000 	/System/Library/PrivateFrameworks/CoreTime.framework/Versions/A/CoreTime
0x00007ff81ac64000 	/System/Library/PrivateFrameworks/PlugInKit.framework/Versions/A/PlugInKit
0x00007ff821db6000 	/System/Library/Frameworks/CoreBluetooth.framework/Versions/A/CoreBluetooth
0x00007ff8257dc000 	/System/Library/Frameworks/AudioUnit.framework/Versions/A/AudioUnit
0x00007ff818013000 	/System/Library/PrivateFrameworks/CoreUtils.framework/Versions/A/CoreUtils
0x00007ffb20935000 	/System/Library/PrivateFrameworks/CoreUtilsExtras.framework/Versions/A/CoreUtilsExtras
0x00007ff821249000 	/System/Library/Frameworks/MediaAccessibility.framework/Versions/A/MediaAccessibility
0x00007ff91b5bb000 	/System/Library/PrivateFrameworks/AttributeGraph.framework/Versions/A/AttributeGraph
0x00007ffd13a10000 	/usr/lib/libAXSafeCategoryBundle.dylib
0x00007ff90cb08000 	/usr/lib/libAccessibility.dylib
0x00007ff817d61000 	/System/Library/Frameworks/Accelerate.framework/Versions/A/Frameworks/vecLib.framework/Versions/A/libvDSP.dylib
0x00007ff81928b000 	/System/Library/Frameworks/Accelerate.framework/Versions/A/Frameworks/vecLib.framework/Versions/A/libLAPACK.dylib
0x00007ff818305000 	/System/Library/Frameworks/Accelerate.framework/Versions/A/Frameworks/vecLib.framework/Versions/A/libLinearAlgebra.dylib
0x00007ff819176000 	/System/Library/Frameworks/Accelerate.framework/Versions/A/Frameworks/vecLib.framework/Versions/A/libSparseBLAS.dylib
0x00007ff819285000 	/System/Library/Frameworks/Accelerate.framework/Versions/A/Frameworks/vecLib.framework/Versions/A/libQuadrature.dylib
0x00007ff81706f000 	/System/Library/Frameworks/Accelerate.framework/Versions/A/Frameworks/vecLib.framework/Versions/A/libBNNS.dylib
0x00007ff80b0f4000 	/System/Library/Frameworks/Accelerate.framework/Versions/A/Frameworks/vecLib.framework/Versions/A/libSparse.dylib
0x00007ffc105a5000 	/System/Library/PrivateFrameworks/MIL.framework/Versions/A/MIL
0x00007ff81bab7000 	/System/Library/PrivateFrameworks/GPUWrangler.framework/Versions/A/GPUWrangler
0x00007ff81ba9b000 	/System/Library/PrivateFrameworks/IOPresentment.framework/Versions/A/IOPresentment
0x00007ff81bac1000 	/System/Library/PrivateFrameworks/DSExternalDisplay.framework/Versions/A/DSExternalDisplay
0x00007ffa177c2000 	/System/Library/PrivateFrameworks/HIDDisplay.framework/Versions/A/HIDDisplay
0x00007ff90bd77000 	/System/Library/PrivateFrameworks/HID.framework/Versions/A/HID
0x00007ffd0ac31000 	/System/Library/PrivateFrameworks/VideoToolboxParavirtualizationSupport.framework/Versions/A/VideoToolboxParavirtualizationSupport
0x00007ff81ad26000 	/System/Library/PrivateFrameworks/AppleVA.framework/Versions/A/AppleVA
0x00007ff823118000 	/System/Library/PrivateFrameworks/GraphicsServices.framework/Versions/A/GraphicsServices
0x00007ff81d83a000 	/System/Library/PrivateFrameworks/CorePhoneNumbers.framework/Versions/A/CorePhoneNumbers
0x00007ff821f92000 	/System/Library/PrivateFrameworks/MediaKit.framework/Versions/A/MediaKit
0x00007ff821eec000 	/System/Library/Frameworks/DiscRecording.framework/Versions/A/DiscRecording
0x00007ff81d632000 	/System/Library/PrivateFrameworks/NetAuth.framework/Versions/A/NetAuth
0x00007ff8143e5000 	/System/Library/PrivateFrameworks/login.framework/Versions/A/Frameworks/loginsupport.framework/Versions/A/loginsupport
0x00007ff81ad99000 	/System/Library/PrivateFrameworks/IconFoundation.framework/Versions/A/IconFoundation
0x00007ff81ab08000 	/usr/lib/libIOReport.dylib
0x00007ffb198d5000 	/System/Library/PrivateFrameworks/AppleMobileFileIntegrity.framework/Versions/A/AppleMobileFileIntegrity
0x00007ffd13d5e000 	/usr/lib/libTLE.dylib
0x00007ffa26cfd000 	/System/Library/PrivateFrameworks/ConfigProfileHelper.framework/Versions/A/ConfigProfileHelper
0x00007ff8182a7000 	/usr/lib/libmecab.dylib
0x00007ff80b2c1000 	/usr/lib/libCRFSuite.dylib
0x00007ff816f5b000 	/System/Library/PrivateFrameworks/CoreNLP.framework/Versions/A/CoreNLP
0x00007ff819131000 	/usr/lib/libThaiTokenizer.dylib
0x00007ff818275000 	/usr/lib/libCheckFix.dylib
0x00007ff812f07000 	/System/Library/PrivateFrameworks/MetadataUtilities.framework/Versions/A/MetadataUtilities
0x00007ffc0c704000 	/System/Library/PrivateFrameworks/InstalledContentLibrary.framework/Versions/A/InstalledContentLibrary
0x00007ff80dd7d000 	/System/Library/PrivateFrameworks/CoreServicesStore.framework/Versions/A/CoreServicesStore
0x00007ff925a53000 	/System/Library/PrivateFrameworks/MobileSystemServices.framework/Versions/A/MobileSystemServices
0x00007ff81a80b000 	/usr/lib/libxslt.1.dylib
0x00007ff81823b000 	/System/Library/PrivateFrameworks/BackgroundTaskManagement.framework/Versions/A/BackgroundTaskManagement
0x00007ff825040000 	/usr/lib/libcurl.4.dylib
0x00007ffd140f1000 	/usr/lib/libcrypto.46.dylib
0x00007ffd14c28000 	/usr/lib/libssl.48.dylib
0x00007ff824d26000 	/System/Library/Frameworks/LDAP.framework/Versions/A/LDAP
0x00007ff824d60000 	/System/Library/PrivateFrameworks/TrustEvaluationAgent.framework/Versions/A/TrustEvaluationAgent
0x00007ff81d2f4000 	/usr/lib/libsasl2.2.dylib
0x00007ff910846000 	/usr/lib/swift/libswiftCoreGraphics.dylib
0x00007ff821866000 	/usr/lib/swift/libswiftFoundation.dylib
0x00007ffa2678b000 	/usr/lib/swift/libswiftSwiftOnoneSupport.dylib
0x00007ffa13676000 	/System/Library/PrivateFrameworks/CoreMaterial.framework/Versions/A/CoreMaterial
0x00007ffc1c1ac000 	/System/Library/PrivateFrameworks/SFSymbols.framework/Versions/A/SFSymbols
0x00007ff820b35000 	/System/Library/PrivateFrameworks/SpeechRecognitionCore.framework/Versions/A/SpeechRecognitionCore
0x000000010c767000 	/Users/courtneysweeney/.p2/pool/plugins/org.eclipse.justj.openjdk.hotspot.jre.full.macosx.x86_64_21.0.9.v20251105-0741/jre/lib/server/libjvm.dylib
0x000000010b507000 	/Users/courtneysweeney/.p2/pool/plugins/org.eclipse.justj.openjdk.hotspot.jre.full.macosx.x86_64_21.0.9.v20251105-0741/jre/lib/libjimage.dylib
0x000000010b58f000 	/Users/courtneysweeney/.p2/pool/plugins/org.eclipse.justj.openjdk.hotspot.jre.full.macosx.x86_64_21.0.9.v20251105-0741/jre/lib/libjava.dylib
0x000000010c134000 	/Users/courtneysweeney/.p2/pool/plugins/org.eclipse.justj.openjdk.hotspot.jre.full.macosx.x86_64_21.0.9.v20251105-0741/jre/lib/libnio.dylib
0x000000010c16e000 	/Users/courtneysweeney/.p2/pool/plugins/org.eclipse.justj.openjdk.hotspot.jre.full.macosx.x86_64_21.0.9.v20251105-0741/jre/lib/libnet.dylib
0x000000010c298000 	/Users/courtneysweeney/.p2/pool/plugins/org.eclipse.justj.openjdk.hotspot.jre.full.macosx.x86_64_21.0.9.v20251105-0741/jre/lib/libzip.dylib
0x000000010c3f8000 	/Users/courtneysweeney/.p2/pool/plugins/org.eclipse.justj.openjdk.hotspot.jre.full.macosx.x86_64_21.0.9.v20251105-0741/jre/lib/libawt.dylib
0x000000010c62d000 	/Users/courtneysweeney/.p2/pool/plugins/org.eclipse.justj.openjdk.hotspot.jre.full.macosx.x86_64_21.0.9.v20251105-0741/jre/lib/libmlib_image.dylib
0x00007ffb0fd97000 	/System/Library/Frameworks/JavaRuntimeSupport.framework/Versions/A/JavaRuntimeSupport
0x00007ff911e55000 	/System/Library/Frameworks/Carbon.framework/Versions/A/Carbon
0x00007ff9086b5000 	/System/Library/Frameworks/Carbon.framework/Versions/A/Frameworks/CommonPanels.framework/Versions/A/CommonPanels
0x00007ff82502d000 	/System/Library/Frameworks/Carbon.framework/Versions/A/Frameworks/Help.framework/Versions/A/Help
0x00007ff9086b9000 	/System/Library/Frameworks/Carbon.framework/Versions/A/Frameworks/ImageCapture.framework/Versions/A/ImageCapture
0x00007ff908697000 	/System/Library/Frameworks/Carbon.framework/Versions/A/Frameworks/OpenScripting.framework/Versions/A/OpenScripting
0x00007ff9086b4000 	/System/Library/Frameworks/Carbon.framework/Versions/A/Frameworks/Ink.framework/Versions/A/Ink
0x00007ff9086b1000 	/System/Library/Frameworks/Carbon.framework/Versions/A/Frameworks/SecurityHI.framework/Versions/A/SecurityHI
0x000000016d068000 	/Users/courtneysweeney/.p2/pool/plugins/org.eclipse.justj.openjdk.hotspot.jre.full.macosx.x86_64_21.0.9.v20251105-0741/jre/lib/libawt_lwawt.dylib
0x000000010c385000 	/Users/courtneysweeney/.p2/pool/plugins/org.eclipse.justj.openjdk.hotspot.jre.full.macosx.x86_64_21.0.9.v20251105-0741/jre/lib/libosxapp.dylib
0x00007ff9108a6000 	/System/Library/Frameworks/ExceptionHandling.framework/Versions/A/ExceptionHandling
0x000000016d344000 	/Users/courtneysweeney/.p2/pool/plugins/org.eclipse.justj.openjdk.hotspot.jre.full.macosx.x86_64_21.0.9.v20251105-0741/jre/lib/libfontmanager.dylib
0x0000000125e35000 	/Users/courtneysweeney/.p2/pool/plugins/org.eclipse.justj.openjdk.hotspot.jre.full.macosx.x86_64_21.0.9.v20251105-0741/jre/lib/libfreetype.dylib
0x00007ff8140da000 	/System/Library/PrivateFrameworks/ViewBridge.framework/Versions/A/ViewBridge
0x0000000177115000 	/usr/lib/libobjc-trampolines.dylib
0x00007ff91c549000 	/System/Library/CoreServices/RawCamera.bundle/Contents/MacOS/RawCamera
0x00007ff8257fb000 	/System/Library/PrivateFrameworks/StreamingZip.framework/Versions/A/StreamingZip
0x00007ff81d6d3000 	/System/Library/PrivateFrameworks/MobileAsset.framework/Versions/A/MobileAsset
0x00007ff919efe000 	/System/Library/PrivateFrameworks/SoftwareUpdateCoreSupport.framework/Versions/A/SoftwareUpdateCoreSupport
0x00007ff921821000 	/System/Library/PrivateFrameworks/SoftwareUpdateCoreConnect.framework/Versions/A/SoftwareUpdateCoreConnect
0x00007ff824f7c000 	/System/Library/PrivateFrameworks/RemoteServiceDiscovery.framework/Versions/A/RemoteServiceDiscovery
0x00007ff919b65000 	/System/Library/PrivateFrameworks/MSUDataAccessor.framework/Versions/A/MSUDataAccessor
0x00007ff91529e000 	/usr/lib/libbootpolicy.dylib
0x00007ff824f91000 	/System/Library/PrivateFrameworks/RemoteXPC.framework/Versions/A/RemoteXPC
0x00007ff920d39000 	/usr/lib/libFDR.dylib
0x00007ff926f70000 	/usr/lib/libamsupport.dylib
0x00007ffb18734000 	/System/Library/PrivateFrameworks/AppleDeviceQuerySupport.framework/Versions/A/AppleDeviceQuerySupport
0x00007ffa0a123000 	/usr/lib/libpartition2_dynamic.dylib
0x00007ffb18af9000 	/System/Library/PrivateFrameworks/AppleJPEGXL.framework/Versions/A/AppleJPEGXL
0x00007ff824a1a000 	/System/Library/PrivateFrameworks/CoreWiFi.framework/Versions/A/CoreWiFi
0x00007ffd1471e000 	/usr/lib/libmrc.dylib
0x00007ffc0bf71000 	/System/Library/PrivateFrameworks/IPConfiguration.framework/Versions/A/IPConfiguration
0x00007ffa1363d000 	/System/Library/PrivateFrameworks/Netrb.framework/Versions/A/Netrb
0x00007ffa1e449000 	/System/Library/PrivateFrameworks/WiFiPeerToPeer.framework/Versions/A/WiFiPeerToPeer
0x00007ff818d18000 	/System/Library/Frameworks/UserNotifications.framework/Versions/A/UserNotifications
0x00007ff81d843000 	/usr/lib/libTelephonyUtilDynamic.dylib
0x00007ff81c02b000 	/System/Library/Frameworks/MediaToolbox.framework/Versions/A/MediaToolbox
0x00007ff82246e000 	/System/Library/PrivateFrameworks/CoreAVCHD.framework/Versions/A/CoreAVCHD
0x00007ff82246a000 	/System/Library/PrivateFrameworks/Mangrove.framework/Versions/A/Mangrove
0x00007ffb1b533000 	/System/Library/PrivateFrameworks/CMPhoto.framework/Versions/A/CMPhoto
0x00007ff822b6d000 	/System/Library/Frameworks/CoreTelephony.framework/Versions/A/CoreTelephony
0x00007ff82336d000 	/System/Library/PrivateFrameworks/AppleVPA.framework/Versions/A/AppleVPA
0x00007ff8220af000 	/System/Library/PrivateFrameworks/CoreAUC.framework/Versions/A/CoreAUC
0x00007ff919521000 	/System/Library/Frameworks/Accelerate.framework/Versions/A/Frameworks/vImage.framework/Versions/A/Libraries/libCGInterfaces.dylib
0x00007ffd13a14000 	/usr/lib/libAccessibilityBaseImplementations.dylib
0x00007ffd0ddcd000 	/System/Library/PrivateFrameworks/WritingToolsUI.framework/Versions/A/WritingToolsUI
0x00007ffc09113000 	/System/Library/PrivateFrameworks/GenerativeAssistantSettings.framework/Versions/A/GenerativeAssistantSettings
0x00007ffc252db000 	/System/Library/PrivateFrameworks/TextComposer.framework/Versions/A/TextComposer
0x00007ff91322a000 	/usr/lib/swift/libswiftIntents.dylib
0x00007ffd14e9d000 	/usr/lib/swift/libswiftSpatial.dylib
0x00007ffb0dca1000 	/System/Library/Frameworks/AppIntents.framework/Versions/A/AppIntents
0x00007ff91a366000 	/System/Library/Frameworks/SwiftUI.framework/Versions/A/SwiftUI
0x00007ff91091b000 	/System/Library/Frameworks/WebKit.framework/Versions/A/WebKit
0x00007ffb15071000 	/System/Library/Frameworks/_AuthenticationServices_SwiftUI.framework/Versions/A/_AuthenticationServices_SwiftUI
0x00007ffb17670000 	/System/Library/PrivateFrameworks/Anvil.framework/Versions/A/Anvil
0x00007ff9199df000 	/System/Library/PrivateFrameworks/AppStoreDaemon.framework/Versions/A/AppStoreDaemon
0x00007ff827ebb000 	/System/Library/PrivateFrameworks/AppleMediaServices.framework/Versions/A/AppleMediaServices
0x00007ff9163cf000 	/System/Library/PrivateFrameworks/AppleMediaServicesUI.framework/Versions/A/AppleMediaServicesUI
0x00007ffc090f2000 	/System/Library/PrivateFrameworks/GenerativeAssistantCommon.framework/Versions/A/GenerativeAssistantCommon
0x00007ffa25e7b000 	/System/Library/PrivateFrameworks/JetEngine.framework/Versions/A/JetEngine
0x00007ffc0ff93000 	/System/Library/PrivateFrameworks/LinkMetadata.framework/Versions/A/LinkMetadata
0x00007ff913b94000 	/System/Library/PrivateFrameworks/OnBoardingKit.framework/Versions/A/OnBoardingKit
0x00007ffc1cf27000 	/System/Library/PrivateFrameworks/Settings.framework/Versions/A/Settings
0x00007ff818d63000 	/System/Library/Frameworks/CoreSpotlight.framework/Versions/A/CoreSpotlight
0x00007ffc10198000 	/System/Library/PrivateFrameworks/LinkServices.framework/Versions/A/LinkServices
0x00007ffb21459000 	/System/Library/PrivateFrameworks/DoNotDisturb.framework/Versions/A/DoNotDisturb
0x00007ff9182e3000 	/System/Library/PrivateFrameworks/IntentsCore.framework/Versions/A/IntentsCore
0x00007ffb19f8d000 	/System/Library/PrivateFrameworks/AvailabilityKit.framework/Versions/A/AvailabilityKit
0x00007ffb17871000 	/System/Library/PrivateFrameworks/AppIntentSchemas.framework/Versions/A/AppIntentSchemas
0x00007ffc23ff2000 	/System/Library/PrivateFrameworks/StatusKit.framework/Versions/A/StatusKit
0x00007ffc1b49b000 	/System/Library/PrivateFrameworks/RecapPerformanceTesting.framework/Versions/A/RecapPerformanceTesting
0x00007ff913b86000 	/System/Library/PrivateFrameworks/SignpostCollection.framework/Versions/A/SignpostCollection
0x00007ffd13d5d000 	/usr/lib/libSpatial.dylib
0x00007ff827887000 	/System/Library/Frameworks/WebKit.framework/Versions/A/Frameworks/WebKitLegacy.framework/Versions/A/WebKitLegacy
0x00007ff825652000 	/System/Library/PrivateFrameworks/CorePrediction.framework/Versions/A/CorePrediction
0x00007ff814eb3000 	/System/Library/Frameworks/WebKit.framework/Versions/A/Frameworks/WebCore.framework/Versions/A/Frameworks/libwebrtc.dylib
0x00007ff9108a9000 	/System/Library/PrivateFrameworks/SafariSafeBrowsing.framework/Versions/A/SafariSafeBrowsing
0x00007ff81d37f000 	/System/Library/Frameworks/SecurityInterface.framework/Versions/A/SecurityInterface
0x00007ff913b93000 	/System/Library/PrivateFrameworks/WebInspectorUI.framework/Versions/A/WebInspectorUI
0x00007ff9086bb000 	/System/Library/Frameworks/JavaScriptCore.framework/Versions/A/JavaScriptCore
0x00007ff90cb31000 	/System/Library/Frameworks/WebKit.framework/Versions/A/Frameworks/WebCore.framework/Versions/A/WebCore
0x00007ffb0e639000 	/System/Library/Frameworks/BrowserEngineCore.framework/Versions/A/BrowserEngineCore
0x00007ffb14c31000 	/System/Library/Frameworks/WebKit.framework/Versions/A/Frameworks/WebCore.framework/Versions/A/Frameworks/libANGLE-shared.dylib
0x00007ffd0caf5000 	/System/Library/PrivateFrameworks/WebGPU.framework/Versions/A/WebGPU
0x00007ff915a05000 	/System/Library/Frameworks/SceneKit.framework/Versions/A/SceneKit
0x00007ff9262c4000 	/System/Library/Frameworks/ModelIO.framework/Versions/A/ModelIO
0x00007ff81ed03000 	/System/Library/Frameworks/MetalKit.framework/Versions/A/MetalKit
0x00007ff820e57000 	/System/Library/Frameworks/GLKit.framework/Versions/A/GLKit
0x00007ffd153db000 	/usr/lib/usd/libusd_ms.dylib
0x00007ffd09462000 	/System/Library/PrivateFrameworks/USDLib_FormatLoaderProxy.framework/Versions/A/USDLib_FormatLoaderProxy
0x00007ff912cf5000 	/System/Library/PrivateFrameworks/CoreOptimization.framework/Versions/A/CoreOptimization
0x00007ffb19e73000 	/System/Library/PrivateFrameworks/AuthenticationServicesCore.framework/Versions/A/AuthenticationServicesCore
0x00007ff91c9eb000 	/System/Library/Frameworks/AuthenticationServices.framework/Versions/A/AuthenticationServices
0x00007ff81ac40000 	/System/Library/PrivateFrameworks/SharedWebCredentials.framework/Versions/A/SharedWebCredentials
0x00007ff914a81000 	/System/Library/PrivateFrameworks/SafariCore.framework/Versions/A/SafariCore
0x00007ff91c505000 	/System/Library/PrivateFrameworks/SafariFoundation.framework/Versions/A/SafariFoundation
0x00007ffb1b012000 	/System/Library/PrivateFrameworks/CBORLibrary.framework/Versions/A/CBORLibrary
0x00007ffb1bc65000 	/System/Library/PrivateFrameworks/Chirp.framework/Versions/A/Chirp
0x00007ffa2703c000 	/System/Library/PrivateFrameworks/RemoteManagement.framework/Versions/A/RemoteManagement
0x00007ffc1b780000 	/System/Library/PrivateFrameworks/RemoteManagementModel.framework/Versions/A/RemoteManagementModel
0x00007ffc1b80c000 	/System/Library/PrivateFrameworks/RemoteManagementStore.framework/Versions/A/RemoteManagementStore
0x00007ff81ed20000 	/usr/lib/libxcselect.dylib
0x00007ff91c470000 	/System/Library/PrivateFrameworks/DifferentialPrivacy.framework/Versions/A/DifferentialPrivacy
0x00007ff821af4000 	/System/Library/Frameworks/Contacts.framework/Versions/A/Contacts
0x00007ffd09c3e000 	/System/Library/PrivateFrameworks/VDAF.framework/Versions/A/VDAF
0x00007ff821925000 	/System/Library/PrivateFrameworks/ContactsPersistence.framework/Versions/A/ContactsPersistence
0x00007ff820b4c000 	/System/Library/PrivateFrameworks/AppleLDAP.framework/Versions/A/AppleLDAP
0x00007ff8253c0000 	/System/Library/Frameworks/ClassKit.framework/Versions/A/ClassKit
0x00007ff8275ab000 	/System/Library/PrivateFrameworks/CoreSuggestions.framework/Versions/A/CoreSuggestions
0x00007ff821867000 	/System/Library/PrivateFrameworks/ContactsFoundation.framework/Versions/A/ContactsFoundation
0x00007ff8230de000 	/System/Library/PrivateFrameworks/vCard.framework/Versions/A/vCard
0x00007ffb1d0a7000 	/System/Library/PrivateFrameworks/ContactsMetrics.framework/Versions/A/ContactsMetrics
0x00007ff81b058000 	/System/Library/PrivateFrameworks/login.framework/Versions/A/login
0x00007ffc1218b000 	/System/Library/PrivateFrameworks/ManagedOrganizationContacts.framework/Versions/A/ManagedOrganizationContacts
0x00007ff8147f9000 	/System/Library/PrivateFrameworks/CloudDocs.framework/Versions/A/CloudDocs
0x00007ff826adf000 	/System/Library/PrivateFrameworks/ConfigurationProfiles.framework/Versions/A/ConfigurationProfiles
0x00007ffb20b21000 	/System/Library/PrivateFrameworks/DMCUtilities.framework/Versions/A/DMCUtilities
0x00007ffc10523000 	/System/Library/PrivateFrameworks/MDMClientLibrary.framework/Versions/A/MDMClientLibrary
0x00007ffc1b801000 	/System/Library/PrivateFrameworks/RemoteManagementProtocol.framework/Versions/A/RemoteManagementProtocol
0x00007ffd13be7000 	/usr/lib/libEndpointSecuritySystem.dylib
0x00007ff821281000 	/System/Library/PrivateFrameworks/SystemAdministration.framework/Versions/A/SystemAdministration
0x00007ff90a667000 	/System/Library/PrivateFrameworks/PowerlogControl.framework/Versions/A/PowerlogControl
0x00007ff818268000 	/System/Library/Frameworks/ServiceManagement.framework/Versions/A/ServiceManagement
0x00007ff90a669000 	/usr/lib/libUniversalAccess.dylib
0x00007ff82885b000 	/System/Library/PrivateFrameworks/FamilyControls.framework/Versions/A/FamilyControls
0x00007ff820b02000 	/System/Library/Frameworks/DirectoryService.framework/Versions/A/DirectoryService
0x00007ff8250c4000 	/System/Library/PrivateFrameworks/LoginUIKit.framework/Versions/A/Frameworks/LoginUICore.framework/Versions/A/LoginUICore
0x00007ff81b23d000 	/usr/lib/libodfde.dylib
0x00007ff828856000 	/System/Library/PrivateFrameworks/UniversalAccess.framework/Versions/A/Libraries/libUAPreferences.dylib
0x00007ff82887e000 	/System/Library/PrivateFrameworks/CommerceKit.framework/Versions/A/Frameworks/CommerceCore.framework/Versions/A/CommerceCore
0x00007ffb20ad5000 	/System/Library/PrivateFrameworks/DEPClientLibrary.framework/Versions/A/DEPClientLibrary
0x00007ffb20af2000 	/System/Library/PrivateFrameworks/DMCEnrollmentLibrary.framework/Versions/A/DMCEnrollmentLibrary
0x00007ff90a745000 	/System/Library/PrivateFrameworks/SetupAssistantFramework.framework/Versions/A/SetupAssistantFramework
0x00007ff8256aa000 	/System/Library/PrivateFrameworks/AuthKitUI.framework/Versions/A/AuthKitUI
0x00007ff825109000 	/System/Library/PrivateFrameworks/AppSSO.framework/Versions/A/AppSSO
0x00007ff919759000 	/System/Library/PrivateFrameworks/LocalAuthenticationUI.framework/Versions/A/LocalAuthenticationUI
0x00007ffc19ca4000 	/System/Library/PrivateFrameworks/PlatformSSO.framework/Versions/A/PlatformSSO
0x00007ff91a141000 	/System/Library/PrivateFrameworks/AOSUI.framework/Versions/A/AOSUI
0x00007ff90c231000 	/System/Library/Frameworks/ContactsUI.framework/Versions/A/ContactsUI
0x00007ff821d17000 	/System/Library/PrivateFrameworks/FamilyCircle.framework/Versions/A/FamilyCircle
0x00007ff9279b6000 	/System/Library/Frameworks/LinkPresentation.framework/Versions/A/LinkPresentation
0x00007ffc19d81000 	/System/Library/PrivateFrameworks/PlatformSSOCore.framework/Versions/A/PlatformSSOCore
0x00007ff90bf59000 	/System/Library/PrivateFrameworks/IASUtilities.framework/Versions/A/IASUtilities
0x00007ffc0be67000 	/System/Library/PrivateFrameworks/IASUtilitiesCore.framework/Versions/A/IASUtilitiesCore
0x00007ffc1042b000 	/System/Library/PrivateFrameworks/LocalAuthenticationCoreUI.framework/Versions/A/LocalAuthenticationCoreUI
0x00007ff912f78000 	/System/Library/Frameworks/LocalAuthentication.framework/Support/DaemonUtils.framework/Versions/A/DaemonUtils
0x00007ff91639b000 	/System/Library/PrivateFrameworks/BridgeXPC.framework/Versions/A/BridgeXPC
0x00007ff81b078000 	/System/Library/PrivateFrameworks/CoreBrightness.framework/Versions/A/CoreBrightness
0x00007ff913c60000 	/System/Library/PrivateFrameworks/CoreKDL.framework/Versions/A/CoreKDL
0x00007ff912405000 	/System/Library/PrivateFrameworks/EmbeddedOSSupportHost.framework/Versions/A/EmbeddedOSSupportHost
0x00007ffc24c05000 	/System/Library/PrivateFrameworks/SystemStatus.framework/Versions/A/SystemStatus
0x00007ff921838000 	/System/Library/PrivateFrameworks/StorageKit.framework/Versions/A/StorageKit
0x00007ffb09adf000 	/System/Library/Frameworks/DeviceCheck.framework/Versions/A/DeviceCheck
0x00007ffb0f166000 	/System/Library/Frameworks/FSKit.framework/Versions/A/FSKit
0x00007ffb211d6000 	/System/Library/PrivateFrameworks/DiskImages2.framework/Versions/A/DiskImages2
0x00007ffc102da000 	/System/Library/PrivateFrameworks/LiveFS.framework/Versions/A/LiveFS
0x00007ffd1143e000 	/System/Library/PrivateFrameworks/icloudMCCKit.framework/Versions/A/icloudMCCKit
0x00007ffb184f8000 	/System/Library/PrivateFrameworks/AppleAccountUI.framework/Versions/A/AppleAccountUI
0x00007ffb1c5e3000 	/System/Library/PrivateFrameworks/CloudSubscriptionFeatures.framework/Versions/A/CloudSubscriptionFeatures
0x00007ffa13644000 	/System/Library/PrivateFrameworks/PreferencePanesSupport.framework/Versions/A/PreferencePanesSupport
0x00007ff91a2e4000 	/System/Library/PrivateFrameworks/FindMyDeviceUI.framework/Versions/A/FindMyDeviceUI
0x00007ffd0f0ae000 	/System/Library/PrivateFrameworks/iCloudQuotaUI.framework/Versions/A/iCloudQuotaUI
0x00007ffa13804000 	/System/Library/PrivateFrameworks/CoreCDPUI.framework/Versions/A/CoreCDPUI
0x00007ff9147fe000 	/System/Library/PrivateFrameworks/CoreFollowUpUI.framework/Versions/A/CoreFollowUpUI
0x00007ff81d3b5000 	/System/Library/PrivateFrameworks/CoreFollowUp.framework/Versions/A/CoreFollowUp
0x00007ff92065b000 	/System/Library/PrivateFrameworks/IMCore.framework/Versions/A/IMCore
0x00007ff90a6cc000 	/System/Library/PrivateFrameworks/CoreCDP.framework/Versions/A/CoreCDP
0x00007ff827eae000 	/System/Library/PrivateFrameworks/AskPermission.framework/Versions/A/AskPermission
0x00007ff91825f000 	/System/Library/Frameworks/Quartz.framework/Versions/A/Quartz
0x00007ff92439a000 	/System/Library/PrivateFrameworks/CloudPhotoServicesConfiguration.framework/Versions/A/CloudPhotoServicesConfiguration
0x00007ff916ae1000 	/System/Library/PrivateFrameworks/CommerceKit.framework/Versions/A/CommerceKit
0x00007ff925bd5000 	/System/Library/PrivateFrameworks/FindMyMac.framework/Versions/A/FindMyMac
0x00007ff925abc000 	/System/Library/Frameworks/PreferencePanes.framework/Versions/A/PreferencePanes
0x00007ff919850000 	/System/Library/Frameworks/AddressBook.framework/Versions/A/AddressBook
0x00007ff826daf000 	/System/Library/PrivateFrameworks/AOSAccounts.framework/Versions/A/AOSAccounts
0x00007ff82127c000 	/System/Library/PrivateFrameworks/AppleSRP.framework/Versions/A/AppleSRP
0x00007ff912ea3000 	/System/Library/Frameworks/SafariServices.framework/Versions/A/SafariServices
0x00007ff8257e3000 	/System/Library/PrivateFrameworks/NetFSServer.framework/Versions/A/NetFSServer
0x00007ff9158cf000 	/System/Library/Frameworks/PDFKit.framework/Versions/A/PDFKit
0x00007ff926b79000 	/System/Library/PrivateFrameworks/EmailFoundation.framework/Versions/A/EmailFoundation
0x00007ff925b16000 	/System/Library/PrivateFrameworks/EmailCore.framework/Versions/A/EmailCore
0x00007ffa09c90000 	/System/Library/PrivateFrameworks/EmailAddressing.framework/Versions/A/EmailAddressing
0x00007ffa09c9c000 	/System/Library/PrivateFrameworks/Email.framework/Versions/A/Email
0x00007ffb144b4000 	/System/Library/Frameworks/TabularData.framework/Versions/A/TabularData
0x00007ffd14e81000 	/usr/lib/swift/libswiftPassKit.dylib
0x00007ffb1a0d4000 	/System/Library/PrivateFrameworks/BackgroundSystemTasks.framework/Versions/A/BackgroundSystemTasks
0x00007ffc104a6000 	/System/Library/PrivateFrameworks/LockdownMode.framework/Versions/A/LockdownMode
0x00007ff821d11000 	/System/Library/PrivateFrameworks/CommunicationsFilter.framework/Versions/A/CommunicationsFilter
0x00007ffa176cd000 	/System/Library/Frameworks/PassKit.framework/Versions/A/PassKit
0x00007ff82932f000 	/System/Library/PrivateFrameworks/PassKitCore.framework/Versions/A/PassKitCore
0x00007ffc1768c000 	/System/Library/PrivateFrameworks/PassKitMacHelperTemp.framework/Versions/A/PassKitMacHelperTemp
0x00007ffb178a5000 	/System/Library/PrivateFrameworks/AppIntentsServices.framework/Versions/A/AppIntentsServices
0x00007ff8269f8000 	/System/Library/PrivateFrameworks/CoreRecents.framework/Versions/A/CoreRecents
0x00007ff912fac000 	/System/Library/PrivateFrameworks/BiometricKit.framework/Versions/A/BiometricKit
0x00007ffc1c0fb000 	/System/Library/PrivateFrameworks/SEService.framework/Versions/A/SEService
0x00007ff827671000 	/System/Library/Frameworks/EventKit.framework/Versions/A/EventKit
0x00007ff918300000 	/System/Library/PrivateFrameworks/NearField.framework/Versions/A/NearField
0x00007ff919f79000 	/System/Library/PrivateFrameworks/FTClientServices.framework/Versions/A/FTClientServices
0x00007ffa1310f000 	/System/Library/PrivateFrameworks/DiagnosticRequest.framework/Versions/A/DiagnosticRequest
0x00007ffd13d1f000 	/usr/lib/libSESShared.dylib
0x00007ffc1c28c000 	/System/Library/PrivateFrameworks/STSXPCHelperClient.framework/Versions/A/STSXPCHelperClient
0x00007ffc24a0f000 	/System/Library/PrivateFrameworks/Symptoms.framework/Versions/A/Frameworks/SymptomPresentationFeed.framework/Versions/A/SymptomPresentationFeed
0x00007ffb18ea9000 	/System/Library/PrivateFrameworks/AppleMediaServicesKitInternal.framework/Versions/A/AppleMediaServicesKitInternal
0x00007ffc24789000 	/System/Library/PrivateFrameworks/SymptomShared.framework/Versions/A/SymptomShared
0x00007ffb1b816000 	/System/Library/PrivateFrameworks/CalendarDatabase.framework/Versions/A/CalendarDatabase
0x00007ffb1b76a000 	/System/Library/PrivateFrameworks/CalendarDaemon.framework/Versions/A/CalendarDaemon
0x00007ff826a4c000 	/System/Library/PrivateFrameworks/CalendarFoundation.framework/Versions/A/CalendarFoundation
0x00007ff826a07000 	/System/Library/PrivateFrameworks/iCalendar.framework/Versions/A/iCalendar
0x00007ffb20d3f000 	/System/Library/PrivateFrameworks/DataAccessExpress.framework/Versions/A/DataAccessExpress
0x00007ff90bde4000 	/System/Library/PrivateFrameworks/CoreDAV.framework/Versions/A/CoreDAV
0x00007ff82754a000 	/System/Library/PrivateFrameworks/CalDAV.framework/Versions/A/CalDAV
0x00007ff910611000 	/System/Library/PrivateFrameworks/TelephonyUtilities.framework/Versions/A/TelephonyUtilities
0x00007ff9148bc000 	/System/Library/Frameworks/CallKit.framework/Versions/A/CallKit
0x00007ffa1c964000 	/System/Library/PrivateFrameworks/IMTransferServices.framework/Versions/A/IMTransferServices
0x00007ff912d0f000 	/System/Library/PrivateFrameworks/IncomingCallFilter.framework/Versions/A/IncomingCallFilter
0x00007ffc151f2000 	/System/Library/PrivateFrameworks/NeighborhoodActivityConduit.framework/Versions/A/NeighborhoodActivityConduit
0x00007ffd13bbd000 	/usr/lib/libBASupport.dylib
0x00007ff9203f7000 	/System/Library/PrivateFrameworks/SpotlightReceiver.framework/Versions/A/SpotlightReceiver
0x00007ff919bf3000 	/usr/lib/libnfshared.dylib
0x00007ffa19fd1000 	/System/Library/PrivateFrameworks/PassKitUIFoundation.framework/Versions/A/PassKitUIFoundation
0x00007ff820b5d000 	/System/Library/Frameworks/MapKit.framework/Versions/A/MapKit
0x00007ffb0f12f000 	/System/Library/Frameworks/ExtensionKit.framework/Versions/A/ExtensionKit
0x00007ffc094c4000 	/System/Library/PrivateFrameworks/GeoAnalytics.framework/Versions/A/GeoAnalytics
0x00007ff913db5000 	/System/Library/PrivateFrameworks/SearchFoundation.framework/Versions/A/SearchFoundation
0x00007ff919c29000 	/System/Library/PrivateFrameworks/Navigation.framework/Versions/A/Navigation
0x00007ff922c4e000 	/System/Library/PrivateFrameworks/VectorKit.framework/Versions/A/VectorKit
0x00007ff90c012000 	/System/Library/PrivateFrameworks/VirtualGarage.framework/Versions/A/VirtualGarage
0x00007ff919dbd000 	/System/Library/Frameworks/ExternalAccessory.framework/ExternalAccessory
0x00007ff919dd6000 	/System/Library/PrivateFrameworks/IAP.framework/Versions/A/IAP
0x00007ff820e21000 	/System/Library/PrivateFrameworks/IOPlatformPluginFamily.framework/Versions/A/IOPlatformPluginFamily
0x00007ffb19f90000 	/System/Library/PrivateFrameworks/AvatarKit.framework/Versions/A/AvatarKit
0x00007ffb1a051000 	/System/Library/PrivateFrameworks/AvatarPersistence.framework/Versions/A/AvatarPersistence
0x00007ffc1b872000 	/System/Library/PrivateFrameworks/RemoteUI.framework/Versions/A/RemoteUI
0x00007ff820f25000 	/usr/lib/libCTGreenTeaLogger.dylib
0x00007ffb146c4000 	/System/Library/Frameworks/TipKit.framework/Versions/A/TipKit
0x00007ffa15793000 	/System/Library/PrivateFrameworks/AppleCVA.framework/Versions/A/AppleCVA
0x00007ffb1a050000 	/System/Library/PrivateFrameworks/AvatarKitContent.framework/Versions/A/AvatarKitContent
0x00007ff820f51000 	/System/Library/PrivateFrameworks/CoreAppleCVA.framework/Versions/A/CoreAppleCVA
0x00007ffc0f651000 	/System/Library/PrivateFrameworks/LiftUI.framework/Versions/A/LiftUI
0x00007ffb1c55d000 	/System/Library/PrivateFrameworks/CloudSettings.framework/Versions/A/CloudSettings
0x00007ff912943000 	/System/Library/PrivateFrameworks/CoreRoutine.framework/Versions/A/CoreRoutine
0x00007ff9213f9000 	/System/Library/PrivateFrameworks/Categories.framework/Versions/A/Categories
0x00007ffb1c964000 	/System/Library/PrivateFrameworks/Coherence.framework/Versions/A/Coherence
0x00007ff910514000 	/System/Library/PrivateFrameworks/CoreParsec.framework/Versions/A/CoreParsec
0x00007ffc17c1f000 	/System/Library/PrivateFrameworks/PegasusAPI.framework/Versions/A/PegasusAPI
0x00007ffc186d2000 	/System/Library/PrivateFrameworks/PegasusConfiguration.framework/Versions/A/PegasusConfiguration
0x00007ffc10484000 	/System/Library/PrivateFrameworks/LocalStatusKit.framework/Versions/A/LocalStatusKit
0x00007ff914a68000 	/System/Library/PrivateFrameworks/ContextKit.framework/Versions/A/ContextKit
0x00007ffb1d1d6000 	/System/Library/PrivateFrameworks/ContextKitCore.framework/Versions/A/ContextKitCore
0x00007ff919f7d000 	/System/Library/PrivateFrameworks/CharacterPicker.framework/Versions/A/CharacterPicker
0x00007ff912e12000 	/System/Library/PrivateFrameworks/ContactsDonation.framework/Versions/A/ContactsDonation
0x00007ff90c146000 	/System/Library/PrivateFrameworks/ContactsUICore.framework/Versions/A/ContactsUICore
0x00007ff91271f000 	/System/Library/PrivateFrameworks/DataDetectors.framework/Versions/A/DataDetectors
0x00007ff827538000 	/System/Library/Frameworks/MediaLibrary.framework/Versions/A/MediaLibrary
0x00007ff821d01000 	/System/Library/PrivateFrameworks/PersonaKit.framework/Versions/A/PersonaKit
0x00007ff90c135000 	/System/Library/PrivateFrameworks/PersonaUI.framework/Versions/A/PersonaUI
0x00007ffc0c60f000 	/System/Library/PrivateFrameworks/InputToolKitUI.framework/Versions/A/InputToolKitUI
0x00007ffc0c5fa000 	/System/Library/PrivateFrameworks/InputToolKit.framework/Versions/A/InputToolKit
0x00007ffc24129000 	/System/Library/PrivateFrameworks/Stickers.framework/Versions/A/Stickers
0x00007ffc0c566000 	/System/Library/PrivateFrameworks/InputAnalytics.framework/Versions/A/InputAnalytics
0x00007ff91b5f9000 	/System/Library/PrivateFrameworks/EmojiFoundation.framework/Versions/A/EmojiFoundation
0x00007ffb2261d000 	/System/Library/PrivateFrameworks/FeedbackService.framework/Versions/A/FeedbackService
0x00007ff82199c000 	/System/Library/PrivateFrameworks/AddressBookCore.framework/Versions/A/AddressBookCore
0x00007ff914780000 	/System/Library/PrivateFrameworks/IntlPreferences.framework/Versions/A/IntlPreferences
0x00007ff9199c2000 	/System/Library/PrivateFrameworks/ToneKit.framework/Versions/A/ToneKit
0x00007ff9147c5000 	/System/Library/PrivateFrameworks/ToneLibrary.framework/Versions/A/ToneLibrary
0x00007ffb1d078000 	/System/Library/PrivateFrameworks/ContactsAccounts.framework/Versions/A/ContactsAccounts
0x00007ff9254db000 	/System/Library/PrivateFrameworks/Transparency.framework/Versions/A/Transparency
0x00007ff918183000 	/System/Library/PrivateFrameworks/Lookup.framework/Versions/A/Lookup
0x00007ffb129b6000 	/System/Library/Frameworks/QuickLookUI.framework/Versions/A/QuickLookUI
0x00007ffb13334000 	/System/Library/Frameworks/ScreenCaptureKit.framework/Versions/A/ScreenCaptureKit
0x00007ff915401000 	/System/Library/Frameworks/Quartz.framework/Versions/A/Frameworks/QuartzComposer.framework/Versions/A/QuartzComposer
0x00007ff914757000 	/System/Library/Frameworks/Quartz.framework/Versions/A/Frameworks/QuartzFilters.framework/Versions/A/QuartzFilters
0x00007ff913746000 	/System/Library/Frameworks/Quartz.framework/Versions/A/Frameworks/ImageKit.framework/Versions/A/ImageKit
0x00007ff911e54000 	/System/Library/PrivateFrameworks/CorePDF.framework/Versions/A/CorePDF
0x00007ff81eca0000 	/System/Library/Frameworks/QuickLook.framework/Versions/A/QuickLook
0x00007ff82923a000 	/System/Library/PrivateFrameworks/DisplayServices.framework/Versions/A/DisplayServices
0x00007ff9146bf000 	/System/Library/Frameworks/ImageCaptureCore.framework/Versions/A/ImageCaptureCore
0x00007ffd0b680000 	/System/Library/PrivateFrameworks/VisionKitCore.framework/Versions/A/VisionKitCore
0x00007ff9104e5000 	/System/Library/PrivateFrameworks/QuickLookSupport.framework/Versions/A/QuickLookSupport
0x00007ffc12a31000 	/System/Library/PrivateFrameworks/MediaAnalysisServices.framework/Versions/A/MediaAnalysisServices
0x00007ff9170c5000 	/System/Library/PrivateFrameworks/PhotoLibraryServices.framework/Versions/A/PhotoLibraryServices
0x00007ff9142e2000 	/System/Library/Frameworks/Photos.framework/Versions/A/Photos
0x00007ff927d9a000 	/System/Library/PrivateFrameworks/PhotosFormats.framework/Versions/A/PhotosFormats
0x00007ff9243ca000 	/System/Library/PrivateFrameworks/CloudPhotoLibrary.framework/Versions/A/CloudPhotoLibrary
0x00007ffa0d616000 	/System/Library/PrivateFrameworks/CloudPhotoServices.framework/Versions/A/CloudPhotoServices
0x00007ffa09dfe000 	/System/Library/PrivateFrameworks/CoreMediaStream.framework/Versions/A/CoreMediaStream
0x00007ff8226c4000 	/System/Library/PrivateFrameworks/CPAnalytics.framework/Versions/A/CPAnalytics
0x00007ff9261c7000 	/System/Library/PrivateFrameworks/MediaConversionService.framework/Versions/A/MediaConversionService
0x00007ff828ed8000 	/System/Library/PrivateFrameworks/PhotoFoundation.framework/Versions/A/PhotoFoundation
0x00007ffc18bf0000 	/System/Library/PrivateFrameworks/PhotoLibraryServicesCore.framework/Versions/A/PhotoLibraryServicesCore
0x00007ff91fe15000 	/System/Library/PrivateFrameworks/MMCS.framework/Versions/A/MMCS
0x00007ff827387000 	/System/Library/PrivateFrameworks/ChunkingLibrary.framework/Versions/A/ChunkingLibrary
0x00007ff821229000 	/System/Library/PrivateFrameworks/AssetCacheServices.framework/Versions/A/AssetCacheServices
0x00007ff823203000 	/System/Library/PrivateFrameworks/AVFoundationCF.framework/Versions/A/AVFoundationCF
0x00007ffa1c862000 	/usr/lib/swift/libswiftDemangle.dylib
0x00007ff9129a3000 	/System/Library/PrivateFrameworks/MediaStream.framework/Versions/A/MediaStream
0x00007ff926743000 	/System/Library/PrivateFrameworks/NeutrinoCore.framework/Versions/A/NeutrinoCore
0x00007ff811380000 	/System/Library/PrivateFrameworks/NLP.framework/Versions/A/NLP
0x00007ffa0c37e000 	/System/Library/PrivateFrameworks/PhotoImaging.framework/Versions/A/PhotoImaging
0x00007ffa0d5d6000 	/System/Library/PrivateFrameworks/PhotosImagingFoundation.framework/Versions/A/PhotosImagingFoundation
0x00007ffc196ef000 	/System/Library/PrivateFrameworks/PhotosIntelligenceCore.framework/Versions/A/PhotosIntelligenceCore
0x00007ff8236be000 	/System/Library/PrivateFrameworks/EmbeddedAcousticRecognition.framework/Versions/A/EmbeddedAcousticRecognition
0x00007ff92463a000 	/System/Library/PrivateFrameworks/SDAPI.framework/Versions/A/SDAPI
0x00007ffa0d623000 	/System/Library/PrivateFrameworks/AutoLoop.framework/Versions/A/AutoLoop
0x00007ffc1a082000 	/System/Library/PrivateFrameworks/Portrait.framework/Versions/A/Portrait
0x00007ffb18593000 	/System/Library/PrivateFrameworks/AppleDepth.framework/Versions/A/AppleDepth
0x00007ffb2304f000 	/System/Library/PrivateFrameworks/FusionTracker.framework/Versions/A/FusionTracker
0x00007ffb186c1000 	/System/Library/PrivateFrameworks/AppleDepthCore.framework/Versions/A/AppleDepthCore
0x00007ff914ebc000 	/System/Library/PrivateFrameworks/iTunesCloud.framework/Versions/A/iTunesCloud
0x00007ff91d595000 	/System/Library/PrivateFrameworks/DAAPKit.framework/Versions/A/DAAPKit
0x00007ffd14f1e000 	/usr/lib/swift/libswiftVideoToolbox.dylib
0x00007ff9107e8000 	/System/Library/PrivateFrameworks/DeviceManagement.framework/Versions/A/DeviceManagement
0x00007ffa1306f000 	/System/Library/PrivateFrameworks/ScreenTimeUI.framework/Versions/A/ScreenTimeUI
0x00007ff912719000 	/System/Library/PrivateFrameworks/QuickLookNonBaseSystem.framework/Versions/A/QuickLookNonBaseSystem
0x00007ff912ee1000 	/System/Library/PrivateFrameworks/Catalyst.framework/Versions/A/Catalyst
0x00007ffc12190000 	/System/Library/PrivateFrameworks/ManagedSettingsObjC.framework/Versions/A/ManagedSettingsObjC
0x00007ff914959000 	/System/Library/PrivateFrameworks/ScreenTimeCore.framework/Versions/A/ScreenTimeCore
0x00007ff9272d6000 	/System/Library/PrivateFrameworks/ScreenTimeServiceUI.framework/Versions/A/ScreenTimeServiceUI
0x00007ff91ffad000 	/System/Library/PrivateFrameworks/ConfigurationEngineModel.framework/Versions/A/ConfigurationEngineModel
0x00007ff922c03000 	/System/Library/PrivateFrameworks/UsageTracking.framework/Versions/A/UsageTracking
0x00007ffb0ef66000 	/System/Library/Frameworks/DeviceActivity.framework/Versions/A/DeviceActivity
0x00007ff922bd5000 	/System/Library/PrivateFrameworks/KnowledgeMonitor.framework/Versions/A/KnowledgeMonitor
0x00007ffa19f78000 	/System/Library/PrivateFrameworks/BluetoothManager.framework/Versions/A/BluetoothManager
0x00007ffb0fe6e000 	/System/Library/Frameworks/ManagedSettings.framework/Versions/A/ManagedSettings
0x00007ffc121c8000 	/System/Library/PrivateFrameworks/ManagedSettingsSupport.framework/Versions/A/ManagedSettingsSupport
0x00007ffa177ce000 	/System/Library/Frameworks/ReplayKit.framework/Versions/A/ReplayKit
0x00007ff908656000 	/System/Library/PrivateFrameworks/MarkupUI.framework/Versions/A/MarkupUI
0x00007ff9126f3000 	/System/Library/PrivateFrameworks/SidecarCore.framework/Versions/A/SidecarCore
0x00007ff9152b0000 	/System/Library/PrivateFrameworks/AnnotationKit.framework/Versions/A/AnnotationKit
0x00007ffb14807000 	/System/Library/Frameworks/Translation.framework/Versions/A/Translation
0x00007ffa0eee9000 	/System/Library/PrivateFrameworks/RevealCore.framework/Versions/A/RevealCore
0x00007ffa0eede000 	/System/Library/PrivateFrameworks/Reveal.framework/Versions/A/Reveal
0x00007ffc280ac000 	/System/Library/PrivateFrameworks/TranslationUIServices.framework/Versions/A/TranslationUIServices
0x00007ff9139a8000 	/System/Library/Frameworks/PencilKit.framework/Versions/A/PencilKit
0x00007ff913b73000 	/System/Library/PrivateFrameworks/SidecarUI.framework/Versions/A/SidecarUI
0x00007ff913273000 	/System/Library/PrivateFrameworks/CoreHandwriting.framework/Versions/A/CoreHandwriting
0x00007ff80b2f8000 	/usr/lib/libmecabra.dylib
0x00007ff90c585000 	/System/Library/PrivateFrameworks/Calculate.framework/Versions/A/Calculate
0x00007ff81a835000 	/usr/lib/libChineseTokenizer.dylib
0x00007ffa26f68000 	/System/Library/PrivateFrameworks/ScreenReaderCore.framework/Versions/A/ScreenReaderCore
0x00007ffc244a2000 	/System/Library/PrivateFrameworks/StocksKit.framework/Versions/A/StocksKit
0x00007ff90b769000 	/System/Library/PrivateFrameworks/OAuth.framework/Versions/A/OAuth
0x00007ffc2419e000 	/System/Library/PrivateFrameworks/StocksCore.framework/Versions/A/StocksCore
0x00007ffc25092000 	/System/Library/PrivateFrameworks/TeaFoundation.framework/Versions/A/TeaFoundation
0x00007ffc2521a000 	/System/Library/PrivateFrameworks/TeaSettings.framework/Versions/A/TeaSettings
0x00007ffa1dabf000 	/System/Library/PrivateFrameworks/NewsCore.framework/Versions/A/NewsCore
0x00007ffc2503f000 	/System/Library/PrivateFrameworks/TeaDB.framework/Versions/A/TeaDB
0x00007ffa1ae1e000 	/System/Library/PrivateFrameworks/RemoteConfiguration.framework/Versions/A/RemoteConfiguration
0x00007ffa1d6d8000 	/System/Library/PrivateFrameworks/NewsTransport.framework/Versions/A/NewsTransport
0x00007ffa1dab1000 	/System/Library/PrivateFrameworks/NewsFoundation.framework/Versions/A/NewsFoundation
0x00007ffc156d5000 	/System/Library/PrivateFrameworks/NewsURLBucket.framework/Versions/A/NewsURLBucket
0x00007ff916d05000 	/System/Library/PrivateFrameworks/MobileInstallation.framework/Versions/A/MobileInstallation
0x00007ffc272a2000 	/System/Library/PrivateFrameworks/TipKitCore.framework/Versions/A/TipKitCore
0x00007ff91b677000 	/System/Library/PrivateFrameworks/CoreCDPInternal.framework/Versions/A/CoreCDPInternal
0x00007ff90b6b5000 	/System/Library/PrivateFrameworks/AccountsDaemon.framework/Versions/A/AccountsDaemon
0x00007ffc1b523000 	/System/Library/PrivateFrameworks/RegulatoryDomain.framework/Versions/A/RegulatoryDomain
0x00007ffa13801000 	/System/Library/PrivateFrameworks/MachineSettings.framework/Versions/A/MachineSettings
0x00007ff925a41000 	/System/Library/PrivateFrameworks/BezelServices.framework/Versions/A/BezelServices
0x00007ff91d621000 	/System/Library/PrivateFrameworks/SPOwner.framework/Versions/A/SPOwner
0x00007ff916b45000 	/System/Library/PrivateFrameworks/FMCore.framework/Versions/A/FMCore
0x00007ffd0f014000 	/System/Library/PrivateFrameworks/iCloudQuota.framework/Versions/A/iCloudQuota
0x00007ff90c0aa000 	/System/Library/PrivateFrameworks/CoreRecognition.framework/Versions/A/CoreRecognition
0x00007ff925af2000 	/System/Library/PrivateFrameworks/InAppMessages.framework/Versions/A/InAppMessages
0x00007ffa25d8f000 	/System/Library/PrivateFrameworks/JetUI.framework/Versions/A/JetUI
0x00007ffc0f3b9000 	/System/Library/PrivateFrameworks/JetPack.framework/Versions/A/JetPack
0x00007ff925aea000 	/System/Library/PrivateFrameworks/InAppMessagesCore.framework/Versions/A/InAppMessagesCore
0x00007ffd0e76e000 	/System/Library/PrivateFrameworks/_JetEngine_SwiftUI.framework/Versions/A/_JetEngine_SwiftUI
0x00007ffc24a37000 	/System/Library/PrivateFrameworks/Synapse.framework/Versions/A/Synapse
0x00007ffb1b633000 	/System/Library/PrivateFrameworks/CSExattrCrypto.framework/Versions/A/CSExattrCrypto
0x00007ff828ee8000 	/System/Library/PrivateFrameworks/IMSharedUtilities.framework/Versions/A/IMSharedUtilities
0x00007ff920d29000 	/System/Library/Frameworks/InstantMessage.framework/Versions/A/InstantMessage
0x00007ff919753000 	/System/Library/PrivateFrameworks/IDSKVStore.framework/Versions/A/IDSKVStore
0x00007ff919592000 	/System/Library/PrivateFrameworks/IMDPersistence.framework/Versions/A/IMDPersistence
0x00007ffd14e28000 	/usr/lib/swift/libswiftAppleArchive.dylib
0x00007ffd09c32000 	/System/Library/PrivateFrameworks/UserSafety.framework/Versions/A/UserSafety
0x00007ffa19225000 	/System/Library/PrivateFrameworks/BlastDoor.framework/Versions/A/BlastDoor
0x00007ffb133b0000 	/System/Library/Frameworks/SensitiveContentAnalysis.framework/Versions/A/SensitiveContentAnalysis
0x00007ffc1016a000 	/System/Library/PrivateFrameworks/LinkPresentationStyleSheetParsing.framework/Versions/A/LinkPresentationStyleSheetParsing
0x00007ff912d6e000 	/System/Library/PrivateFrameworks/CoreSDB.framework/Versions/A/CoreSDB
0x00007ffb19afc000 	/System/Library/PrivateFrameworks/AskToCore.framework/Versions/A/AskToCore
0x00007ff917e84000 	/System/Library/PrivateFrameworks/StoreFoundation.framework/Versions/A/StoreFoundation
0x00007ff916b3f000 	/System/Library/PrivateFrameworks/ServerInformation.framework/Versions/A/ServerInformation
0x00007ff9165ad000 	/System/Library/PrivateFrameworks/Install.framework/Frameworks/DistributionKit.framework/Versions/A/DistributionKit
0x00007ff9102a5000 	/System/Library/PrivateFrameworks/PackageKit.framework/Versions/A/PackageKit
0x00007ff9165ce000 	/System/Library/PrivateFrameworks/OSPersonalization.framework/Versions/A/OSPersonalization
0x00007ff9183ce000 	/System/Library/PrivateFrameworks/BridgeOSSoftwareUpdate.framework/Versions/A/BridgeOSSoftwareUpdate
0x00007ff9131b4000 	/System/Library/PrivateFrameworks/StorageManagement.framework/Versions/A/StorageManagement
0x00007ff926ea1000 	/usr/lib/libauthinstall.dylib
0x00007ff9183d6000 	/System/Library/PrivateFrameworks/InstallerDiagnostics.framework/Versions/A/InstallerDiagnostics
0x00007ff927495000 	/usr/lib/libcrypto.42.dylib
0x00007ff9183be000 	/System/Library/PrivateFrameworks/GPUInfo.framework/Versions/A/GPUInfo
0x00007ff925bdb000 	/System/Library/PrivateFrameworks/MobileActivationMacOS.framework/Versions/A/MobileActivationMacOS
0x00007ff82266a000 	/System/Library/PrivateFrameworks/GenerationalStorage.framework/Versions/A/GenerationalStorage
0x00007ff81d7aa000 	/System/Library/PrivateFrameworks/CacheDelete.framework/Versions/A/CacheDelete
0x00007ff82590d000 	/System/Library/Frameworks/QuickLookThumbnailing.framework/Versions/A/QuickLookThumbnailing
0x00007ff82249a000 	/System/Library/Frameworks/FileProvider.framework/Versions/A/FileProvider
0x00007ff80f634000 	/System/Library/PrivateFrameworks/DesktopServicesPriv.framework/Versions/A/DesktopServicesPriv
0x00007ff811b5a000 	/System/Library/Frameworks/Accounts.framework/Versions/A/Accounts
0x00007ff91841e000 	/System/Library/PrivateFrameworks/AOSKit.framework/Versions/A/AOSKit
0x00007ff81ab24000 	/System/Library/PrivateFrameworks/AppSSOCore.framework/Versions/A/AppSSOCore
0x00007ff8250ca000 	/System/Library/PrivateFrameworks/AppSupport.framework/Versions/A/AppSupport
0x00007ff91220d000 	/System/Library/Frameworks/AVFoundation.framework/Versions/A/AVFoundation
0x00007ff825838000 	/System/Library/PrivateFrameworks/DuetActivityScheduler.framework/Versions/A/DuetActivityScheduler
0x00007ff912d15000 	/System/Library/PrivateFrameworks/FTServices.framework/Versions/A/FTServices
0x00007ff924304000 	/System/Library/PrivateFrameworks/NetworkServiceProxy.framework/Versions/A/NetworkServiceProxy
0x00007ff8235d7000 	/System/Library/PrivateFrameworks/Rapport.framework/Versions/A/Rapport
0x00007ffc24798000 	/System/Library/PrivateFrameworks/Symptoms.framework/Versions/A/Frameworks/SymptomAnalytics.framework/Versions/A/SymptomAnalytics
0x00007ff820e91000 	/usr/lib/libnetworkextension.dylib
0x00007ffa19dac000 	/System/Library/Frameworks/CryptoKit.framework/Versions/A/CryptoKit
0x00007ff8257d7000 	/System/Library/PrivateFrameworks/CryptoKitCBridging.framework/Versions/A/CryptoKitCBridging
0x00007ff823128000 	/System/Library/Frameworks/CryptoTokenKit.framework/Versions/A/CryptoTokenKit
0x00007ffa0dbb6000 	/usr/lib/swift/libswiftCryptoTokenKit.dylib
0x00007ff823189000 	/System/Library/Frameworks/LocalAuthentication.framework/Versions/A/LocalAuthentication
0x00007ffc1032a000 	/System/Library/PrivateFrameworks/LocalAuthenticationCore.framework/Versions/A/LocalAuthenticationCore
0x00007ff8231d9000 	/System/Library/Frameworks/LocalAuthentication.framework/Support/SharedUtils.framework/Versions/A/SharedUtils
0x00007ff821ea2000 	/System/Library/PrivateFrameworks/SymptomDiagnosticReporter.framework/Versions/A/SymptomDiagnosticReporter
0x00007ffb20a13000 	/System/Library/PrivateFrameworks/CryptoKitPrivate.framework/Versions/A/CryptoKitPrivate
0x00007ff8143e8000 	/System/Library/PrivateFrameworks/ApplePushService.framework/Versions/A/ApplePushService
0x00007ff912431000 	/System/Library/PrivateFrameworks/FindMyDevice.framework/Versions/A/FindMyDevice
0x00007ff811be0000 	/System/Library/PrivateFrameworks/CommonUtilities.framework/Versions/A/CommonUtilities
0x00007ffa08bf9000 	/System/Library/PrivateFrameworks/DeviceIdentity.framework/Versions/A/DeviceIdentity
0x00007ff81b23e000 	/System/Library/PrivateFrameworks/Bom.framework/Versions/A/Bom
0x00007ff81d314000 	/usr/lib/libParallelCompression.dylib
0x00007ff81d307000 	/System/Library/PrivateFrameworks/MultiverseSupport.framework/Versions/A/MultiverseSupport
0x00007ff829313000 	/System/Library/PrivateFrameworks/FMCoreLite.framework/Versions/A/FMCoreLite
0x00007ff818b33000 	/System/Library/PrivateFrameworks/AuthKit.framework/Versions/A/AuthKit
0x00007ff821fc5000 	/System/Library/PrivateFrameworks/DiskManagement.framework/Versions/A/DiskManagement
0x00007ff821edf000 	/System/Library/PrivateFrameworks/AppleIDAuthSupport.framework/Versions/A/AppleIDAuthSupport
0x00007ffb157a8000 	/System/Library/PrivateFrameworks/AAAFoundation.framework/Versions/A/AAAFoundation
0x00007ff81d7f9000 	/System/Library/PrivateFrameworks/KeychainCircle.framework/Versions/A/KeychainCircle
0x00007ff90ca5a000 	/System/Library/PrivateFrameworks/URLFormatting.framework/Versions/A/URLFormatting
0x00007ff825035000 	/usr/lib/libcsfde.dylib
0x00007ff81acaf000 	/usr/lib/libCoreStorage.dylib
0x00007ff81ec16000 	/System/Library/PrivateFrameworks/ProtectedCloudStorage.framework/Versions/A/ProtectedCloudStorage
0x00007ff825031000 	/System/Library/PrivateFrameworks/EFILogin.framework/Versions/A/EFILogin
0x00007ff90bd3e000 	/System/Library/PrivateFrameworks/CloudServices.framework/Versions/A/CloudServices
0x00007ff822694000 	/System/Library/PrivateFrameworks/OctagonTrust.framework/Versions/A/OctagonTrust
0x00007ff822d3c000 	/System/Library/PrivateFrameworks/AVFCore.framework/Versions/A/AVFCore
0x00007ff90a754000 	/System/Library/PrivateFrameworks/AVFCapture.framework/Versions/A/AVFCapture
0x00007ffb1b41e000 	/System/Library/PrivateFrameworks/CMImaging.framework/Versions/A/CMImaging
0x00007ff90a977000 	/System/Library/PrivateFrameworks/Quagga.framework/Versions/A/Quagga
0x00007ff90aaa6000 	/System/Library/PrivateFrameworks/CMCapture.framework/Versions/A/CMCapture
0x00007ff81d3e5000 	/System/Library/Frameworks/CoreMediaIO.framework/Versions/A/CoreMediaIO
0x00007ff825954000 	/System/Library/PrivateFrameworks/Espresso.framework/Versions/A/Espresso
0x00007ffb08624000 	/System/Library/PrivateFrameworks/ANECompiler.framework/Versions/A/ANECompiler
0x00007ff827ad8000 	/System/Library/PrivateFrameworks/AppleNeuralEngine.framework/Versions/A/AppleNeuralEngine
0x00007ffb10b32000 	/System/Library/Frameworks/MetalPerformanceShadersGraph.framework/Versions/A/MetalPerformanceShadersGraph
0x00007ffc10e18000 	/System/Library/PrivateFrameworks/MLCompilerServices.framework/Versions/A/MLCompilerServices
0x00007ff826940000 	/System/Library/PrivateFrameworks/ANEServices.framework/Versions/A/ANEServices
0x00007ff91819d000 	/usr/lib/libncurses.5.4.dylib
0x00007ff80de96000 	/usr/lib/libsandbox.1.dylib
0x00007ff81aca7000 	/usr/lib/libMatch.1.dylib
0x00007ffc10dba000 	/System/Library/PrivateFrameworks/MLCompilerRuntime.framework/Versions/A/MLCompilerRuntime
0x00007ffb1b34d000 	/System/Library/PrivateFrameworks/CMCaptureDevice.framework/Versions/A/CMCaptureDevice
0x00007ffb1bf84000 	/System/Library/PrivateFrameworks/CinematicFraming.framework/Versions/A/CinematicFraming
0x00007ff911e56000 	/System/Library/Frameworks/CoreMotion.framework/Versions/A/CoreMotion
0x00007ff920dfc000 	/System/Library/PrivateFrameworks/TimeSync.framework/Versions/A/TimeSync
0x00007ffb21385000 	/System/Library/PrivateFrameworks/DistributedSensing.framework/Versions/A/DistributedSensing
0x00007ff91c9aa000 	/System/Library/PrivateFrameworks/MobileBluetooth.framework/Versions/A/MobileBluetooth
0x00007ff81cfac000 	/System/Library/PrivateFrameworks/LocationSupport.framework/Versions/A/LocationSupport
0x00007ff92286e000 	/System/Library/PrivateFrameworks/IOKitten.framework/Versions/A/IOKitten
0x00007ff80f8ac000 	/System/Library/PrivateFrameworks/CoreDuet.framework/Versions/A/CoreDuet
0x00007ff824335000 	/System/Library/PrivateFrameworks/CoreDuetContext.framework/Versions/A/CoreDuetContext
0x00007ff91d53d000 	/System/Library/PrivateFrameworks/BiomeFoundation.framework/Versions/A/BiomeFoundation
0x00007ffb1a189000 	/System/Library/PrivateFrameworks/BiomeLibrary.framework/Versions/A/BiomeLibrary
0x00007ff920e7c000 	/System/Library/PrivateFrameworks/BiomeStreams.framework/Versions/A/BiomeStreams
0x00007ff9272dd000 	/System/Library/PrivateFrameworks/BiomePubSub.framework/Versions/A/BiomePubSub
0x00007ff81444b000 	/System/Library/Frameworks/CloudKit.framework/Versions/A/CloudKit
0x00007ff82438a000 	/System/Library/Frameworks/Intents.framework/Versions/A/Intents
0x00007ff826ade000 	/System/Library/PrivateFrameworks/CoreDuetDaemonProtocol.framework/Versions/A/CoreDuetDaemonProtocol
0x00007ff82696d000 	/System/Library/PrivateFrameworks/ProactiveSupport.framework/Versions/A/ProactiveSupport
0x00007ffc19fef000 	/System/Library/PrivateFrameworks/PoirotSchematizer.framework/Versions/A/PoirotSchematizer
0x00007ffb1a8a9000 	/System/Library/PrivateFrameworks/BiomeSync.framework/Versions/A/BiomeSync
0x00007ffb1a16a000 	/System/Library/PrivateFrameworks/BiomeFlexibleStorage.framework/Versions/A/BiomeFlexibleStorage
0x00007ffb1a150000 	/System/Library/PrivateFrameworks/BiomeDSL.framework/Versions/A/BiomeDSL
0x00007ff92733d000 	/System/Library/PrivateFrameworks/BiomeStorage.framework/Versions/A/BiomeStorage
0x00007ffc1a05e000 	/System/Library/PrivateFrameworks/PoirotUDFs.framework/Versions/A/PoirotUDFs
0x00007ffc19fc6000 	/System/Library/PrivateFrameworks/PoirotSQLite.framework/Versions/A/PoirotSQLite
0x00007ff8253bd000 	/System/Library/PrivateFrameworks/InternationalTextSearch.framework/Versions/A/InternationalTextSearch
0x00007ffc0ecc4000 	/System/Library/PrivateFrameworks/IntelligencePlatformLibrary.framework/Versions/A/IntelligencePlatformLibrary
0x00007ffb1bbec000 	/System/Library/PrivateFrameworks/CascadeSets.framework/Versions/A/CascadeSets
0x00007ff81e33e000 	/System/Library/PrivateFrameworks/IDS.framework/Versions/A/IDS
0x00007ff81cf37000 	/System/Library/PrivateFrameworks/IMFoundation.framework/Versions/A/IMFoundation
0x00007ff90c05e000 	/System/Library/PrivateFrameworks/Marco.framework/Versions/A/Marco
0x00007ff81e50f000 	/System/Library/PrivateFrameworks/IDSFoundation.framework/Versions/A/IDSFoundation
0x00007ff908680000 	/System/Library/PrivateFrameworks/Engram.framework/Versions/A/Engram
0x00007ff908624000 	/usr/lib/libtidy.A.dylib
0x00007ff920929000 	/System/Library/PrivateFrameworks/FTAWD.framework/Versions/A/FTAWD
0x00007ffb13462000 	/System/Library/Frameworks/SharedWithYouCore.framework/Versions/A/SharedWithYouCore
0x00007ff825486000 	/System/Library/PrivateFrameworks/AppleAccount.framework/Versions/A/AppleAccount
0x00007ff8258b7000 	/System/Library/PrivateFrameworks/C2.framework/Versions/A/C2
0x00007ff815b4c000 	/System/Library/Frameworks/CoreLocation.framework/Versions/A/CoreLocation
0x00007ffb1c27c000 	/System/Library/PrivateFrameworks/CloudAssets.framework/Versions/A/CloudAssets
0x00007ff8258af000 	/System/Library/Frameworks/PushKit.framework/Versions/A/PushKit
0x00007ffa0f6c8000 	/usr/lib/swift/libswiftAVFoundation.dylib
0x00007ff91953e000 	/usr/lib/swift/libswiftCoreLocation.dylib
0x00007ff919550000 	/usr/lib/swift/libswiftCoreMIDI.dylib
0x00007ffa0dbb8000 	/usr/lib/swift/libswiftCoreMedia.dylib
0x00007ff81e7c7000 	/System/Library/PrivateFrameworks/Sharing.framework/Versions/A/Sharing
0x00007ff824a19000 	/System/Library/PrivateFrameworks/Apple80211.framework/Versions/A/Apple80211
0x00007ff817f97000 	/System/Library/Frameworks/CoreWLAN.framework/Versions/A/CoreWLAN
0x00007ff828c56000 	/System/Library/PrivateFrameworks/AssistantServices.framework/Versions/A/AssistantServices
0x00007ff8233db000 	/System/Library/PrivateFrameworks/SAObjects.framework/Versions/A/SAObjects
0x00007ff828889000 	/System/Library/PrivateFrameworks/MediaRemote.framework/Versions/A/MediaRemote
0x00007ff91875c000 	/System/Library/PrivateFrameworks/SiriInstrumentation.framework/Versions/A/SiriInstrumentation
0x00007ffc1d395000 	/System/Library/PrivateFrameworks/SiriAnalytics.framework/Versions/A/SiriAnalytics
0x00007ffc2251b000 	/System/Library/PrivateFrameworks/SiriTTSService.framework/Versions/A/SiriTTSService
0x00007ffc1dc12000 	/System/Library/PrivateFrameworks/SiriCrossDeviceArbitration.framework/Versions/A/SiriCrossDeviceArbitration
0x00007ff9163a5000 	/System/Library/PrivateFrameworks/FeedbackLogger.framework/Versions/A/FeedbackLogger
0x00007ffc1dc62000 	/System/Library/PrivateFrameworks/SiriCrossDeviceArbitrationFeedback.framework/Versions/A/SiriCrossDeviceArbitrationFeedback
0x00007ffc093c6000 	/System/Library/PrivateFrameworks/GenerativeModels.framework/Versions/A/GenerativeModels
0x00007ff90bed8000 	/System/Library/PrivateFrameworks/MediaServices.framework/Versions/A/MediaServices
0x00007ff81af1b000 	/System/Library/PrivateFrameworks/PersistentConnection.framework/Versions/A/PersistentConnection
0x00007ff81ee95000 	/System/Library/PrivateFrameworks/GeoServices.framework/Versions/A/GeoServices
0x00007ffc095cd000 	/System/Library/PrivateFrameworks/GeoServicesCore.framework/Versions/A/GeoServicesCore
0x00007ff90ca59000 	/System/Library/PrivateFrameworks/PhoneNumbers.framework/Versions/A/PhoneNumbers
0x00007ffb20e8a000 	/System/Library/PrivateFrameworks/Dendrite.framework/Versions/A/Dendrite
0x00007ffb19c18000 	/System/Library/PrivateFrameworks/AtomicsInternal.framework/Versions/A/AtomicsInternal
0x00007ff91a333000 	/usr/lib/libtailspin.dylib
0x00007ffa0d72f000 	/System/Library/PrivateFrameworks/Osprey.framework/Versions/A/Osprey
0x00007ffc21b48000 	/System/Library/PrivateFrameworks/SiriTTS.framework/Versions/A/SiriTTS
0x00007ff912e2c000 	/System/Library/Frameworks/NaturalLanguage.framework/Versions/A/NaturalLanguage
0x00007ffc20a98000 	/System/Library/PrivateFrameworks/SiriPowerInstrumentation.framework/Versions/A/SiriPowerInstrumentation
0x00007ff913ced000 	/System/Library/PrivateFrameworks/Trial.framework/Versions/A/Trial
0x00007ff913c71000 	/System/Library/PrivateFrameworks/TrialProto.framework/Versions/A/TrialProto
0x00007ffd094ed000 	/System/Library/PrivateFrameworks/UnifiedAssetFramework.framework/Versions/A/UnifiedAssetFramework
0x00007ffa1e3d5000 	/usr/lib/swift/libswiftNaturalLanguage.dylib
0x00007ffc2503d000 	/System/Library/PrivateFrameworks/TailspinSymbolication.framework/Versions/A/TailspinSymbolication
0x00007ffb20c0a000 	/System/Library/PrivateFrameworks/Darwinup.framework/Versions/A/Darwinup
0x00007ff926230000 	/System/Library/PrivateFrameworks/SignpostSupport.framework/Versions/A/SignpostSupport
0x00007ff912cfa000 	/System/Library/PrivateFrameworks/FeatureFlagsSupport.framework/Versions/A/FeatureFlagsSupport
0x00007ff925958000 	/System/Library/PrivateFrameworks/ktrace.framework/Versions/A/ktrace
0x00007ff9264ea000 	/System/Library/PrivateFrameworks/SampleAnalysis.framework/Versions/A/SampleAnalysis
0x00007ffa0eeb1000 	/System/Library/PrivateFrameworks/kperfdata.framework/Versions/A/kperfdata
0x00007ff81edb9000 	/usr/lib/libdscsym.dylib
0x00007ffa0f412000 	/System/Library/PrivateFrameworks/BulkSymbolication.framework/Versions/A/BulkSymbolication
0x00007ff8148d8000 	/System/Library/Frameworks/CoreML.framework/Versions/A/CoreML
0x00007ffa1c82f000 	/usr/lib/libedit.3.dylib
0x00007ff818694000 	/System/Library/Frameworks/MLCompute.framework/Versions/A/MLCompute
0x00007ffc10c88000 	/System/Library/PrivateFrameworks/MLAssetIO.framework/Versions/A/MLAssetIO
0x00007ffd14e63000 	/usr/lib/swift/libswiftMLCompute.dylib
0x00007ff80c3a1000 	/System/Library/PrivateFrameworks/LanguageModeling.framework/Versions/A/LanguageModeling
0x00007ff811115000 	/System/Library/PrivateFrameworks/Montreal.framework/Versions/A/Montreal
0x00007ff818fed000 	/usr/lib/libcmph.dylib
0x00007ffc09465000 	/System/Library/PrivateFrameworks/GenerativeModelsFoundation.framework/Versions/A/GenerativeModelsFoundation
0x00007ffc27575000 	/System/Library/PrivateFrameworks/TokenGeneration.framework/Versions/A/TokenGeneration
0x00007ffc09294000 	/System/Library/PrivateFrameworks/GenerativeFunctions.framework/Versions/A/GenerativeFunctions
0x00007ffc092d9000 	/System/Library/PrivateFrameworks/GenerativeFunctionsFoundation.framework/Versions/A/GenerativeFunctionsFoundation
0x00007ffc13a2b000 	/System/Library/PrivateFrameworks/ModelCatalog.framework/Versions/A/ModelCatalog
0x00007ffc1cd1d000 	/System/Library/PrivateFrameworks/SensitiveContentAnalysisML.framework/Versions/A/SensitiveContentAnalysisML
0x00007ffc0936e000 	/System/Library/PrivateFrameworks/GenerativeFunctionsInstrumentation.framework/Versions/A/GenerativeFunctionsInstrumentation
0x00007ffc1ae9f000 	/System/Library/PrivateFrameworks/PromptKit.framework/Versions/A/PromptKit
0x00007ffc1aa31000 	/System/Library/PrivateFrameworks/ProactiveDaemonSupport.framework/Versions/A/ProactiveDaemonSupport
0x00007ffc276eb000 	/System/Library/PrivateFrameworks/TokenGenerationCore.framework/Versions/A/TokenGenerationCore
0x00007ffd0ab66000 	/System/Library/PrivateFrameworks/VectorSearch.framework/Versions/A/VectorSearch
0x00007ffc13ced000 	/System/Library/PrivateFrameworks/ModelManagerServices.framework/Versions/A/ModelManagerServices
0x00007ffb18797000 	/System/Library/PrivateFrameworks/AppleFlatBuffers.framework/Versions/A/AppleFlatBuffers
0x00007ff90c44f000 	/System/Library/PrivateFrameworks/ProactiveEventTracker.framework/Versions/A/ProactiveEventTracker
0x00007ffb157c1000 	/System/Library/PrivateFrameworks/AAAFoundationSwift.framework/Versions/A/AAAFoundationSwift
0x00007ff82561b000 	/System/Library/PrivateFrameworks/AppleIDSSOAuthentication.framework/Versions/A/AppleIDSSOAuthentication
0x00007ff920108000 	/usr/lib/swift/libswiftCompression.dylib
0x00007ffc1ce7d000 	/System/Library/PrivateFrameworks/SentencePieceInternal.framework/Versions/A/SentencePieceInternal
0x00007ff8212bc000 	/System/Library/Frameworks/Vision.framework/Versions/A/Vision
0x00007ffb206a9000 	/System/Library/PrivateFrameworks/CoreSceneUnderstanding.framework/Versions/A/CoreSceneUnderstanding
0x00007ffd0b635000 	/System/Library/PrivateFrameworks/VisionCore.framework/Versions/A/VisionCore
0x00007ff91b74c000 	/System/Library/Frameworks/Vision.framework/libfaceCore.dylib
0x00007ff91c457000 	/System/Library/PrivateFrameworks/Futhark.framework/Versions/A/Futhark
0x00007ff91fec2000 	/System/Library/PrivateFrameworks/InertiaCam.framework/Versions/A/InertiaCam
0x00007ff91c1d8000 	/System/Library/PrivateFrameworks/TextRecognition.framework/Versions/A/TextRecognition
0x00007ff81ab43000 	/System/Library/PrivateFrameworks/CVNLP.framework/Versions/A/CVNLP
0x00007ffb28037000 	/System/Library/PrivateFrameworks/GRDBInternal.framework/Versions/A/GRDBInternal
0x00007ff827861000 	/System/Library/PrivateFrameworks/RTCReporting.framework/Versions/A/RTCReporting
0x00007ff82589f000 	/System/Library/PrivateFrameworks/IntentsFoundation.framework/Versions/A/IntentsFoundation
0x00007ff81e090000 	/System/Library/Frameworks/NetworkExtension.framework/Versions/A/NetworkExtension
0x00007ff917d22000 	/System/Library/PrivateFrameworks/CaptiveNetwork.framework/Versions/A/CaptiveNetwork
0x00007ff824f3d000 	/System/Library/PrivateFrameworks/EAP8021X.framework/Versions/A/EAP8021X
0x00007ff9264b7000 	/System/Library/PrivateFrameworks/UIKitServices.framework/Versions/A/UIKitServices
0x000000017a841000 	/System/Library/Extensions/AGXMetalG14G.bundle/Contents/MacOS/AGXMetalG14G
0x00007ff90bd87000 	/System/Library/PrivateFrameworks/IOGPU.framework/Versions/A/IOGPU
0x00000001799f6000 	/Users/courtneysweeney/.p2/pool/plugins/org.eclipse.justj.openjdk.hotspot.jre.full.macosx.x86_64_21.0.9.v20251105-0741/jre/lib/libosxui.dylib
0x00007ffc25550000 	/System/Library/PrivateFrameworks/TextInputUI.framework/Versions/A/TextInputUI
0x00007ffc25570000 	/System/Library/PrivateFrameworks/TextInputUIMacHelper.framework/Versions/A/TextInputUIMacHelper
0x00007ffc1c3ca000 	/System/Library/PrivateFrameworks/Sage.framework/Versions/A/Sage

JVMTI agents: none


VM Arguments:
jvm_args: -Dfile.encoding=UTF-8 -Dstdout.encoding=UTF-8 -Dstderr.encoding=UTF-8 --module-path=/Users/courtneysweeney/git/prison-break-game/bin -XX:+ShowCodeDetailsInExceptionMessages -Djdk.module.main=prison_break_simulator 
java_command: prison_break_simulator/main.Main
java_class_path (initial): <not set>
Launcher Type: SUN_STANDARD

[Global flags]
     intx CICompilerCount                          = 4                                         {product} {ergonomic}
     uint ConcGCThreads                            = 2                                         {product} {ergonomic}
     uint G1ConcRefinementThreads                  = 8                                         {product} {ergonomic}
   size_t G1HeapRegionSize                         = 1048576                                   {product} {ergonomic}
    uintx GCDrainStackTargetSize                   = 64                                        {product} {ergonomic}
   size_t InitialHeapSize                          = 134217728                                 {product} {ergonomic}
   size_t MarkStackSize                            = 4194304                                   {product} {ergonomic}
   size_t MaxHeapSize                              = 2147483648                                {product} {ergonomic}
   size_t MaxNewSize                               = 1287651328                                {product} {ergonomic}
   size_t MinHeapDeltaBytes                        = 1048576                                   {product} {ergonomic}
   size_t MinHeapSize                              = 8388608                                   {product} {ergonomic}
    uintx NonNMethodCodeHeapSize                   = 5839372                                {pd product} {ergonomic}
    uintx NonProfiledCodeHeapSize                  = 122909434                              {pd product} {ergonomic}
    uintx ProfiledCodeHeapSize                     = 122909434                              {pd product} {ergonomic}
    uintx ReservedCodeCacheSize                    = 251658240                              {pd product} {ergonomic}
     bool SegmentedCodeCache                       = true                                      {product} {ergonomic}
     bool ShowCodeDetailsInExceptionMessages       = true                                   {manageable} {command line}
   size_t SoftMaxHeapSize                          = 2147483648                             {manageable} {ergonomic}
     bool UseCompressedOops                        = true                           {product lp64_product} {ergonomic}
     bool UseG1GC                                  = true                                      {product} {ergonomic}
     bool UseNUMA                                  = false                                     {product} {ergonomic}
     bool UseNUMAInterleaving                      = false                                     {product} {ergonomic}

Logging:
Log output configuration:
 #0: stdout all=warning uptime,level,tags foldmultilines=false
 #1: stderr all=off uptime,level,tags foldmultilines=false

Release file:
JAVA_VERSION="21.0.9"
MODULES="java.base java.compiler java.datatransfer java.xml java.prefs java.desktop java.instrument java.logging java.management java.security.sasl java.naming java.rmi java.management.rmi java.net.http java.scripting java.security.jgss java.transaction.xa java.sql java.sql.rowset java.xml.crypto java.se java.smartcardio jdk.accessibility jdk.internal.jvmstat jdk.attach jdk.charsets jdk.internal.opt jdk.zipfs jdk.compiler jdk.crypto.ec jdk.crypto.cryptoki jdk.dynalink jdk.internal.ed jdk.editpad jdk.hotspot.agent jdk.httpserver jdk.internal.le jdk.internal.vm.ci jdk.internal.vm.compiler jdk.internal.vm.compiler.management jdk.jartool jdk.javadoc jdk.jcmd jdk.management jdk.management.agent jdk.jconsole jdk.jdeps jdk.jdwp.agent jdk.jdi jdk.jfr jdk.jshell jdk.jsobject jdk.jstatd jdk.localedata jdk.management.jfr jdk.naming.dns jdk.naming.rmi jdk.net jdk.nio.mapmode jdk.random jdk.sctp jdk.security.auth jdk.security.jgss jdk.unsupported jdk.unsupported.desktop jdk.xml.dom"

Environment Variables:
PATH=/usr/bin:/bin:/usr/sbin:/sbin
SHELL=/bin/zsh
DISPLAY=/private/tmp/com.apple.launchd.3LvWJ9z903/org.xquartz:0
TMPDIR=/var/folders/s1/qjygxzzn1cj2t2wpj8zhqpkc0000gn/T/

Active Locale:
LC_ALL=C
LC_COLLATE=C
LC_CTYPE=C
LC_MESSAGES=C
LC_MONETARY=C
LC_NUMERIC=C
LC_TIME=C

Signal Handlers:
   SIGSEGV: crash_handler in libjvm.dylib, mask=11100110100111111111111111111111, flags=SA_ONSTACK|SA_RESTART|SA_SIGINFO, unblocked
    SIGBUS: crash_handler in libjvm.dylib, mask=11100110100111111111111111111111, flags=SA_RESTART|SA_SIGINFO, unblocked
    SIGFPE: crash_handler in libjvm.dylib, mask=11100110100111111111111111111111, flags=SA_RESTART|SA_SIGINFO, unblocked
   SIGPIPE: javaSignalHandler in libjvm.dylib, mask=11100110100111111111111111111111, flags=SA_RESTART|SA_SIGINFO, blocked
   SIGXFSZ: javaSignalHandler in libjvm.dylib, mask=11100110100111111111111111111111, flags=SA_RESTART|SA_SIGINFO, blocked
    SIGILL: crash_handler in libjvm.dylib, mask=11100110100111111111111111111111, flags=SA_RESTART|SA_SIGINFO, unblocked
   SIGUSR2: SR_handler in libjvm.dylib, mask=00000000000000000000000000000000, flags=SA_RESTART|SA_SIGINFO, blocked
    SIGHUP: UserHandler in libjvm.dylib, mask=11100110100111111111111111111111, flags=SA_RESTART|SA_SIGINFO, blocked
    SIGINT: UserHandler in libjvm.dylib, mask=11100110100111111111111111111111, flags=SA_RESTART|SA_SIGINFO, blocked
   SIGTERM: UserHandler in libjvm.dylib, mask=11100110100111111111111111111111, flags=SA_RESTART|SA_SIGINFO, blocked
   SIGQUIT: UserHandler in libjvm.dylib, mask=11100110100111111111111111111111, flags=SA_RESTART|SA_SIGINFO, blocked
   SIGTRAP: crash_handler in libjvm.dylib, mask=11100110100111111111111111111111, flags=SA_RESTART|SA_SIGINFO, unblocked


Periodic native trim disabled

---------------  S Y S T E M  ---------------

OS:
uname: Darwin 24.5.0 Darwin Kernel Version 24.5.0: Tue Apr 22 19:54:26 PDT 2025; root:xnu-11417.121.6~2/RELEASE_ARM64_T8112 x86_64
OS uptime: 44 days 18:35 hours
rlimit (soft/hard): STACK 8176k/65520k , CORE 0k/infinity , NPROC 1333/2000 , NOFILE 1048576/infinity , AS infinity/infinity , CPU infinity/infinity , DATA infinity/infinity , FSIZE infinity/infinity , MEMLOCK infinity/infinity , RSS infinity/infinity
load average: 10.23 9.17 10.19

CPU: (EMULATED) total 8 (initial active 8) (1 cores per cpu, 1 threads per core) family 6 model 44 stepping 0 microcode 0x0, cx8, cmov, fxsr, mmx, sse, sse2, sse3, ssse3, sse4.1, sse4.2, popcnt, tsc, tscinvbit, aes, clmul, clflush, rdtscp
machdep.cpu.brand_string:Apple M2
hw.cpufrequency:2400000000
hw.cpufrequency_min:2400000000
hw.cpufrequency_max:2400000000
hw.cachelinesize:64
hw.l1icachesize:131072
hw.l1dcachesize:65536
hw.l2cachesize:4194304

Memory: 4k page, physical 8388608k(38776k free), swap 14680064k(1248448k free)

vm_info: OpenJDK 64-Bit Server VM (21.0.9+10-LTS) for bsd-amd64 JRE (21.0.9+10-LTS), built on 2025-10-21T00:00:00Z by "admin" with clang Apple LLVM 15.0.0 (clang-1500.1.0.2.5)

END.
